centreline_id,avg_daily_vol,avg_weekday_daily_vol,avg_weekend_daily_vol,avg_wkdy_am_peak_vol,avg_wkdy_pm_peak_vol,avg_speed,avg_85th_percentile_speed,avg_95th_percentile_speed,avg_heavy_pct
117,92.0,92.0,,6.0,17.0,29.2,41.6,49.2,
127,3097.0,3097.0,,281.0,333.0,33.4,42.4,46.6,
131,2879.0,2879.0,,258.0,304.0,38.0,47.5,52.2,
140,12015.3,12015.3,,914.0,809.0,,,,
142,2784.0,2784.0,,186.0,315.0,39.5,47.2,51.4,
150,1272.0,1272.0,,113.0,161.0,40.2,47.7,51.7,
161,2072.0,2072.0,,158.0,206.0,35.5,46.5,49.9,
163,2937.0,2937.0,,287.0,333.0,41.5,49.1,54.0,
169,4458.0,4458.0,,389.0,415.0,33.5,39.1,43.1,
170,104.0,104.0,,8.0,15.0,29.4,41.1,44.9,
175,3484.0,3484.0,,296.0,376.0,35.2,42.9,47.2,
180,4005.0,4005.0,,325.0,380.0,33.3,39.4,43.5,
187,18273.0,18273.0,,1186.0,1298.0,55.7,64.4,69.9,
190,5193.0,5193.0,,497.0,537.0,,,,
193,3775.0,3775.0,,323.0,353.0,33.6,38.9,42.7,
201,476.7,476.7,,41.0,40.0,34.8,44.9,52.2,
202,349.3,349.3,,22.0,27.0,32.4,38.6,43.5,
203,5065.7,5065.7,,432.0,475.0,29.6,36.1,39.5,
206,1687.0,1687.0,,148.0,152.0,30.1,37.0,39.6,
211,12344.0,12344.0,,670.0,1054.0,,,,
214,2851.7,2851.7,,169.0,233.0,,,,
217,3652.3,3652.3,,262.0,311.0,28.8,34.3,38.2,
222,1825.3,1825.3,,162.0,169.0,31.7,38.4,41.7,
228,7635.6,7861.3,6733.0,504.0,678.0,28.4,34.2,38.5,
229,429.0,429.0,,44.0,41.0,36.7,44.3,49.1,
230,12074.3,12074.3,,955.0,812.0,,,,
234,1760.7,1760.7,,161.0,153.0,32.1,38.6,42.4,
237,888.0,888.0,,89.0,76.0,34.2,42.7,47.5,
241,3950.0,3950.0,,315.0,385.0,29.0,34.3,38.3,
242,19603.3,19603.3,,1663.0,1669.0,,,,
246,2678.5,2678.5,,231.0,218.0,,,,
250,1494.0,1494.0,,112.0,169.0,34.6,39.9,44.5,
253,2406.0,2406.0,,203.0,235.0,32.6,38.4,41.9,
256,14055.7,14055.7,,765.0,1122.0,44.1,52.2,57.5,
267,16984.0,16984.0,,1249.0,1367.0,,,,
270,16422.0,16422.0,,1538.0,1240.0,,,,
273,2588.3,2588.3,,373.0,152.0,,,,
274,1139.0,1139.0,,162.0,127.0,33.7,43.9,48.9,
278,793.7,793.7,,55.0,73.0,34.3,39.8,44.2,
280,345.5,345.5,,45.0,39.0,33.6,43.9,49.6,
284,39846.7,39846.7,,2721.0,2930.0,,,,
285,1515.3,1515.3,,280.0,179.0,38.9,47.2,53.5,
287,12630.0,12630.0,,986.0,828.0,57.3,65.0,73.2,
293,2930.7,2930.7,,211.0,267.0,32.4,38.9,43.0,
297,1378.0,1378.0,,173.0,159.0,39.7,47.7,52.7,
298,2422.7,2422.7,,173.0,199.0,28.0,37.7,42.2,
304,20303.0,20303.0,,1329.0,1494.0,,,,
305,2786.3,2786.3,,244.0,221.0,31.1,38.4,42.4,
316,254.0,254.0,,9.0,43.0,,,,
318,305.0,305.0,,27.0,32.0,30.2,38.1,42.4,
323,1522.0,1522.0,,255.0,163.0,38.4,46.5,49.8,
324,1499.0,1499.0,,253.0,180.0,38.9,47.1,53.0,
326,4511.7,4511.7,,310.0,406.0,34.3,39.9,44.3,
329,2265.3,2265.3,,113.0,248.0,,,,
330,6588.3,6588.3,,488.0,481.0,,,,
337,22574.0,22574.0,,1596.0,1738.0,,,,
344,987.0,987.0,,132.0,98.0,37.5,46.7,51.5,
347,2328.0,2328.0,,265.0,229.0,24.5,31.9,34.7,
349,219.0,219.0,,15.0,20.0,35.9,46.7,51.0,
350,875.0,875.0,,44.0,86.0,33.0,49.0,54.4,
372,774.0,774.0,,112.0,93.0,39.0,47.7,52.5,
377,1488.3,1488.3,,95.0,191.0,44.1,52.5,57.9,
378,155.7,155.7,,9.0,17.0,30.7,43.6,48.9,
379,500.3,500.3,,72.0,66.0,33.2,39.6,44.2,
384,1030.0,1030.0,,81.0,109.0,,,,0.035
391,2136.0,2136.0,,241.0,241.0,33.6,39.2,43.2,
406,2365.0,2365.0,,160.0,236.0,32.4,38.5,43.1,
410,3636.0,3636.0,,399.0,392.0,38.6,45.0,49.5,
414,11782.1,12000.6,11236.0,686.0,1031.0,,,,
415,11427.6,11956.4,10766.5,740.0,1005.0,,,,
417,1254.0,1254.0,,120.0,110.0,,,,0.034
426,5087.7,5087.7,,327.0,458.0,,,,
427,2426.0,2426.0,,216.0,280.0,36.0,43.6,48.5,
429,1212.0,1212.0,,104.0,100.0,39.1,47.7,52.8,
432,6813.0,6813.0,,512.0,656.0,,,,
444,15776.9,15546.6,16352.5,1118.0,1075.0,,,,
478,1219.3,1219.3,,62.0,158.0,35.2,42.9,48.0,
487,11568.0,11568.0,,1160.0,760.0,,,,
493,14497.0,14497.0,,1230.0,1262.0,,,,
494,3294.3,3294.3,,349.0,314.0,34.9,43.8,48.9,
500,17378.0,17378.0,,1100.0,1272.0,,,,
508,765.3,765.3,,50.0,103.0,38.5,47.7,52.7,
516,480.7,480.7,,48.0,62.0,27.4,38.9,43.3,
524,304.0,304.0,,23.0,41.0,29.6,42.2,47.6,
529,918.7,918.7,,87.0,90.0,31.7,38.6,42.0,
532,580.0,580.0,,58.0,63.0,,,,0.045
534,9425.7,9425.7,,557.0,819.0,,,,
536,11126.7,11126.7,,642.0,1057.0,,,,
538,1347.0,1347.0,,129.0,131.0,38.9,46.1,49.4,
540,12915.0,12915.0,,901.0,1057.0,,,,
548,24554.0,24554.0,,1951.0,1624.0,49.5,57.9,63.0,
551,392.3,392.3,,36.0,36.0,,,,
566,1151.0,1151.0,,57.0,91.0,38.1,49.7,54.7,
570,1503.7,1503.7,,170.0,165.0,31.0,37.8,40.0,
571,935.3,935.3,,87.0,88.0,35.0,42.5,47.1,
592,250.3,250.3,,17.0,25.0,,,,
605,1139.0,1139.0,,132.0,122.0,31.5,39.4,44.2,
609,1779.3,1779.3,,201.0,179.0,30.1,37.0,39.7,
610,601.7,601.7,,83.0,69.0,29.6,36.9,39.8,
613,1738.0,1738.0,,148.0,167.0,39.6,47.1,49.7,
637,1458.0,1458.0,,162.0,189.0,37.8,44.7,49.3,
649,22175.7,22175.7,,1305.0,1659.0,,,,
654,19364.6,18737.4,20932.5,1229.0,1650.0,,,,
656,3006.0,3006.0,,197.0,227.0,39.8,46.9,51.3,
672,799.0,799.0,,65.0,83.0,33.6,41.5,44.8,
673,1334.7,1334.7,,214.0,139.0,35.3,43.5,48.3,
677,1400.7,1400.7,,170.0,158.0,33.6,41.5,44.7,
680,4572.0,4572.0,,438.0,353.0,,,,
681,3221.7,3221.7,,326.0,253.0,,,,
686,6893.3,6893.3,,443.0,597.0,34.0,41.9,47.4,
695,7112.7,7112.7,,624.0,725.0,32.7,39.3,43.7,
701,225.0,225.0,,12.0,20.0,,,,
712,1980.0,1980.0,,148.0,179.0,38.1,44.8,49.0,
715,6917.7,6917.7,,603.0,657.0,32.8,39.4,43.7,
725,899.3,899.3,,78.0,87.0,38.3,46.1,49.6,
726,993.7,993.7,,75.0,87.0,33.5,40.0,44.5,
736,1821.7,1821.7,,175.0,238.0,40.5,51.2,61.7,
763,1053.5,1053.5,,79.0,97.0,32.5,43.6,48.3,
766,3074.3,3074.3,,220.0,331.0,,,,
774,9642.7,9642.7,,687.0,931.0,,,,
791,5825.0,5825.0,,438.0,488.0,35.7,43.1,47.6,
792,746.0,746.0,,61.0,85.0,34.5,41.3,44.7,
798,254.0,254.0,,21.0,24.0,34.7,47.1,52.7,
807,5921.0,5921.0,,564.0,590.0,40.5,47.6,49.9,
820,28961.0,28961.0,,2265.0,2328.0,,,,
832,904.0,904.0,,70.0,122.0,34.1,41.7,44.9,
836,659.3,659.3,,60.0,62.0,36.9,45.0,49.7,
841,19440.0,19440.0,,1434.0,1659.0,,,,
847,22020.0,22020.0,,1419.0,1786.0,59.5,67.0,71.8,
851,1669.0,1669.0,,169.0,204.0,40.2,48.5,53.2,
872,802.0,802.0,,75.0,93.0,34.9,43.0,47.3,
873,1390.3,1390.3,,136.0,147.0,31.6,38.6,42.3,
883,6090.7,6090.7,,525.0,546.0,35.6,42.3,46.0,
884,12864.3,12864.3,,1327.0,895.0,,,,
899,1405.0,1405.0,,153.0,140.0,29.0,35.0,39.4,
939,16596.7,16596.7,,826.0,1360.0,,,,
941,18833.3,18833.3,,1350.0,1485.0,38.0,48.4,53.2,
949,413.0,413.0,,31.0,35.0,30.7,41.6,49.4,
970,11041.3,11041.3,,746.0,812.0,38.4,44.0,48.4,
996,898.4,1116.0,354.5,148.0,148.0,32.8,41.1,46.5,
1003,3617.0,3617.0,,236.0,271.0,,,,
1006,354.3,354.3,,33.0,39.0,29.4,37.4,39.8,
1012,17026.7,17026.7,,793.0,1434.0,,,,
1013,4667.0,4667.0,,381.0,489.0,35.0,41.6,44.7,
1025,340.0,340.0,,16.0,39.0,27.4,36.6,41.5,
1034,15311.3,15311.3,,1041.0,1126.0,50.0,59.6,66.5,
1047,39286.7,39286.7,,2498.0,2545.0,,,,
1049,9319.0,9319.0,,735.0,670.0,38.2,48.1,52.6,
1050,749.0,749.0,,73.0,105.0,37.8,46.9,51.6,
1062,19537.0,19537.0,,1520.0,1118.0,,,,
1065,306.3,306.3,,26.0,56.0,35.9,44.0,49.3,
1069,2944.3,2944.3,,343.0,211.0,,,,
1076,17879.7,17879.7,,786.0,1622.0,,,,
1083,507.0,507.0,,62.0,57.0,29.2,37.0,39.6,
1090,759.0,759.0,,47.0,160.0,30.5,38.2,42.8,
1092,5333.7,5333.7,,387.0,618.0,,,,
1097,867.3,867.3,,52.0,130.0,36.3,44.4,49.5,
1104,613.0,613.0,,31.0,76.0,20.0,28.2,31.6,
1106,758.3,758.3,,41.0,69.0,,,,
1111,1057.0,1057.0,,87.0,91.0,38.1,46.8,51.4,
1115,37530.3,37530.3,,2054.0,2441.0,46.8,57.3,62.2,
1123,11327.0,11327.0,,844.0,888.0,,,,
1136,704.0,704.0,,55.0,85.0,39.2,49.3,55.0,
1151,12982.3,12982.3,,987.0,1433.0,,,,
1152,18847.3,19509.8,17191.0,1817.0,1218.0,,,,
1155,1520.3,1520.3,,119.0,185.0,,,,
1162,402.7,402.7,,33.0,56.0,32.2,41.4,47.0,
1164,18171.1,18968.4,16178.0,1570.0,1083.0,,,,
1178,3514.3,3514.3,,418.0,261.0,,,,
1181,307.3,307.3,,15.0,30.0,25.1,31.7,34.2,
1185,15080.3,15080.3,,961.0,1052.0,50.3,59.7,66.8,
1229,15667.0,15667.0,,1050.0,1356.0,44.6,53.1,58.0,
1233,826.0,826.0,,83.0,80.0,29.1,36.0,39.0,
1245,581.5,581.5,,51.0,56.0,38.2,47.9,52.6,
1256,15013.7,15013.7,,1638.0,1146.0,,,,
1258,8688.0,8688.0,,801.0,751.0,39.7,47.6,51.4,
1261,605.0,605.0,,38.0,61.0,34.7,43.8,48.4,
1273,8123.7,8123.7,,727.0,618.0,,,,
1277,538.0,538.0,,34.0,97.0,39.4,48.7,53.3,
1283,719.0,719.0,,38.0,65.0,36.2,46.1,49.9,
1289,33764.3,33764.3,,2489.0,2372.0,49.1,57.3,61.7,
1293,3698.0,3698.0,,166.0,295.0,36.9,43.4,47.7,
1298,400.5,400.5,,35.0,51.0,35.2,43.6,48.5,
1312,529.0,529.0,,32.0,63.0,31.7,39.6,46.4,
1316,13144.0,13144.0,,1196.0,839.0,,,,
1320,265.0,265.0,,31.0,20.0,30.9,41.3,46.9,
1324,3793.3,3793.3,,299.0,341.0,30.9,38.4,42.9,
1328,13749.3,13749.3,,952.0,1569.0,,,,
1330,738.0,738.0,,83.0,75.0,31.5,39.1,43.5,
1331,8017.7,8017.7,,579.0,570.0,,,,
1333,143.0,143.0,,14.0,15.0,31.0,42.1,49.1,
1340,539.7,539.7,,36.0,49.0,34.6,44.0,49.2,
1346,247.0,247.0,,23.0,29.0,27.6,37.8,43.7,
1354,8328.7,8328.7,,445.0,702.0,,,,
1364,3347.5,3347.5,,361.0,296.0,35.2,42.9,46.7,
1366,5224.0,5224.0,,667.0,340.0,,,,
1377,8413.7,8413.7,,617.0,561.0,,,,
1382,595.7,595.7,,33.0,68.0,31.8,41.1,44.9,
1386,949.0,949.0,,119.0,147.0,35.4,42.6,46.5,
1392,140.0,140.0,,12.0,15.0,31.2,39.0,43.8,
1395,6673.7,6673.7,,353.0,700.0,,,,
1409,919.3,919.3,,92.0,110.0,33.8,42.5,46.8,
1413,5252.7,5252.7,,285.0,602.0,,,,
1426,1177.7,1177.7,,163.0,151.0,36.7,44.3,49.1,
1431,623.7,623.7,,61.0,67.0,37.7,47.9,53.1,
1443,1445.7,1445.7,,189.0,165.0,33.7,39.8,44.5,
1449,4835.3,4835.3,,632.0,318.0,,,,
1454,2948.0,2948.0,,253.0,271.0,40.8,47.6,51.8,
1456,9059.0,9059.0,,600.0,660.0,,,,
1460,1383.0,1383.0,,151.0,130.0,30.8,37.3,39.5,
1468,6213.3,6213.3,,751.0,432.0,,,,
1475,2015.7,2015.7,,215.0,180.0,31.9,38.3,42.2,
1480,618.3,618.3,,45.0,61.0,33.8,43.6,49.0,
1482,4772.0,4772.0,,283.0,545.0,,,,
1485,232.0,232.0,,21.0,24.0,23.1,31.3,34.4,
1493,5590.7,5590.7,,306.0,624.0,,,,
1495,12980.0,12980.0,,897.0,1153.0,,,,
1524,2052.0,2052.0,,162.0,222.0,,,,
1525,1018.0,1018.0,,84.0,113.0,39.0,47.7,52.5,
1527,701.0,701.0,,72.0,65.0,38.7,48.6,54.1,
1540,811.7,811.7,,103.0,91.0,28.6,37.3,42.9,
1544,2612.7,2612.7,,189.0,199.0,,,,
1546,9667.0,9667.0,,550.0,907.0,,,,
1565,10028.3,10393.8,9114.5,780.0,789.0,,,,
1575,1017.3,1183.0,603.0,128.0,150.0,33.4,39.8,44.8,
1579,6283.0,6283.0,,686.0,407.0,,,,
1600,11714.0,11714.0,,871.0,939.0,34.8,43.5,47.6,
1602,504.0,504.0,,47.0,60.0,37.8,44.9,49.3,
1614,10014.7,10014.7,,687.0,799.0,40.6,48.6,53.4,
1618,327.3,327.3,,48.0,32.0,33.3,43.3,48.9,
1621,497.0,497.0,,47.0,42.0,28.3,34.8,39.4,
1634,10163.0,10163.0,,716.0,805.0,42.0,48.6,53.5,
1639,730.3,730.3,,69.0,78.0,35.9,43.3,47.6,
1650,451.7,451.7,,38.0,40.0,32.9,43.3,48.2,
1652,10612.9,11181.8,9190.5,740.0,865.0,34.9,41.3,44.5,
1664,4570.3,4570.3,,535.0,294.0,,,,
1668,262.7,262.7,,17.0,24.0,32.1,43.7,49.4,
1679,216.3,216.3,,17.0,26.0,28.6,39.0,44.0,
1680,428.7,428.7,,32.0,39.0,31.6,42.4,47.4,
1682,439.0,439.0,,46.0,58.0,36.3,44.3,49.5,
1686,6035.7,6035.7,,743.0,397.0,,,,
1687,4513.0,4513.0,,290.0,428.0,,,,
1697,6861.0,6861.0,,377.0,747.0,,,,
1703,651.5,651.5,,95.0,66.0,31.9,39.5,44.3,
1706,739.3,739.3,,93.0,76.0,33.5,42.6,48.0,
1712,7179.1,7252.8,7087.0,492.0,564.0,,,,
1713,7319.7,7319.7,,753.0,490.0,,,,
1721,381.0,381.0,,27.0,37.0,32.7,42.8,48.0,
1723,4613.7,4613.7,,387.0,428.0,,,,
1726,11067.0,11142.4,10878.5,702.0,783.0,,,,0.013
1748,9040.3,9040.3,,407.0,973.0,,,,
1750,8599.0,8599.0,,529.0,796.0,,,,
1751,2099.7,2099.7,,198.0,176.0,34.7,42.7,47.4,
1752,444.0,444.0,,44.0,43.0,33.5,43.6,48.6,
1757,521.7,521.7,,37.0,45.0,31.6,42.8,49.3,
1760,254.7,254.7,,36.0,32.0,37.1,45.0,51.6,
1763,9594.7,9594.7,,655.0,694.0,,,,
1768,2258.0,2258.0,,190.0,201.0,,,,
1780,301.3,301.3,,27.0,27.0,30.4,39.3,44.6,
1795,590.0,590.0,,116.0,61.0,26.5,37.2,42.2,
1803,443.0,443.0,,53.0,39.0,32.2,42.2,47.4,
1805,1654.0,1654.0,,154.0,167.0,,,,
1821,4358.0,4358.0,,338.0,359.0,,,,
1824,1416.7,1416.7,,108.0,187.0,32.4,39.7,44.8,
1827,408.3,408.3,,53.0,46.0,31.0,39.2,44.3,
1829,1023.3,1023.3,,61.0,95.0,28.4,34.9,39.3,
1830,257.7,257.7,,19.0,27.0,28.6,39.2,44.1,
1834,633.0,633.0,,74.0,80.0,25.9,33.1,36.0,
1835,1588.7,1588.7,,202.0,117.0,,,,
1841,17176.8,16202.5,18151.0,1043.0,1289.0,49.9,62.0,68.6,
1844,1043.3,1043.3,,88.0,104.0,30.6,37.0,39.6,
1846,9207.0,9207.0,,646.0,674.0,,,,
1847,1035.0,1035.0,,124.0,112.0,31.3,39.4,44.1,
1848,1904.7,1904.7,,144.0,237.0,32.5,38.7,42.7,
1849,421.7,421.7,,37.0,40.0,33.4,42.4,46.7,
1860,10598.7,10598.7,,598.0,826.0,,,,
1863,941.3,941.3,,76.0,92.0,26.7,32.8,36.0,
1872,7714.3,7714.3,,902.0,493.0,,,,
1873,1983.3,1983.3,,160.0,275.0,32.5,38.7,42.8,
1876,1661.7,1661.7,,129.0,152.0,37.4,44.3,48.9,
1880,11732.5,11732.5,,814.0,849.0,37.2,44.6,49.3,
1898,11196.0,11196.0,,753.0,815.0,34.9,43.7,48.4,
1899,16620.3,16929.2,15848.0,1125.0,1259.0,,,,
1901,2092.3,2092.3,,168.0,237.0,,,,
1907,7152.4,7487.8,6314.0,502.0,548.0,35.0,41.5,44.6,
1910,1398.0,1398.0,,99.0,133.0,33.5,41.2,44.8,
1911,212.7,212.7,,23.0,19.0,30.2,39.1,44.3,
1918,735.0,735.0,,64.0,78.0,34.9,43.4,49.2,
1928,327.0,327.0,,33.0,28.0,31.9,41.7,47.6,
1940,556.0,556.0,,68.0,57.0,36.8,44.7,51.1,
1971,10167.3,10167.3,,1034.0,655.0,,,,
7194,7765.0,7765.0,,526.0,564.0,,,,
7195,20504.0,20504.0,,1523.0,1453.0,,,,
7210,641.3,641.3,,48.0,88.0,34.3,43.1,48.6,
7215,1077.0,1077.0,,89.0,114.0,,,,
7216,859.0,859.0,,71.0,77.0,34.7,42.2,47.1,
7225,20935.3,20935.3,,1488.0,1607.0,,,,
7228,22989.3,22989.3,,1253.0,1300.0,42.3,52.5,58.2,
7236,569.5,569.5,,54.0,56.0,33.0,42.5,46.5,
7251,1157.7,1157.7,,124.0,106.0,34.5,47.4,53.7,
7261,862.3,862.3,,49.0,87.0,35.4,43.3,48.5,
7262,3317.0,3317.0,,346.0,382.0,33.6,41.0,44.8,
7268,23056.6,23363.8,22288.5,1171.0,1342.0,,,,0.173
7289,8837.0,8837.0,,552.0,727.0,,,,
7291,3555.0,3555.0,,391.0,434.0,33.5,41.1,44.8,
7298,2748.7,2939.6,2271.5,220.0,285.0,,,,0.08
7302,339.0,339.0,,45.0,40.0,24.6,32.8,36.3,
7305,582.3,582.3,,30.0,62.0,32.5,39.8,44.6,
7307,1978.0,1978.0,,223.0,251.0,40.8,49.6,56.1,
7316,506.5,506.5,,95.0,54.0,33.6,43.5,48.9,
7321,6901.7,6901.7,,532.0,534.0,,,,
7322,871.0,871.0,,75.0,90.0,35.5,47.3,53.0,
7328,7.0,7.0,,1.0,1.0,30.6,44.8,58.6,
7330,454.0,454.0,,47.0,50.0,31.7,38.7,42.3,
7335,838.0,939.0,686.5,187.0,127.0,32.5,41.8,46.7,
7338,6550.7,6550.7,,666.0,730.0,,,,
7340,379.7,379.7,,32.0,39.0,29.1,37.5,40.0,
7343,6364.7,6364.7,,465.0,537.0,33.3,41.0,44.7,
7352,4855.3,4855.3,,475.0,449.0,,,,
7353,6919.3,6919.3,,465.0,543.0,,,,
7359,3174.7,3412.0,2581.5,272.0,297.0,33.0,39.7,44.5,
7364,498.0,498.0,,60.0,50.0,31.8,39.6,43.9,
7366,573.0,573.0,,45.0,60.0,35.2,44.2,48.9,
7374,3443.0,3443.0,,317.0,378.0,36.1,43.3,48.1,
7396,440.0,440.0,,34.0,32.0,28.3,34.9,39.3,
7402,512.0,512.0,,68.0,55.0,32.2,39.2,44.0,
7416,719.0,719.0,,30.0,74.0,36.6,48.9,57.6,
7421,15962.7,15962.7,,965.0,1336.0,,,,
7427,5872.0,5872.0,,532.0,534.0,,,,
7434,1160.0,1160.0,,159.0,141.0,,,,
7442,19619.3,19619.3,,1211.0,1287.0,,,,
7449,8411.7,8411.7,,736.0,883.0,,,,
7463,10303.7,10303.7,,846.0,957.0,,,,
7464,1520.3,1520.3,,60.0,122.0,26.0,36.2,41.9,
7465,14460.0,14460.0,,1111.0,1255.0,46.7,54.2,59.1,
7471,9544.0,9544.0,,625.0,793.0,43.3,52.1,57.5,
7475,932.0,932.0,,119.0,98.0,35.6,42.6,47.2,
7477,11220.0,11220.0,,746.0,1023.0,,,,
7482,24378.3,24378.3,,1544.0,1532.0,,,,
7483,1882.0,1882.0,,150.0,186.0,35.5,44.5,49.7,
7485,480.0,480.0,,34.0,53.0,41.9,53.1,59.3,
7497,17121.0,17121.0,,1162.0,1354.0,,,,
7505,18694.3,18694.3,,1112.0,1425.0,,,,
7510,1535.0,1535.0,,166.0,155.0,30.5,36.9,39.5,
7511,1156.3,1156.3,,85.0,143.0,30.5,35.0,39.6,
7516,1224.0,1224.0,,86.0,111.0,41.6,49.5,54.7,
7517,743.0,743.0,,71.0,102.0,,,,0.026
7545,1718.0,1809.0,1445.0,214.0,160.0,34.9,42.5,47.4,
7554,1312.3,1312.3,,107.0,172.0,34.4,42.8,48.2,
7556,685.0,685.0,,44.0,66.0,42.0,51.8,57.1,
7557,1398.0,1398.0,,121.0,161.0,27.8,33.5,36.5,
7559,1546.3,1660.0,1205.0,197.0,151.0,35.5,43.2,48.2,
7560,2061.6,2211.0,1464.0,237.0,224.0,32.7,39.9,44.6,
7561,1129.0,1129.0,,120.0,102.0,40.1,49.3,54.7,
7562,1132.0,1132.0,,97.0,107.0,,,,0.021
7563,4212.0,4212.0,,299.0,460.0,43.9,52.1,56.4,
7590,9955.7,9955.7,,804.0,689.0,,,,
7598,882.0,882.0,,65.0,82.0,42.3,52.4,57.4,
7601,1815.7,1815.7,,155.0,197.0,33.3,41.5,46.4,
7602,1782.3,1782.3,,158.0,214.0,29.8,34.7,38.7,
7615,843.0,843.0,,72.0,106.0,36.3,43.6,48.3,
7622,12126.0,12540.6,11089.5,819.0,844.0,39.1,44.9,49.8,
7630,2052.3,2052.3,,259.0,263.0,32.6,39.5,43.8,
7631,1535.0,1535.0,,151.0,186.0,33.7,39.8,44.5,
7640,9112.0,9112.0,,486.0,716.0,,,,
7647,1840.0,1840.0,,240.0,219.0,31.0,39.6,44.4,
7652,2630.7,2630.7,,291.0,281.0,25.7,32.9,36.0,
7653,1018.0,1018.0,,67.0,88.0,38.8,47.5,53.2,
7655,950.0,950.0,,55.0,165.0,37.8,45.0,49.7,
7659,422.3,422.3,,67.0,34.0,30.9,39.8,44.5,
7661,1809.0,1809.0,,225.0,209.0,29.7,36.8,39.7,
7685,5667.7,5667.7,,396.0,527.0,46.0,53.9,59.5,
7690,1645.4,1799.7,1414.0,160.0,212.0,42.4,49.4,54.0,
7693,2502.0,2502.0,,241.0,306.0,36.8,43.6,48.5,
7694,1222.7,1222.7,,133.0,112.0,37.2,44.9,50.0,
7707,1650.0,1650.0,,120.0,167.0,23.2,28.7,29.8,
7714,969.0,969.0,,55.0,84.0,22.1,28.8,32.1,
7721,8860.3,8860.3,,601.0,666.0,,,,
7726,2879.0,2879.0,,353.0,297.0,32.1,38.4,42.1,
7727,1175.3,1175.3,,71.0,154.0,32.0,38.9,43.4,
7730,783.3,783.3,,77.0,99.0,34.9,44.1,49.2,
7736,760.0,760.0,,56.0,175.0,37.3,44.8,49.3,
7747,296.0,296.0,,33.0,29.0,31.9,42.5,48.3,
7748,20602.7,20602.7,,1225.0,1167.0,41.9,49.6,54.6,
7749,2247.0,2247.0,,344.0,265.0,29.8,34.6,38.6,
7751,333.0,333.0,,27.0,34.0,28.6,39.9,46.4,
7761,2416.7,2416.7,,172.0,220.0,32.6,39.0,43.2,
7773,491.0,491.0,,25.0,43.0,,,,
7774,6363.7,6363.7,,441.0,557.0,31.9,37.9,41.8,
7777,7667.3,7667.3,,435.0,553.0,,,,
7797,3255.0,3255.0,,262.0,268.0,,,,
7801,2264.0,2264.0,,330.0,219.0,42.4,51.3,56.4,
7803,695.7,695.7,,70.0,59.0,40.3,47.7,52.1,
7819,14280.0,14280.0,,1014.0,970.0,,,,
7821,900.0,900.0,,68.0,72.0,29.5,38.4,43.1,
7837,7217.3,7217.3,,564.0,767.0,,,,
7838,11787.3,11787.3,,809.0,909.0,,,,
7851,1490.0,1490.0,,134.0,116.0,38.0,44.9,52.1,
7852,832.3,832.3,,60.0,89.0,40.9,49.6,57.2,
7865,470.0,470.0,,29.0,55.0,40.9,51.2,57.1,
7874,824.0,824.0,,39.0,99.0,35.4,42.2,45.0,
7878,16181.3,16181.3,,1158.0,1084.0,52.8,62.1,67.3,
7879,32029.3,32029.3,,1987.0,2101.0,46.1,53.9,59.2,
7881,373.0,373.0,,27.0,36.0,33.5,43.5,49.0,
7885,564.0,564.0,,37.0,51.0,38.3,47.5,53.5,
7889,11932.3,11932.3,,868.0,904.0,44.9,53.0,58.2,
7892,341.3,341.3,,34.0,30.0,30.1,41.1,46.5,
7904,1795.7,1795.7,,164.0,146.0,34.3,42.4,46.8,
7911,15655.3,15655.3,,1064.0,1096.0,45.9,54.0,59.5,
7915,563.0,563.0,,100.0,54.0,31.6,39.2,44.5,
7919,3552.7,3552.7,,248.0,404.0,39.3,47.2,51.7,
7922,14696.0,14696.0,,905.0,1034.0,40.6,48.2,52.6,
7924,8938.3,8938.3,,837.0,752.0,,,,
7932,3253.7,3253.7,,308.0,303.0,,,,
7934,2123.0,2123.0,,277.0,230.0,34.9,42.7,47.5,
7937,258.0,258.0,,30.0,15.0,27.9,38.1,43.6,
7941,590.0,590.0,,55.0,69.0,27.3,34.7,39.2,
7947,400.7,400.7,,48.0,44.0,26.3,33.7,37.4,
7967,826.0,826.0,,89.0,92.0,37.7,44.7,49.4,
7968,6874.0,6874.0,,445.0,562.0,,,,
7975,1494.0,1494.0,,220.0,119.0,34.3,43.6,48.9,
7978,822.7,822.7,,105.0,101.0,32.4,39.9,46.3,
7982,2950.0,2950.0,,230.0,297.0,38.8,46.6,51.3,
7983,3794.3,3794.3,,339.0,328.0,34.6,41.6,44.7,
7993,296.5,296.5,,17.0,28.0,31.9,43.7,49.8,
8004,467.5,467.5,,32.0,50.0,38.1,48.4,54.0,
8011,250.0,250.0,,51.0,36.0,16.1,27.9,33.9,
8018,16708.0,16708.0,,1111.0,1188.0,,,,
8022,1279.3,1279.3,,148.0,141.0,40.7,48.0,52.2,
8035,369.0,369.0,,31.0,33.0,29.2,39.8,44.4,
8036,14706.0,14706.0,,1181.0,1158.0,,,,
8046,4591.0,4591.0,,359.0,331.0,40.4,47.2,50.0,
8047,16017.0,16017.0,,1161.0,1235.0,43.1,49.4,53.9,
8051,2813.3,2813.3,,227.0,228.0,,,,
8065,17305.5,17305.5,,1019.0,1295.0,49.1,58.4,63.8,
8067,1951.0,1951.0,,167.0,214.0,23.7,32.1,34.9,
8068,1662.5,1662.5,,173.0,164.0,34.5,43.8,49.6,
8089,14759.6,15142.4,13802.5,1097.0,1209.0,,,,
8096,8868.0,8868.0,,641.0,750.0,43.1,49.8,54.5,
8104,22321.7,22321.7,,1719.0,1659.0,,,,
8110,1171.0,1171.0,,120.0,126.0,33.8,42.2,46.1,
8113,1796.3,1796.3,,211.0,177.0,35.9,43.1,47.5,
8116,897.0,897.0,,73.0,97.0,28.4,34.5,38.6,
8123,882.5,882.5,,80.0,116.0,37.2,44.2,48.9,
8128,6905.7,6905.7,,661.0,528.0,,,,
8151,2201.3,2201.3,,228.0,240.0,36.2,42.9,47.3,
8163,8151.7,8151.7,,502.0,560.0,,,,
8171,13770.3,13770.3,,1033.0,1090.0,,,,
8173,1356.7,1356.7,,83.0,94.0,26.7,31.5,34.1,
8175,13789.4,14619.6,11714.0,1135.0,1073.0,,,,
8181,1600.3,1600.3,,115.0,169.0,,,,
8187,14322.0,14322.0,,958.0,1260.0,,,,
8189,3215.0,3215.0,,297.0,247.0,48.3,57.5,63.4,
8191,1917.0,1917.0,,216.0,208.0,28.2,34.2,38.1,
8192,1722.7,1722.7,,219.0,178.0,37.6,44.6,49.3,
8194,19050.7,19050.7,,1324.0,1232.0,27.9,33.5,34.9,
8196,412.3,412.3,,27.0,46.0,26.3,31.9,34.3,
8203,19877.0,19877.0,,1365.0,1330.0,35.5,44.5,49.4,
8206,551.3,551.3,,78.0,69.0,33.1,42.7,47.7,
8211,11693.0,11693.0,,799.0,842.0,44.8,52.9,58.0,
8232,7446.0,7446.0,,484.0,571.0,,,,
8249,817.7,817.7,,75.0,84.0,33.3,42.2,46.2,
8251,2672.0,2672.0,,281.0,313.0,34.1,39.8,44.4,
8255,12683.3,12683.3,,1057.0,1065.0,,,,
8258,2192.0,2192.0,,149.0,259.0,30.5,36.9,39.8,
8266,667.0,667.0,,101.0,67.0,31.0,43.1,48.7,
8272,1066.5,,1066.5,,,25.5,34.9,39.8,
8294,1027.7,1027.7,,105.0,102.0,32.8,39.9,44.7,
8310,7737.0,7737.0,,460.0,604.0,,,,
8312,38016.3,38016.3,,2932.0,2919.0,,,,
8323,350.0,350.0,,34.0,41.0,24.9,36.1,43.6,
8338,14407.0,14407.0,,1285.0,1000.0,,,,
8357,411.0,411.0,,7.0,44.0,33.8,44.2,49.9,
8371,733.0,733.0,,90.0,95.0,31.7,39.1,44.0,
8376,2773.3,2773.3,,309.0,299.0,40.5,47.9,52.6,
8391,532.0,532.0,,38.0,50.0,26.8,32.8,34.6,
8406,968.0,968.0,,125.0,112.0,28.6,36.4,39.8,
8422,1311.7,1311.7,,126.0,155.0,30.7,36.8,42.1,
8427,656.3,656.3,,51.0,61.0,32.2,39.9,46.7,
8433,10221.0,10221.0,,813.0,820.0,42.1,51.6,57.3,
8434,222.0,222.0,,31.0,33.0,34.8,42.6,46.7,
8435,515.0,515.0,,69.0,49.0,27.0,34.4,38.5,
8438,1633.3,1633.3,,161.0,163.0,22.7,29.3,33.5,
8442,1213.4,1226.3,1194.0,112.0,90.0,32.2,42.1,46.7,
8443,4566.0,4566.0,,226.0,433.0,,,,
8448,92.3,92.3,,7.0,13.0,19.0,28.9,34.1,
8462,646.2,665.7,617.0,59.0,69.0,34.4,43.9,49.7,
8463,10637.0,10637.0,,826.0,856.0,41.1,49.7,55.0,
8468,1094.0,1094.0,,114.0,97.0,24.8,34.2,38.7,
8478,260.7,260.7,,18.0,24.0,,,,
8496,1181.5,1181.5,,114.0,116.0,38.8,48.4,54.0,
8497,13.0,13.0,,1.0,2.0,13.1,20.3,37.4,
8512,1116.0,1116.0,,94.0,113.0,35.4,43.7,48.2,
8519,2872.7,2872.7,,146.0,302.0,31.0,39.0,46.4,
8526,1800.3,1800.3,,176.0,151.0,24.2,28.8,29.7,
8528,1458.7,1458.7,,128.0,149.0,,,,
8533,933.0,933.0,,108.0,119.0,30.4,36.9,39.5,
8534,613.5,613.5,,72.0,76.0,25.1,33.3,37.4,
8539,8381.3,8381.3,,479.0,700.0,,,,
8540,14362.7,14362.7,,1013.0,1249.0,,,,
8548,21663.0,21663.0,,1264.0,1282.0,55.0,67.0,73.4,
8583,1631.0,1631.0,,132.0,163.0,28.8,36.7,39.5,
8589,1759.0,1759.0,,187.0,167.0,41.2,51.2,56.2,
8594,1732.0,1732.0,,147.0,165.0,25.5,34.0,38.9,
8623,15844.0,15844.0,,999.0,1012.0,49.6,59.5,66.8,
8648,476.0,476.0,,29.0,47.0,27.3,34.8,39.7,
8650,2752.0,2752.0,,309.0,256.0,39.1,46.9,51.8,
8655,2268.0,2268.0,,211.0,266.0,40.1,47.1,49.8,
8672,1262.0,1262.0,,103.0,113.0,39.2,47.8,53.4,
8675,16781.0,16781.0,,1338.0,1278.0,,,,
8679,1210.3,1210.3,,96.0,131.0,24.0,28.9,29.8,
8680,649.0,723.0,575.0,103.0,65.0,29.3,36.1,39.7,
8685,1311.7,1311.7,,93.0,137.0,22.4,27.9,29.4,
8703,818.0,818.0,,113.0,80.0,27.1,34.9,39.7,
8705,851.0,851.0,,65.0,94.0,31.1,38.2,42.8,
8708,2393.0,2393.0,,121.0,266.0,34.8,39.9,44.2,
8714,7693.3,7693.3,,410.0,582.0,,,,
8715,1504.0,1504.0,,170.0,146.0,21.9,27.6,29.3,
8725,17354.7,17354.7,,1584.0,1493.0,,,,
8734,2090.0,2090.0,,166.0,194.0,35.7,42.9,47.2,
8735,1359.0,1359.0,,129.0,134.0,35.9,43.2,47.7,
8740,991.5,991.5,,95.0,97.0,36.2,43.6,47.7,
8745,11493.0,11493.0,,753.0,729.0,36.7,44.5,49.4,
8754,1293.0,1293.0,,96.0,125.0,32.8,41.2,46.4,
8761,20789.3,20789.3,,1264.0,1516.0,,,,
8769,583.0,583.0,,40.0,60.0,35.6,44.4,49.8,
8787,1827.0,1827.0,,99.0,145.0,30.1,38.1,43.3,
8791,334.7,355.6,282.5,35.0,29.0,27.7,38.1,43.5,
8798,7782.3,7782.3,,473.0,602.0,,,,
8803,1345.9,1375.4,1272.0,117.0,134.0,32.7,38.8,42.6,
8804,389.7,389.7,,29.0,33.0,29.3,39.4,44.7,
8819,501.5,501.5,,29.0,59.0,30.8,41.5,46.7,
8821,774.0,774.0,,74.0,78.0,29.2,38.0,42.4,
8829,1536.6,1561.4,1474.5,106.0,145.0,30.6,36.8,39.6,
8830,8628.0,8628.0,,527.0,655.0,45.5,53.2,57.8,
8837,16756.3,16756.3,,1074.0,1024.0,,,,0.149
8841,216.7,216.7,,19.0,22.0,27.4,37.1,41.4,
8842,1962.0,1962.0,,182.0,190.0,31.9,42.0,45.0,
8852,1767.0,1767.0,,146.0,164.0,34.6,42.7,48.1,
8859,10847.7,10847.7,,737.0,754.0,,,,
8869,501.3,501.3,,34.0,44.0,23.0,28.5,29.7,
8870,1169.5,1169.5,,132.0,122.0,30.3,37.0,39.9,
8871,934.0,934.0,,72.0,105.0,31.8,38.9,43.0,
8879,22857.7,22857.7,,1541.0,1655.0,,,,
8888,23458.7,23458.7,,1397.0,1747.0,,,,
8891,39766.0,39766.0,,2716.0,2680.0,43.9,54.1,59.5,
8920,320.9,329.0,300.5,24.0,30.0,31.4,41.9,47.4,
8923,1513.0,1513.0,,157.0,136.0,40.9,48.8,53.6,
8933,18161.3,18161.3,,1132.0,1140.0,41.1,48.9,53.7,
8937,4517.0,4517.0,,465.0,347.0,,,,
8950,9470.3,9470.3,,524.0,757.0,,,,
8982,3404.0,3404.0,,310.0,328.0,38.7,47.9,53.0,
8989,1814.0,1814.0,,212.0,159.0,30.5,38.0,41.9,
8992,20753.0,20753.0,,1347.0,1381.0,52.4,63.1,69.1,
8999,1318.0,1318.0,,110.0,159.0,30.5,38.9,44.1,
9025,9118.0,9118.0,,588.0,693.0,40.6,48.1,53.1,
9028,524.0,524.0,,53.0,76.0,37.4,44.8,52.0,
9051,9268.0,9268.0,,660.0,660.0,37.2,44.5,49.0,
9063,23465.0,23465.0,,1452.0,1851.0,49.2,59.4,64.7,
9070,28781.0,28781.0,,2147.0,2219.0,43.4,51.7,56.9,
9076,349.0,349.0,,25.0,34.0,32.6,42.1,46.9,
9087,509.0,509.0,,59.0,44.0,38.1,47.6,53.6,
9093,158.0,158.0,,12.0,24.0,27.6,36.5,39.6,
9097,4990.5,4990.5,,418.0,431.0,45.2,53.4,58.9,
9104,292.0,292.0,,25.0,26.0,34.5,46.7,52.2,
9105,4220.0,4220.0,,348.0,295.0,,,,
9107,3181.7,3181.7,,296.0,324.0,41.3,48.9,54.3,
9111,151.0,151.0,,9.0,17.0,26.0,39.1,44.8,
9158,23957.3,23957.3,,2093.0,2292.0,62.5,69.6,75.0,
9159,1790.7,1790.7,,161.0,169.0,31.7,37.6,39.8,
9198,650.5,650.5,,52.0,65.0,35.8,46.4,50.0,
9211,365.0,365.0,,32.0,36.0,36.3,46.0,52.9,
9212,337.0,337.0,,18.0,39.0,32.9,43.7,49.2,
9235,2844.7,2844.7,,157.0,237.0,,,,
9241,11268.0,11268.0,,778.0,898.0,,,,
9268,23273.0,23273.0,,2049.0,2248.0,61.3,69.3,74.8,
9283,7935.0,7935.0,,558.0,635.0,55.6,63.6,68.7,
9288,91.0,91.0,,3.0,9.0,31.0,39.0,43.7,
9302,24482.7,24482.7,,2226.0,2446.0,54.9,63.5,69.4,
9307,431.0,431.0,,40.0,45.0,33.2,43.5,48.8,
9309,9921.7,9921.7,,800.0,750.0,,,,
9321,199.0,199.0,,22.0,23.0,28.0,38.6,44.4,
9324,124.0,124.0,,17.0,19.0,22.5,33.5,41.3,
9326,10712.9,11200.6,9493.5,699.0,968.0,,,,
9333,427.5,427.5,,48.0,53.0,32.9,41.3,44.9,
9337,13901.7,13901.7,,1053.0,1080.0,,,,
9343,21288.0,21288.0,,1560.0,1627.0,49.3,57.5,62.9,
9348,16302.0,16302.0,,1220.0,1278.0,,,,
9356,14960.7,14960.7,,1294.0,1141.0,,,,
9359,26428.0,26428.0,,2165.0,2023.0,58.2,68.3,76.2,
9360,16824.0,16824.0,,1095.0,1360.0,,,,
9372,1001.0,1001.0,,89.0,88.0,27.8,36.3,39.8,
9379,2966.3,2966.3,,245.0,240.0,,,,
9384,1373.3,1373.3,,127.0,132.0,29.4,36.7,39.7,
9385,615.5,615.5,,40.0,58.0,35.7,44.1,48.9,
9390,41717.0,41717.0,,3190.0,3246.0,,,,
9402,16484.0,16484.0,,1191.0,1149.0,46.1,53.8,59.1,
9403,213.7,213.7,,32.0,21.0,26.0,34.6,38.8,
9404,899.3,899.3,,83.0,78.0,33.9,41.8,46.8,
9437,18042.0,18042.0,,1295.0,1257.0,47.8,56.4,61.4,
9466,728.0,728.0,,54.0,84.0,35.8,43.7,48.4,
9471,10883.0,10883.0,,867.0,883.0,,,,
9473,277.0,277.0,,28.0,32.0,33.2,42.6,48.8,
9476,1062.5,1062.5,,107.0,116.0,36.1,43.2,47.0,
9477,552.5,552.5,,82.0,70.0,27.7,37.6,41.9,
9485,1756.0,1756.0,,165.0,151.0,31.9,41.7,47.7,
9486,510.5,510.5,,79.0,76.0,28.6,37.6,42.0,
9488,18421.0,18421.0,,1159.0,1297.0,42.6,50.0,54.8,
9493,726.0,726.0,,51.0,84.0,34.5,42.3,46.6,
9497,1915.7,1915.7,,170.0,235.0,32.4,38.9,43.1,
9526,1600.7,1600.7,,216.0,154.0,,,,
9535,2925.5,2925.5,,230.0,253.0,36.8,43.7,48.0,
9542,382.7,382.7,,35.0,39.0,32.7,42.6,48.5,
9632,699.5,699.5,,69.0,68.0,36.4,46.9,52.5,
9641,343.0,343.0,,38.0,39.0,27.9,34.8,39.7,
9642,18287.0,18287.0,,1107.0,1323.0,48.2,58.2,63.5,
102817,780.6,828.4,661.0,67.0,105.0,56.7,67.3,74.3,
102823,2659.0,2659.0,,248.0,387.0,61.3,67.9,73.0,
102837,4839.6,4891.6,4709.5,404.0,447.0,61.3,69.7,76.8,
102845,10534.7,10534.7,,1388.0,560.0,,,,
102862,2678.7,2678.7,,242.0,386.0,74.4,79.4,129.2,
102865,90.3,90.3,,10.0,11.0,,,,
102880,2892.3,2892.3,,271.0,419.0,53.8,62.9,68.5,
102890,1111.3,1138.4,1043.5,88.0,117.0,56.6,64.8,72.4,
102924,8768.7,8768.7,,613.0,716.0,,,,
102929,4307.0,4307.0,,216.0,510.0,,,,
102933,34432.7,34432.7,,2184.0,2393.0,,,,
102934,4847.7,4847.7,,364.0,787.0,,,,
102945,2964.3,2964.3,,274.0,430.0,55.9,63.5,69.2,
102952,3427.0,3427.0,,265.0,279.0,34.0,41.9,44.7,
102954,6147.3,6147.3,,416.0,594.0,54.0,64.2,69.8,
102965,2081.0,2081.0,,245.0,246.0,30.4,38.3,42.3,
102974,5306.0,5306.0,,338.0,515.0,47.9,54.9,59.9,
103008,1419.7,1419.7,,141.0,205.0,40.2,47.0,49.8,
103009,3299.3,3299.3,,305.0,431.0,51.7,59.4,64.6,
103029,4524.5,4524.5,,379.0,433.0,43.7,52.1,57.1,
103051,797.7,797.7,,68.0,93.0,,,,
103052,10847.0,10847.0,,502.0,1228.0,,,,
103061,6335.3,6335.3,,644.0,656.0,,,,
103062,1213.7,1213.7,,126.0,112.0,,,,
103084,9486.9,10468.6,7032.5,1050.0,877.0,,,,
103107,4495.7,4495.7,,477.0,616.0,54.7,62.8,67.9,
103111,20002.3,20002.3,,1254.0,1441.0,,,,
103136,13224.0,13849.2,11661.0,877.0,1090.0,50.4,61.3,67.0,
103140,45170.0,45170.0,,3688.0,2798.0,,,,
103141,3691.0,3691.0,,620.0,486.0,,,,
103167,2046.0,2046.0,,147.0,208.0,45.1,50.0,54.6,
103190,2812.0,2812.0,,550.0,166.0,,,,
103197,43619.0,43619.0,,2855.0,3180.0,53.5,61.0,66.4,
103212,8165.7,8985.8,6115.5,668.0,837.0,62.2,69.8,77.3,
103246,8963.7,8963.7,,1046.0,632.0,,,,
103272,3656.0,3656.0,,451.0,230.0,46.3,54.6,59.7,
103273,29094.0,29094.0,,2344.0,2157.0,,,,
103284,2554.0,2554.0,,365.0,194.0,,,,
103294,6144.0,6144.0,,492.0,559.0,,,,
103308,2890.0,2890.0,,258.0,311.0,10.1,16.3,18.2,
103323,850.3,850.3,,120.0,73.0,,,,
103336,2868.0,2868.0,,301.0,248.0,36.0,42.2,44.7,
103337,4131.0,4131.0,,246.0,423.0,,,,
103340,2689.0,3355.0,1357.0,298.0,360.0,,,,
103343,177.7,177.7,,26.0,14.0,,,,
103352,2545.5,2545.5,,259.0,221.0,30.6,37.4,39.5,
103359,2716.0,2716.0,,270.0,213.0,,,,
103363,1472.3,1472.3,,39.0,166.0,,,,
103377,3105.0,3105.0,,297.0,314.0,36.5,43.4,47.8,
103384,4744.0,4744.0,,326.0,423.0,,,,
103399,2677.0,2677.0,,354.0,263.0,32.9,39.0,42.6,
103415,24624.0,24624.0,,2097.0,1571.0,,,,
103438,2571.7,2571.7,,264.0,214.0,,,,
103453,1954.0,1954.0,,188.0,162.0,44.5,53.5,59.4,
103454,3411.3,3411.3,,302.0,305.0,45.1,52.7,58.1,
103455,1620.0,1620.0,,174.0,140.0,38.3,47.2,51.8,
103458,10852.3,10852.3,,567.0,1157.0,,,,
103463,3028.0,3028.0,,223.0,315.0,37.6,44.1,48.9,
103472,8506.3,8506.3,,839.0,682.0,,,,
103479,11988.7,11988.7,,783.0,973.0,,,,
103481,1447.5,1447.5,,174.0,125.0,42.9,49.9,54.8,
103483,2416.0,2416.0,,233.0,208.0,52.3,59.0,63.6,
103488,5220.7,5220.7,,484.0,609.0,,,,
103505,3744.0,3744.0,,320.0,308.0,42.9,49.4,54.2,
103512,19007.0,19007.0,,1019.0,1312.0,56.0,64.7,71.5,
103526,27246.0,27246.0,,2207.0,1815.0,,,,
103531,6001.7,6001.7,,580.0,479.0,50.3,59.3,64.8,
103535,1600.0,1600.0,,189.0,151.0,38.4,46.1,49.5,
103539,2224.0,2224.0,,249.0,228.0,44.2,52.7,58.4,
103546,3819.7,3819.7,,246.0,327.0,,,,
103552,3446.0,3446.0,,338.0,490.0,,,,
103554,143.8,140.0,149.5,9.0,12.0,,,,
103571,4948.3,4948.3,,374.0,440.0,,,,
103584,2188.7,2188.7,,168.0,178.0,35.1,42.7,46.8,
103603,58501.3,58501.3,,3880.0,3963.0,,,,
103623,1816.0,1816.0,,224.0,156.0,40.7,47.4,51.2,
103633,20068.0,20068.0,,1830.0,1684.0,53.7,61.7,67.1,
103634,19345.0,19345.0,,1806.0,1630.0,,,,
103662,1317.0,1317.0,,160.0,124.0,36.2,43.6,48.3,
103678,1914.0,1914.0,,141.0,165.0,34.2,40.0,44.6,
103689,60186.0,60186.0,,4009.0,4148.0,,,,
103697,1000.7,1000.7,,98.0,112.0,34.1,41.8,45.0,
103706,814.0,814.0,,74.0,76.0,30.3,37.8,43.0,
103716,19819.3,19819.3,,1072.0,1424.0,65.0,72.3,78.4,
103739,3652.3,3652.3,,307.0,312.0,,,,
103748,2722.5,2722.5,,293.0,288.0,36.7,46.2,52.1,
103753,2392.7,2392.7,,164.0,213.0,39.6,46.7,49.9,
103767,1145.0,1145.0,,91.0,83.0,,,,
103788,18922.0,18922.0,,1591.0,1650.0,50.7,59.1,64.3,
103803,21009.1,22136.2,18191.5,1801.0,1502.0,,,,
103812,1136.0,1136.0,,95.0,116.0,33.7,44.5,49.7,
103816,2496.0,2496.0,,207.0,236.0,34.0,40.0,44.5,
103835,23595.3,23595.3,,1760.0,1921.0,61.1,69.9,76.6,
103837,1362.7,1362.7,,117.0,107.0,48.5,56.9,62.6,
103840,2584.0,2584.0,,202.0,211.0,35.4,42.0,45.0,
103869,4441.1,4778.5,3597.8,385.0,544.0,,,,
103895,23572.7,25505.8,18740.0,1493.0,2049.0,,,,
103918,404.0,404.0,,37.0,6.0,37.1,47.9,54.1,
103922,4392.5,4392.5,,361.0,394.0,42.3,50.0,56.2,
103942,1832.7,1832.7,,202.0,194.0,37.0,43.9,48.5,
103950,3146.3,3146.3,,301.0,227.0,,,,
103951,17225.3,17225.3,,1519.0,1117.0,,,,
103965,1228.5,1228.5,,143.0,115.0,40.2,48.2,52.9,
103968,2714.0,2714.0,,246.0,246.0,35.0,42.4,46.2,
103973,2884.3,2884.3,,401.0,200.0,,,,
104005,2259.5,2259.5,,208.0,204.0,38.4,48.6,53.9,
104022,2538.0,2538.0,,158.0,234.0,,,,
104025,3850.0,3850.0,,353.0,342.0,34.8,41.7,44.5,
104028,11392.7,11392.7,,1354.0,784.0,,,,
104034,5280.0,5280.0,,841.0,354.0,,,,
104044,15232.7,15232.7,,1513.0,1682.0,,,,
104078,6682.0,6682.0,,694.0,510.0,54.0,63.1,68.4,
104098,684.0,684.0,,42.0,72.0,34.9,44.7,49.9,
104104,3162.3,3162.3,,183.0,312.0,,,,
104115,1480.7,1480.7,,96.0,140.0,,,,
104120,1890.0,1890.0,,220.0,168.0,33.8,43.1,48.3,
104126,4134.3,4134.3,,413.0,366.0,,,,
104134,8734.9,9065.8,7907.5,788.0,757.0,,,,
104152,4928.3,4928.3,,531.0,717.0,,,,
104175,1462.0,1462.0,,101.0,114.0,,,,0.042
104183,3656.0,3656.0,,263.0,315.0,,,,
104189,2296.7,2296.7,,293.0,220.0,39.5,47.5,52.2,
104202,21494.0,21494.0,,1484.0,1725.0,54.4,62.2,67.2,
104203,4631.0,4631.0,,339.0,392.0,37.5,44.4,49.3,
104239,6559.3,6559.3,,648.0,718.0,,,,
104250,2681.0,2681.0,,150.0,206.0,,,,
104252,9970.3,9970.3,,561.0,1060.0,,,,
104254,1843.7,1843.7,,161.0,145.0,,,,
104260,13778.1,13937.6,13379.5,1197.0,905.0,,,,
104268,20674.0,20674.0,,1929.0,2151.0,,,,
104273,2152.0,2152.0,,182.0,179.0,,,,
104284,10877.0,10877.0,,719.0,1166.0,,,,
104296,1604.0,1604.0,,103.0,129.0,,,,
104303,990.0,990.0,,47.0,86.0,40.0,48.5,53.4,
104320,2971.7,2971.7,,242.0,245.0,43.4,51.5,54.7,
104326,784.7,784.7,,42.0,68.0,37.1,44.2,49.1,
104330,3170.0,3170.0,,336.0,267.0,38.4,44.9,49.7,
104342,17633.3,17633.3,,1378.0,1215.0,61.4,72.8,79.6,
104380,11065.7,11065.7,,1177.0,767.0,,,,
104381,2975.0,2975.0,,255.0,264.0,33.7,42.3,46.5,
104391,2961.0,2961.0,,251.0,257.0,,,,
104396,2478.0,2478.0,,253.0,197.0,40.3,48.3,53.2,
104405,1483.0,1483.0,,172.0,143.0,38.8,47.8,53.8,
104465,6135.7,6135.7,,548.0,513.0,,,,
104469,19920.5,19920.5,,1203.0,1440.0,53.7,61.8,67.4,
104477,3735.3,3735.3,,288.0,340.0,44.5,52.6,57.4,
104486,991.5,991.5,,132.0,85.0,37.2,53.3,63.2,
104501,20310.4,20745.8,19222.0,1326.0,1595.0,60.2,68.8,74.3,
104504,2111.0,2111.0,,182.0,201.0,43.1,52.4,58.0,
104519,2145.0,2145.0,,238.0,142.0,,,,
104541,887.3,887.3,,71.0,71.0,,,,
104542,3148.3,3148.3,,380.0,271.0,36.0,43.3,47.7,
104545,11491.4,11750.8,10843.0,911.0,949.0,,,,
104554,9781.0,9781.0,,857.0,881.0,67.8,74.4,79.8,
104582,1348.0,1348.0,,103.0,143.0,,,,
104592,3370.7,3370.7,,317.0,285.0,31.7,38.1,41.1,
104598,15146.0,15146.0,,1335.0,1240.0,52.5,61.4,66.7,
104602,1201.0,1201.0,,115.0,93.0,,,,
104603,2506.7,2506.7,,240.0,220.0,32.8,39.5,44.1,
104607,5565.0,5565.0,,428.0,505.0,55.6,64.0,69.9,
104610,21807.1,22493.0,20092.5,1426.0,1744.0,63.7,72.9,78.9,
104615,27052.0,27052.0,,1692.0,2068.0,59.0,67.3,72.7,
104630,9887.3,9887.3,,557.0,1184.0,,,,
104638,9048.0,9048.0,,754.0,627.0,61.7,71.2,77.0,
104640,969.3,969.3,,133.0,102.0,39.7,49.1,54.3,
104641,2810.0,2810.0,,228.0,266.0,40.1,47.9,53.0,
104674,1126.7,1126.7,,61.0,89.0,41.0,48.6,53.6,
104675,33963.3,33963.3,,2529.0,2538.0,,,,
104679,1247.0,1247.0,,158.0,104.0,31.0,39.0,43.6,
104686,18870.0,18870.0,,1784.0,1665.0,63.0,71.3,76.8,
104714,9777.3,9777.3,,1091.0,620.0,,,,
104728,2602.0,2602.0,,223.0,216.0,38.7,46.0,49.9,
104741,216.0,216.0,,28.0,26.0,28.2,37.9,44.0,
104756,5419.3,5419.3,,385.0,598.0,,,,
104759,5123.7,5123.7,,370.0,453.0,46.4,53.5,58.8,
104773,4550.3,5004.4,3415.0,685.0,374.0,,,,
104776,2633.0,2633.0,,252.0,284.0,32.7,38.7,42.7,
104788,4755.3,4755.3,,288.0,438.0,51.2,59.3,64.7,
104799,21059.3,21059.3,,1726.0,1433.0,,,,
104803,3773.7,3773.7,,305.0,309.0,28.2,36.3,39.6,
104805,12850.7,12850.7,,1883.0,695.0,,,,
104837,18205.0,18205.0,,1220.0,1419.0,55.9,64.0,69.5,
104842,5304.3,5304.3,,531.0,436.0,44.4,51.5,56.1,
104847,2259.0,2259.0,,314.0,184.0,36.8,44.2,49.6,
104870,34906.7,34906.7,,2335.0,2329.0,,,,
104876,1304.3,1304.3,,97.0,140.0,,,,
104887,2490.0,2490.0,,229.0,197.0,40.1,48.0,52.9,
104922,14773.3,14773.3,,942.0,1405.0,,,,
104923,38429.3,38429.3,,2674.0,2771.0,,,,
104926,5726.9,7455.0,1406.5,497.0,639.0,,,,
104938,20968.7,20968.7,,1667.0,1762.0,59.2,67.3,72.8,
104953,3230.3,3230.3,,281.0,287.0,,,,
104968,4116.0,4116.0,,441.0,316.0,,,,
104969,221.0,221.0,,20.0,22.0,24.1,34.1,38.0,
104973,9451.3,10453.8,6945.0,1092.0,952.0,,,,
104983,1346.0,1346.0,,197.0,176.0,34.5,42.7,46.7,
104988,17019.3,17019.3,,967.0,1344.0,,,,
104998,2061.0,2061.0,,281.0,171.0,38.7,49.5,54.6,
104999,4053.3,4053.3,,497.0,287.0,,,,
105003,14137.1,14873.0,12297.5,1115.0,1001.0,69.3,78.2,111.6,
105004,15091.3,15091.3,,1402.0,1297.0,,,,
105005,2280.3,2280.3,,149.0,175.0,,,,
105013,4740.7,4740.7,,594.0,280.0,,,,
105022,923.3,923.3,,135.0,91.0,,,,
105064,17425.9,17637.4,16897.0,1131.0,1244.0,,,,
105067,5024.0,5024.0,,157.0,687.0,,,,
105101,5235.0,5235.0,,396.0,593.0,37.9,44.4,49.0,
105106,8448.7,8448.7,,834.0,652.0,,,,
105127,788.0,788.0,,52.0,85.0,25.7,33.4,36.8,
105132,15381.7,15863.8,14176.5,1185.0,1101.0,60.2,68.5,73.9,
105133,35320.7,35320.7,,2724.0,2800.0,,,,
105136,1164.0,1164.0,,133.0,109.0,39.3,47.2,51.4,
105139,7913.7,7913.7,,586.0,655.0,61.5,68.7,74.3,
105153,25636.0,25636.0,,2189.0,1911.0,,,,
105172,1955.0,1955.0,,111.0,156.0,39.8,47.9,52.4,
105192,13007.0,13007.0,,1276.0,1289.0,,,,
105198,25193.3,25193.3,,2200.0,2159.0,,,,
105200,14513.0,14513.0,,1238.0,1261.0,43.5,52.6,57.6,
105201,1302.0,1302.0,,129.0,124.0,38.9,48.0,53.3,
105218,4245.3,4245.3,,318.0,371.0,35.6,42.0,44.7,
105222,6533.7,6533.7,,499.0,579.0,,,,
105242,5923.3,5923.3,,557.0,533.0,,,,
105246,956.0,956.0,,68.0,92.0,33.7,39.8,44.0,
105258,13291.5,13291.5,,772.0,878.0,52.6,62.0,67.1,
105263,15040.3,15040.3,,833.0,1445.0,,,,
105295,522.0,522.0,,57.0,45.0,42.6,53.2,62.2,
105301,2106.7,2106.7,,191.0,195.0,36.5,44.7,49.5,
105325,2059.0,2059.0,,131.0,168.0,38.4,46.7,49.9,
105332,2248.3,2248.3,,163.0,204.0,,,,
105333,4654.7,4654.7,,336.0,402.0,34.2,39.5,43.7,
105343,21867.0,21867.0,,1373.0,2022.0,,,,
105363,21747.0,21747.0,,1416.0,2271.0,64.5,73.4,78.6,
105367,2990.0,2990.0,,196.0,227.0,,,,
105379,13926.0,13926.0,,806.0,1306.0,,,,
105384,4428.3,4428.3,,399.0,331.0,,,,
105385,14822.0,14822.0,,838.0,1005.0,,,,
105390,16290.3,16290.3,,1229.0,1177.0,55.8,63.3,68.8,
105391,2054.6,2093.6,1957.3,85.0,202.0,,,,0.053
105411,2982.0,2982.0,,208.0,220.0,,,,
105416,546.0,546.0,,59.0,49.0,35.0,43.9,48.8,
105420,4338.3,4338.3,,355.0,359.0,,,,
105425,17855.0,17855.0,,1422.0,1334.0,,,,
105428,2573.3,2573.3,,236.0,219.0,,,,
105432,6447.3,6447.3,,370.0,528.0,44.7,52.3,57.3,
105445,2105.0,2105.0,,135.0,186.0,32.8,43.0,47.3,
105452,106.0,106.0,,18.0,9.0,24.7,36.6,46.7,
105456,5853.7,5853.7,,414.0,491.0,40.3,47.4,52.0,
105494,10491.6,10932.8,9388.5,767.0,870.0,51.2,58.0,62.5,
105501,789.0,789.0,,108.0,78.0,35.7,47.0,53.7,
105503,3422.0,3422.0,,286.0,273.0,37.6,47.2,52.6,
105506,8056.7,8056.7,,614.0,638.0,68.3,74.2,79.8,
105509,8219.3,8219.3,,1103.0,625.0,64.3,71.7,77.5,
105539,5266.0,5266.0,,750.0,325.0,,,,
105540,5083.7,5083.7,,490.0,448.0,,,,
105556,3976.3,3976.3,,387.0,331.0,,,,
105561,1686.0,1686.0,,104.0,171.0,40.9,49.4,56.2,
105568,1256.0,1256.0,,83.0,116.0,40.1,48.0,53.0,
105572,8162.3,8162.3,,592.0,754.0,33.4,43.5,48.6,
105583,2453.7,2453.7,,231.0,244.0,42.5,50.0,56.2,
105587,5670.7,5670.7,,381.0,481.0,,,,
105594,7069.3,7069.3,,592.0,620.0,,,,
105598,556.0,556.0,,54.0,57.0,36.9,44.9,51.1,
105605,15304.0,15304.0,,984.0,1389.0,,,,
105606,12224.0,12224.0,,1192.0,1148.0,49.9,57.4,61.9,
105616,15085.0,15085.0,,864.0,1093.0,,,,
105621,12017.0,12017.0,,1158.0,985.0,,,,
105628,2813.7,2813.7,,303.0,241.0,39.1,46.5,49.9,
105648,3921.7,3921.7,,349.0,393.0,48.5,56.1,59.9,
105649,14649.0,14649.0,,1179.0,1306.0,47.3,56.4,61.1,
105654,38105.7,38105.7,,2663.0,2765.0,,,,
105667,1608.7,1608.7,,242.0,189.0,45.8,54.4,62.0,
105681,2410.0,2410.0,,383.0,127.0,,,,
105682,5081.7,5081.7,,569.0,407.0,,,,
105710,3217.7,3217.7,,191.0,295.0,,,,
105722,24134.0,24134.0,,1529.0,1714.0,,,,
105740,486.0,486.0,,49.0,55.0,40.5,48.6,53.3,
105756,2544.3,2544.3,,170.0,194.0,38.7,47.6,52.6,
105771,490.0,490.0,,44.0,54.0,35.7,46.9,52.5,
105772,16656.7,16656.7,,824.0,1289.0,,,,
105774,12951.3,12951.3,,1295.0,1003.0,,,,
105793,2995.7,2995.7,,222.0,248.0,,,,
105795,18943.0,18943.0,,1619.0,1633.0,60.8,67.8,72.5,
105798,272.0,272.0,,16.0,26.0,44.5,54.3,59.7,
105803,425.5,425.5,,85.0,65.0,39.8,49.4,54.8,
105827,1250.0,1250.0,,109.0,109.0,37.9,47.8,53.2,
105862,1089.4,1099.8,1063.5,67.0,102.0,38.7,44.8,49.6,
105874,783.3,783.3,,64.0,77.0,,,,
105876,2045.0,2045.0,,171.0,202.0,44.9,53.1,58.1,
105884,2434.0,2434.0,,347.0,194.0,42.2,49.5,54.7,
105890,10113.7,11164.2,7487.5,756.0,1236.0,,,,
105894,1594.0,1594.0,,148.0,11.0,44.9,54.4,59.6,
105901,32037.3,32037.3,,2344.0,2403.0,,,,
105910,12040.3,12040.3,,895.0,944.0,,,,
105912,10459.3,10459.3,,997.0,881.0,45.2,56.7,62.6,
105923,2028.9,2221.0,1548.5,255.0,220.0,38.1,46.8,52.6,
105926,2306.0,2306.0,,241.0,235.0,41.9,49.4,54.5,
105928,21443.9,22356.2,19163.0,1775.0,1468.0,,,,
105938,14350.0,14350.0,,1147.0,1301.0,47.3,56.4,61.4,
105939,11106.0,11106.0,,1662.0,866.0,50.7,57.7,59.9,
105948,398.0,398.0,,48.0,67.0,35.1,42.4,46.5,
105952,2166.7,2166.7,,200.0,217.0,39.0,46.8,51.1,
105957,2738.0,2738.0,,150.0,304.0,59.4,67.2,72.7,
105961,4317.3,4317.3,,779.0,225.0,,,,
105962,2077.0,2077.0,,127.0,187.0,34.4,43.0,47.3,
105968,12498.0,12498.0,,1486.0,1069.0,48.2,58.9,63.9,
105972,865.0,865.0,,111.0,93.0,30.1,37.3,39.8,
105976,4161.3,4161.3,,283.0,259.0,42.8,49.7,54.7,
105978,2590.7,2590.7,,230.0,210.0,43.0,51.1,56.9,
105987,775.0,775.0,,67.0,79.0,41.3,49.1,54.5,
106008,2604.0,2604.0,,135.0,219.0,41.8,49.5,54.5,
106025,2613.0,2613.0,,361.0,201.0,45.9,53.8,59.1,
106026,288.0,288.0,,26.0,64.0,31.4,39.8,44.8,
106038,1687.0,1687.0,,257.0,184.0,45.3,52.6,57.7,
106039,15577.0,15577.0,,1227.0,1192.0,56.0,64.5,69.9,
106049,10872.1,11776.0,8612.5,1040.0,1080.0,,,,
106056,1505.0,1505.0,,149.0,144.0,39.0,46.6,49.9,
106059,1009.0,1009.0,,61.0,89.0,40.7,49.1,54.5,
106062,16929.0,16929.0,,1127.0,983.0,,,,
106064,12854.7,12854.7,,912.0,1270.0,,,,
106072,2070.3,2070.3,,204.0,203.0,,,,
106078,13502.7,13502.7,,1391.0,1010.0,,,,
106102,13931.0,13931.0,,1146.0,1252.0,46.3,54.7,59.8,
106103,1425.0,1425.0,,232.0,114.0,,,,
106112,852.0,852.0,,53.0,72.0,44.2,54.6,62.6,
106135,950.0,950.0,,65.0,102.0,46.3,56.8,63.9,
106140,976.7,976.7,,103.0,108.0,33.1,38.5,41.9,
106146,8380.7,8380.7,,1287.0,649.0,,,,
106154,1253.0,1253.0,,178.0,132.0,42.2,51.1,57.2,
106155,7204.3,7204.3,,794.0,586.0,,,,
106196,1304.0,1304.0,,113.0,127.0,43.8,51.6,56.6,
106209,1695.0,1695.0,,167.0,158.0,38.5,44.7,49.3,
106216,6983.0,6983.0,,440.0,787.0,,,,
106226,6167.3,6167.3,,1006.0,316.0,,,,
106249,1009.0,1009.0,,101.0,97.0,38.3,46.8,52.4,
106250,2812.3,2812.3,,440.0,215.0,,,,
106251,8748.7,9544.8,6758.5,921.0,720.0,,,,
106254,1910.7,1910.7,,328.0,232.0,33.6,41.6,47.5,
106256,30303.7,32382.6,25106.5,2124.0,2277.0,,,,
106262,12622.7,12622.7,,1298.0,986.0,,,,
106275,4322.0,4322.0,,500.0,385.0,63.4,71.8,77.6,
106276,9248.3,9248.3,,968.0,926.0,62.2,69.7,76.9,
106283,2026.0,2026.0,,202.0,206.0,39.3,47.2,51.8,
106289,1674.3,1674.3,,129.0,249.0,,,,
106290,2256.7,2452.6,1767.0,209.0,252.0,55.8,63.8,69.6,
106295,3727.7,3727.7,,361.0,462.0,46.7,56.2,62.2,
106297,1148.0,1148.0,,69.0,101.0,44.4,53.5,58.3,
106304,12536.0,12536.0,,1083.0,1169.0,46.9,53.9,58.2,
106321,12461.7,12461.7,,961.0,1222.0,,,,
106322,312.3,312.3,,27.0,30.0,36.8,45.0,49.9,
106324,17189.0,17189.0,,945.0,1243.0,,,,
106329,116.3,116.3,,8.0,12.0,24.7,29.9,34.2,
106335,529.7,529.7,,117.0,65.0,29.0,39.6,44.7,
106337,8196.0,8196.0,,630.0,734.0,,,,
106342,2933.0,2933.0,,254.0,251.0,46.7,54.7,61.2,
106355,192.0,192.0,,12.0,28.0,30.2,39.9,44.3,
106365,12342.0,12342.0,,857.0,1231.0,,,,
106368,689.0,689.0,,130.0,113.0,34.2,42.6,48.2,
106377,3104.0,3104.0,,260.0,254.0,43.9,52.2,57.4,
106384,918.0,918.0,,67.0,93.0,38.2,45.0,49.6,
106386,2383.3,2383.3,,337.0,300.0,38.4,46.9,51.6,
106396,866.0,866.0,,128.0,102.0,34.5,42.7,47.1,
106397,523.0,523.0,,94.0,80.0,34.3,41.2,44.7,
106406,21025.0,21025.0,,1365.0,1716.0,,,,
106408,22660.7,23595.2,20324.5,1434.0,1582.0,,,,
106410,6060.3,6060.3,,442.0,598.0,,,,
106423,16183.0,17756.4,13560.7,979.0,1561.0,,,,
106431,3024.7,3024.7,,358.0,324.0,,,,
106435,1203.3,1203.3,,146.0,128.0,34.6,43.0,48.3,
106439,11989.0,11989.0,,1049.0,1169.0,48.8,54.5,59.1,
106442,565.5,565.5,,63.0,53.0,42.7,51.9,56.7,
106463,307.0,307.0,,27.0,30.0,36.8,47.2,52.3,
106465,28818.0,28818.0,,1854.0,2010.0,61.6,69.2,76.0,
106476,3673.7,3673.7,,340.0,334.0,52.9,60.0,64.9,
106483,2524.7,2524.7,,251.0,244.0,,,,
106501,11268.0,11268.0,,983.0,820.0,51.1,58.7,64.1,
106517,33042.7,33042.7,,2234.0,2311.0,,,,
106520,496.0,496.0,,60.0,61.0,35.1,43.0,46.9,
106539,808.3,808.3,,121.0,102.0,33.2,42.5,47.5,
106550,3441.0,3441.0,,268.0,278.0,,,,
106555,9438.3,9438.3,,466.0,947.0,,,,
106579,17014.3,17014.3,,1550.0,1156.0,,,,
106591,8003.5,8003.5,,728.0,659.0,53.5,62.2,67.1,
106607,371.7,371.7,,28.0,33.0,38.0,48.4,54.4,
106612,10673.0,10673.0,,1472.0,548.0,,,,
106625,58641.7,58641.7,,3895.0,3911.0,,,,
106633,661.0,661.0,,73.0,62.0,41.0,49.6,54.7,
106636,3230.3,3230.3,,299.0,307.0,44.7,52.0,56.5,
106640,17701.0,17701.0,,1255.0,1065.0,,,,
106651,35454.0,35454.0,,2340.0,2610.0,,,,
106654,3622.0,3622.0,,387.0,480.0,44.3,51.8,57.2,
106662,621.3,621.3,,52.0,48.0,,,,
106663,10472.3,10472.3,,755.0,856.0,,,,
106670,10173.0,10173.0,,827.0,931.0,,,,
106671,6822.0,6822.0,,793.0,528.0,,,,
106682,1161.0,1161.0,,110.0,131.0,48.9,58.8,64.9,
106683,8731.7,8731.7,,660.0,709.0,51.4,62.4,68.8,
106691,609.0,609.0,,79.0,56.0,38.2,46.2,51.3,
106693,6328.0,6328.0,,720.0,716.0,55.0,64.5,69.7,
106694,3244.5,3244.5,,191.0,314.0,55.2,62.9,68.1,
106695,504.0,504.0,,60.0,46.0,34.4,42.4,46.7,
106696,1295.0,1295.0,,135.0,116.0,35.7,43.7,48.1,
106707,6749.7,6749.7,,524.0,797.0,,,,
106713,14522.0,15331.2,12499.0,1005.0,1220.0,,,,
106715,6831.3,6831.3,,609.0,567.0,51.4,58.6,63.6,
106743,599.0,599.0,,84.0,68.0,40.5,53.9,62.6,
106750,15374.3,15374.3,,782.0,1589.0,118.4,147.7,155.9,
106751,33778.0,33778.0,,2419.0,2487.0,,,,
106764,1605.7,1605.7,,209.0,196.0,33.0,42.1,47.2,
106765,4387.7,4387.7,,234.0,440.0,,,,
106766,1697.0,1697.0,,121.0,153.0,41.1,48.5,53.6,
106768,265.5,265.5,,68.0,48.0,28.3,38.2,43.6,
106769,3263.7,3263.7,,307.0,277.0,43.5,52.3,57.9,
106775,14012.7,14012.7,,969.0,1381.0,,,,
106776,9887.0,9887.0,,952.0,939.0,57.3,66.6,72.2,
106777,1363.7,1363.7,,105.0,112.0,,,,
106787,2403.0,2403.0,,140.0,208.0,42.7,49.2,54.1,
106788,1430.0,1430.0,,289.0,62.0,,,,
106790,6476.0,6476.0,,471.0,544.0,45.4,52.1,56.7,
106794,3862.0,3862.0,,234.0,356.0,,,,
106797,4050.0,4050.0,,217.0,437.0,,,,
106801,673.0,673.0,,67.0,73.0,40.6,48.9,54.3,
106824,281.3,281.3,,22.0,27.0,33.6,43.2,48.6,
106826,20601.4,21284.0,18895.0,1286.0,1544.0,,,,
106831,1569.0,1569.0,,157.0,143.0,29.0,43.7,49.0,
106839,4432.0,4432.0,,406.0,300.0,,,,0.056
106853,17071.8,17847.4,15779.0,1662.0,1222.0,,,,
106859,1282.3,1282.3,,240.0,77.0,,,,
106876,746.0,746.0,,58.0,76.0,35.8,43.2,48.7,
106883,1056.0,1056.0,,145.0,102.0,39.9,49.8,56.6,
106894,293.7,293.7,,22.0,26.0,36.1,45.0,52.0,
106895,2989.3,2989.3,,251.0,250.0,43.3,49.9,54.9,
106898,13774.0,13774.0,,873.0,1305.0,,,,
106920,35538.0,35538.0,,2727.0,2496.0,,,,
106923,13618.0,13618.0,,890.0,1309.0,,,,
106936,2584.0,2584.0,,139.0,218.0,,,,
106942,13008.7,13008.7,,861.0,1430.0,,,,
106957,30430.3,30430.3,,1952.0,1946.0,,,,
106959,15638.3,15638.3,,1090.0,1224.0,,,,
106971,22659.0,22659.0,,1535.0,1530.0,50.3,59.9,66.8,
106973,1452.0,1452.0,,142.0,133.0,42.3,49.4,54.7,
106975,26366.0,26366.0,,1931.0,1894.0,,,,
106978,5585.1,5912.0,4768.0,522.0,476.0,,,,
106979,10376.0,10376.0,,968.0,1064.0,44.9,53.3,57.9,
106992,4245.0,4245.0,,370.0,452.0,40.0,47.8,53.0,
107024,17342.0,17342.0,,1638.0,1549.0,59.2,67.6,72.8,
107028,4436.0,4436.0,,370.0,462.0,41.7,48.8,53.7,
107046,795.3,795.3,,154.0,49.0,,,,
107051,3100.0,3100.0,,353.0,276.0,41.9,49.4,54.5,
107054,5852.3,5852.3,,681.0,440.0,,,,
107055,10240.3,10240.3,,746.0,1081.0,52.8,59.4,65.0,
107057,1071.0,1071.0,,60.0,118.0,33.9,41.2,44.6,
107060,3477.0,3477.0,,334.0,293.0,,,,
107071,418.7,418.7,,25.0,35.0,35.7,44.2,49.4,
107072,5098.0,5098.0,,392.0,602.0,,,,
107073,346.0,346.0,,73.0,41.0,32.2,42.1,48.3,
107084,13914.0,13914.0,,1294.0,1142.0,,,,
107089,440.0,440.0,,46.0,44.0,36.3,44.5,48.8,
107096,5495.3,5495.3,,307.0,590.0,,,,
107097,23047.0,23047.0,,1483.0,1667.0,59.2,69.5,76.8,
107106,23892.0,23892.0,,1620.0,1553.0,,,,
107114,2084.7,2084.7,,177.0,185.0,,,,
107134,4603.3,4603.3,,592.0,330.0,,,,
107137,359.0,359.0,,41.0,51.0,38.7,48.9,54.2,
107138,669.0,669.0,,59.0,61.0,36.9,46.7,53.0,
107160,1246.0,1246.0,,152.0,145.0,50.7,57.3,61.4,
107169,23073.3,23073.3,,1278.0,1698.0,,,,
107180,7054.0,7054.0,,511.0,539.0,50.8,57.9,62.6,
107186,433.3,433.3,,34.0,44.0,35.7,44.1,49.3,
107192,10863.0,10863.0,,540.0,1020.0,,,,
107193,25749.3,25749.3,,1380.0,2259.0,,,,
107198,25307.3,25307.3,,2101.0,1863.0,,,,
107214,460.0,460.0,,34.0,53.0,39.4,48.9,54.4,
107216,7524.0,7524.0,,603.0,676.0,42.6,48.7,53.0,
107218,13702.7,13702.7,,955.0,1356.0,,,,
107225,11420.5,11420.5,,695.0,707.0,46.1,53.9,58.7,
107237,6249.0,6249.0,,401.0,628.0,,,,
107240,23545.7,23545.7,,1406.0,2041.0,,,,
107253,979.5,979.5,,82.0,97.0,,,,
107260,624.0,624.0,,35.0,74.0,36.8,44.7,49.7,
107262,23358.7,23358.7,,1625.0,1951.0,,,,
107265,6937.0,6937.0,,491.0,535.0,51.9,58.3,62.8,
107266,1095.0,1095.0,,106.0,111.0,35.6,44.5,49.8,
107307,21005.0,21005.0,,1654.0,1378.0,,,,
107319,2447.0,2447.0,,152.0,212.0,40.5,48.9,54.0,
107326,2274.3,2274.3,,220.0,249.0,38.3,44.1,48.4,
107336,1829.5,1829.5,,144.0,247.0,42.0,49.9,54.9,
107359,13214.3,13214.3,,753.0,945.0,55.6,64.2,69.8,
107360,15692.0,15692.0,,1180.0,1427.0,53.2,61.9,67.6,
107362,1440.0,1440.0,,164.0,136.0,40.4,48.8,53.8,
107363,145.0,145.0,,15.0,18.0,33.6,43.9,48.8,
107365,12170.0,12170.0,,854.0,1211.0,58.1,66.4,70.0,
107379,1202.3,1202.3,,111.0,134.0,37.1,44.1,48.9,
107392,1327.3,1327.3,,93.0,140.0,37.7,44.1,49.0,
107403,20747.0,20747.0,,1546.0,1791.0,59.0,68.4,74.2,
107413,18037.0,18037.0,,845.0,1958.0,,,,
107416,9415.3,9415.3,,1012.0,840.0,,,,
107417,8512.7,8512.7,,704.0,1405.0,,,,
107419,14171.1,14399.8,13599.5,932.0,1148.0,,,,
107427,18487.7,18487.7,,1359.0,1475.0,,,,
107442,4329.3,4329.3,,415.0,406.0,,,,
107445,638.0,638.0,,60.0,70.0,39.0,47.6,51.6,
107453,2014.7,2014.7,,210.0,201.0,38.3,47.7,53.2,
107455,20291.0,20291.0,,1869.0,1867.0,64.1,71.8,77.6,
107460,112.0,112.0,,14.0,18.0,29.3,39.6,44.8,
107479,1666.0,1666.0,,206.0,169.0,45.1,53.4,58.3,
107482,1394.0,1394.0,,285.0,114.0,38.5,44.8,49.1,
107490,20161.3,20161.3,,1113.0,1282.0,43.7,53.9,59.9,
107497,380.0,380.0,,22.0,32.0,35.4,42.7,46.7,
107520,17536.0,17536.0,,796.0,1925.0,,,,
107543,14945.3,14945.3,,1188.0,1303.0,,,,
107566,36143.0,36143.0,,3056.0,3039.0,66.3,73.8,79.5,
107583,12830.0,12830.0,,926.0,945.0,56.6,64.1,69.4,
107586,23094.0,23094.0,,1419.0,1718.0,54.3,63.6,68.8,
107594,28874.0,28874.0,,2023.0,2137.0,59.7,67.7,72.9,
107597,10691.7,10691.7,,704.0,745.0,,,,
107598,22991.3,22991.3,,1762.0,1698.0,,,,
107600,1171.0,1171.0,,156.0,128.0,35.0,42.4,46.6,
107613,22439.0,22439.0,,1293.0,1676.0,,,,
107617,311.0,311.0,,40.0,33.0,36.9,47.8,52.4,
107621,3035.0,3035.0,,338.0,265.0,40.1,49.5,54.7,
107625,1424.7,1424.7,,67.0,137.0,,,,
107639,20006.7,20006.7,,1187.0,1374.0,,,,
107651,2356.7,2405.8,2234.0,117.0,221.0,37.5,46.7,52.4,
107663,10429.3,10429.3,,632.0,916.0,60.8,69.6,76.9,
107667,8060.7,8060.7,,870.0,687.0,,,,
107671,18410.3,18410.3,,1194.0,1158.0,,,,
107677,7238.3,7238.3,,978.0,497.0,,,,
107682,14246.8,15105.2,12816.0,1611.0,922.0,,,,
107687,611.0,611.0,,47.0,56.0,30.6,39.3,44.1,
107699,6724.7,6724.7,,466.0,693.0,,,,
107712,3616.7,3616.7,,476.0,237.0,,,,
107715,4173.5,4173.5,,219.0,325.0,44.1,51.5,56.5,
107723,508.5,508.5,,74.0,64.0,33.6,42.5,47.0,
107724,21881.0,21881.0,,1454.0,1567.0,62.2,72.9,79.3,
107726,165.3,165.3,,15.0,17.0,34.3,46.2,51.8,
107731,1128.0,1128.0,,104.0,95.0,43.1,51.7,57.5,
107733,21375.7,21375.7,,1850.0,1840.0,52.9,59.5,64.0,
107739,2839.0,2839.0,,226.0,276.0,,,,
107740,2895.0,2895.0,,117.0,301.0,45.9,56.1,61.9,
107741,966.3,966.3,,109.0,80.0,32.3,38.8,43.9,
107745,15144.0,15144.0,,846.0,1494.0,,,,
107747,3719.7,3719.7,,325.0,343.0,40.6,48.1,52.7,
107757,1213.7,1213.7,,75.0,124.0,36.5,44.7,49.5,
107763,16997.7,16997.7,,1362.0,1311.0,52.3,59.1,63.9,
107764,1487.3,1487.3,,156.0,117.0,42.5,50.0,56.8,
107766,35103.3,35103.3,,2583.0,2562.0,,,,
107774,3261.0,3261.0,,327.0,348.0,47.8,56.3,61.3,
107775,723.7,723.7,,86.0,58.0,,,,
107782,1138.3,1138.3,,84.0,88.0,37.7,44.6,49.3,
107795,16700.7,16700.7,,1242.0,1263.0,,,,
107808,141.0,141.0,,13.0,16.0,37.5,48.3,54.2,
107810,2688.0,2688.0,,132.0,243.0,41.8,49.3,54.6,
107813,9930.0,9930.0,,949.0,763.0,,,,
107815,921.7,921.7,,74.0,81.0,,,,
107830,2453.0,2453.0,,233.0,291.0,46.9,54.9,61.8,
107831,8489.0,8489.0,,714.0,589.0,,,,
107838,403.0,403.0,,50.0,8.0,33.7,46.1,49.8,
107848,5115.5,5115.5,,475.0,498.0,,,,
107865,882.7,882.7,,51.0,92.0,38.9,48.3,53.7,
107868,784.0,784.0,,67.0,72.0,40.0,48.3,53.3,
107873,29350.7,29350.7,,2044.0,2125.0,59.7,67.8,73.0,
107875,21758.7,21758.7,,2001.0,1984.0,48.3,54.4,58.8,
107889,1756.3,1756.3,,111.0,168.0,40.7,48.6,53.7,
107897,42853.7,42853.7,,2578.0,2954.0,,,,
107903,1482.3,1482.3,,154.0,223.0,37.8,44.5,49.1,
107924,3598.7,3598.7,,520.0,318.0,,,,
107931,144.0,144.0,,12.0,3.0,32.9,44.0,56.6,
107937,1147.0,1147.0,,102.0,97.0,29.2,34.9,39.1,
107938,2360.5,2360.5,,232.0,292.0,44.6,52.7,57.5,
107941,16357.7,16357.7,,894.0,1624.0,,,,
107942,22435.3,22435.3,,2984.0,1159.0,,,,
107949,2142.3,2142.3,,182.0,187.0,,,,
107953,9166.7,9166.7,,475.0,916.0,,,,
107955,350.3,350.3,,45.0,44.0,29.1,38.0,42.8,
107957,2816.0,2816.0,,178.0,254.0,43.6,53.2,58.7,
107973,20182.0,20182.0,,1280.0,1639.0,,,,
107979,16247.3,16247.3,,1664.0,1101.0,,,,
107980,2483.7,2483.7,,197.0,253.0,,,,
107987,5991.0,5991.0,,358.0,643.0,,,,
107996,2212.0,2212.0,,277.0,225.0,32.6,41.4,46.7,
108009,21511.9,23031.2,17713.5,1449.0,2021.0,,,,0.01
108016,8349.0,8349.0,,916.0,564.0,57.9,66.3,71.2,
108018,4309.7,4309.7,,343.0,382.0,42.3,49.0,54.0,
108020,2229.7,2229.7,,206.0,203.0,41.9,49.0,53.8,
108021,726.5,726.5,,67.0,8.0,40.3,48.2,52.3,
108026,4030.7,4030.7,,289.0,363.0,32.8,41.9,46.6,
108027,15554.7,15554.7,,856.0,1609.0,,,,
108032,7413.0,7413.0,,412.0,680.0,58.8,67.3,72.1,
108036,1641.0,1641.0,,134.0,168.0,,,,
108041,15277.3,15277.3,,1253.0,1227.0,56.0,63.5,68.9,
108042,1715.0,1715.0,,144.0,144.0,41.7,49.4,54.7,
108047,624.0,624.0,,53.0,49.0,34.7,39.6,43.8,
108050,2614.0,2614.0,,240.0,227.0,30.1,37.8,41.3,
108055,1242.3,1242.3,,112.0,109.0,42.6,51.0,54.9,
108057,357.0,357.0,,42.0,34.0,36.9,49.1,54.4,
108060,561.3,561.3,,38.0,47.0,34.6,44.4,50.0,
108071,4130.0,4130.0,,941.0,268.0,,,,
108076,607.0,607.0,,54.0,60.0,32.0,38.9,43.5,
108079,3566.3,3566.3,,462.0,273.0,,,,
108080,5390.3,5390.3,,456.0,477.0,,,,
108081,1200.0,1200.0,,90.0,119.0,36.5,47.9,54.1,
108088,11249.0,11249.0,,1396.0,683.0,,,,
108089,3324.0,3324.0,,192.0,331.0,28.8,46.4,52.1,
108090,2389.0,2389.0,,141.0,278.0,,,,
108092,427.0,427.0,,51.0,41.0,31.5,42.9,48.2,
108100,574.0,574.0,,29.0,55.0,29.9,38.0,42.2,
108103,14531.0,14531.0,,1131.0,1215.0,,,,
108104,1277.0,1277.0,,81.0,105.0,39.2,47.4,53.2,
108108,3319.3,3319.3,,465.0,257.0,26.4,34.9,39.3,
108129,86.0,86.0,,6.0,10.0,21.0,33.0,38.2,
108132,25354.3,25354.3,,1585.0,1886.0,,,,
108136,6747.0,6747.0,,447.0,515.0,53.6,61.2,66.0,
108150,978.0,978.0,,119.0,96.0,32.8,41.9,48.2,
108153,509.0,509.0,,50.0,46.0,34.2,44.7,53.0,
108160,383.5,383.5,,40.0,6.0,41.1,49.9,57.6,
108164,14804.0,14804.0,,1123.0,1262.0,61.4,68.5,73.6,
108172,769.0,769.0,,47.0,63.0,41.7,51.3,57.0,
108173,486.7,486.7,,52.0,48.0,26.1,33.2,37.1,
108177,7078.0,7078.0,,544.0,601.0,,,,
108180,1240.5,1240.5,,121.0,107.0,42.9,50.0,56.5,
108220,1034.5,1034.5,,87.0,12.0,43.7,52.6,58.9,
108247,32207.9,33760.4,28326.5,2429.0,2930.0,62.3,69.0,74.5,
108255,292.0,292.0,,75.0,76.0,15.4,26.8,29.8,
108256,1366.0,1366.0,,97.0,120.0,37.2,44.0,48.5,
108260,27034.0,27034.0,,1835.0,1918.0,67.1,76.2,95.6,
108262,3251.0,3251.0,,326.0,303.0,46.7,53.0,56.6,
108279,19254.0,21208.4,14368.0,1457.0,2336.0,,,,
108284,436.0,436.0,,47.0,40.0,34.9,43.1,47.9,
108293,3718.0,3718.0,,273.0,347.0,39.7,48.1,53.2,
108294,1345.5,1345.5,,164.0,117.0,40.3,49.2,54.4,
108297,11360.0,11360.0,,530.0,1120.0,,,,
108298,1553.0,1553.0,,188.0,141.0,35.3,47.9,53.6,
108300,539.3,539.3,,28.0,48.0,34.2,43.7,49.4,
108310,546.3,546.3,,32.0,54.0,37.7,48.6,53.9,
108322,29885.0,29885.0,,2413.0,2418.0,,,,
108327,24830.0,24830.0,,1629.0,1728.0,57.1,66.3,72.3,
108335,20312.0,20312.0,,994.0,2186.0,,,,
108350,3878.3,3878.3,,288.0,362.0,,,,
108362,1134.0,1134.0,,114.0,90.0,,,,
108369,1809.3,1809.3,,182.0,139.0,,,,
108379,16572.4,17965.4,13090.0,1461.0,1419.0,,,,
108382,2809.3,2809.3,,424.0,188.0,,,,
108383,20456.7,20456.7,,1124.0,1835.0,51.2,58.9,64.1,
108385,15685.7,16776.8,12958.0,1567.0,1386.0,,,,
108387,12749.7,12749.7,,948.0,978.0,49.0,58.8,64.0,
108388,17289.0,17289.0,,1817.0,1099.0,,,,
108407,7667.0,7667.0,,522.0,689.0,47.1,53.4,58.2,
108410,27258.7,27258.7,,2126.0,2092.0,53.5,61.7,66.6,
108414,574.0,574.0,,50.0,64.0,41.1,50.0,54.7,
108418,1159.0,1159.0,,110.0,119.0,34.2,43.2,48.4,
108429,16688.0,16688.0,,922.0,1734.0,,,,
108453,359.0,359.0,,25.0,34.0,39.1,48.5,54.2,
108460,711.3,711.3,,94.0,74.0,36.7,44.4,49.1,
108468,22247.0,22247.0,,2617.0,1166.0,,,,
108478,1131.0,1131.0,,93.0,108.0,35.3,42.9,47.3,
108486,873.0,873.0,,67.0,80.0,42.8,49.6,54.2,
108487,9679.7,9679.7,,884.0,837.0,,,,
108491,776.7,776.7,,129.0,140.0,,,,
108501,34662.1,36546.6,29951.0,2622.0,3055.0,62.4,69.1,74.6,
108510,795.3,795.3,,67.0,80.0,39.9,48.9,54.1,
108514,3910.3,3910.3,,379.0,368.0,,,,0.107
108523,26139.3,26139.3,,2168.0,1718.0,,,,
108532,397.7,397.7,,27.0,32.0,34.9,44.8,51.5,
108535,26005.3,26005.3,,2120.0,2032.0,,,,
108536,496.0,496.0,,34.0,51.0,29.8,37.4,41.4,
108537,19073.3,19073.3,,1271.0,1538.0,,,,
108546,1909.0,1909.0,,138.0,185.0,33.9,46.7,52.3,
108550,4885.7,4885.7,,211.0,476.0,37.7,44.2,48.8,
108555,443.7,443.7,,26.0,41.0,35.0,43.5,48.8,
108556,22549.3,24914.4,16636.5,2094.0,2317.0,,,,
108576,1886.0,1886.0,,184.0,222.0,,,,0.158
108579,4323.0,4323.0,,392.0,425.0,42.5,49.6,54.4,
108582,5077.7,5077.7,,502.0,417.0,47.1,54.1,59.1,
108584,1807.3,1807.3,,100.0,156.0,38.5,46.2,51.3,
108596,16979.0,16979.0,,1284.0,1325.0,,,,
108599,1159.0,1159.0,,83.0,87.0,38.4,47.2,51.6,
108603,5166.0,5166.0,,546.0,435.0,47.6,54.6,61.3,
108606,4810.0,4810.0,,521.0,387.0,47.4,54.6,59.6,
108607,377.0,377.0,,32.0,34.0,34.7,43.7,49.3,
108608,751.7,751.7,,47.0,60.0,37.3,46.1,52.2,
108610,2733.7,2733.7,,467.0,171.0,,,,
108611,15469.3,15469.3,,1033.0,1120.0,,,,
108612,12913.7,12913.7,,634.0,1011.0,50.8,57.6,62.9,
108616,2042.0,2042.0,,158.0,207.0,36.7,44.1,49.3,
108621,777.4,763.0,813.5,49.0,60.0,38.4,49.1,56.0,
108622,18261.7,18261.7,,1956.0,1364.0,,,,
108624,539.0,539.0,,100.0,69.0,36.3,46.4,49.8,
108629,2352.0,2352.0,,178.0,265.0,,,,
108642,520.0,520.0,,30.0,64.0,40.2,49.6,57.6,
108649,3277.7,3277.7,,235.0,282.0,,,,
108655,110.7,110.7,,9.0,11.0,29.4,39.1,43.3,
108677,14398.0,14398.0,,1721.0,873.0,,,,
108678,8390.7,8390.7,,741.0,810.0,,,,
108679,4406.0,4406.0,,416.0,465.0,45.5,53.8,58.9,
108680,1118.0,1118.0,,113.0,111.0,39.8,48.8,54.2,
108685,794.3,794.3,,78.0,70.0,,,,
108686,105.0,105.0,,9.0,4.0,26.3,36.1,39.3,
108689,1039.0,1039.0,,55.0,89.0,44.5,53.6,59.9,
108693,18242.0,18242.0,,868.0,2237.0,66.5,73.9,79.4,
108696,968.3,968.3,,59.0,80.0,38.4,47.7,54.0,
108700,2110.0,2110.0,,258.0,192.0,42.4,54.8,61.6,
108708,1160.0,1160.0,,78.0,103.0,35.7,42.8,46.6,
108709,3083.0,3083.0,,282.0,274.0,,,,
108719,18317.7,19912.8,14330.0,1680.0,1590.0,,,,
108720,13449.3,13449.3,,656.0,1317.0,,,,
108726,345.3,345.3,,20.0,33.0,35.6,44.2,49.5,
108728,363.0,363.0,,24.0,17.0,33.4,43.2,49.1,
108738,23364.5,23364.5,,1849.0,1503.0,43.8,58.6,65.0,
108741,3994.7,3994.7,,244.0,327.0,42.9,50.0,55.0,
108767,685.0,685.0,,54.0,63.0,33.5,44.4,52.5,
108768,4949.3,4949.3,,376.0,375.0,30.4,34.2,36.6,
108776,1639.0,1639.0,,120.0,138.0,40.4,48.5,54.1,
108778,564.0,564.0,,46.0,48.0,35.7,42.9,48.0,
108783,1096.7,1096.7,,69.0,88.0,36.9,46.3,51.6,
108787,2438.3,2438.3,,185.0,240.0,34.7,43.0,48.1,
108788,602.0,602.0,,55.0,62.0,36.0,43.3,47.1,
108789,8499.7,8499.7,,578.0,848.0,,,,
108797,15662.3,15662.3,,990.0,1240.0,,,,
108808,8441.7,8441.7,,718.0,740.0,,,,
108815,5784.3,5784.3,,350.0,567.0,44.3,51.0,54.6,
108830,4618.0,4618.0,,421.0,395.0,47.2,54.3,59.2,
108832,33891.0,33891.0,,2134.0,2243.0,54.8,66.2,72.5,
108833,947.7,947.7,,115.0,92.0,31.6,39.1,43.5,
108835,2651.0,2651.0,,342.0,348.0,44.3,51.4,56.0,
108846,5088.3,5088.3,,349.0,420.0,,,,
108853,1412.7,1412.7,,101.0,145.0,36.9,44.2,48.9,
108860,2918.0,2918.0,,308.0,336.0,38.2,46.7,49.8,
108863,2336.0,2336.0,,178.0,246.0,38.1,44.8,50.0,
108873,29414.0,29414.0,,1723.0,1758.0,48.9,59.4,66.1,
108877,92.0,92.0,,11.0,1.0,30.2,41.1,44.1,
108882,2071.7,2071.7,,207.0,173.0,43.9,51.5,56.5,
108891,3683.0,3683.0,,210.0,287.0,42.5,49.1,54.3,
108898,534.0,534.0,,53.0,53.0,41.8,50.0,56.6,
108899,15726.3,15726.3,,910.0,1444.0,,,,
108903,18354.3,18354.3,,1722.0,1378.0,,,,
108915,13871.3,13871.3,,1029.0,1157.0,,,,
108917,854.3,854.3,,125.0,124.0,38.2,46.7,51.3,
108918,5333.3,5333.3,,426.0,430.0,,,,
108929,632.7,632.7,,96.0,82.0,36.7,46.0,50.0,
108939,1526.7,1526.7,,105.0,156.0,38.8,47.4,52.7,
108943,1527.3,1527.3,,108.0,169.0,30.1,37.8,42.2,
108946,27671.0,27671.0,,2512.0,2576.0,,,,
108949,440.0,440.0,,31.0,36.0,33.6,42.2,44.9,
108950,435.0,435.0,,39.0,41.0,31.9,41.6,46.7,
108956,1033.0,1033.0,,60.0,84.0,,,,
108959,3995.7,3995.7,,297.0,403.0,,,,
108970,616.3,616.3,,89.0,62.0,30.5,39.5,44.9,
108976,1442.0,1442.0,,100.0,120.0,40.2,48.0,52.7,
108979,2493.0,2493.0,,239.0,331.0,44.2,52.6,57.9,
109008,1794.0,1794.0,,128.0,198.0,37.4,48.7,54.6,
109023,1742.7,1742.7,,112.0,173.0,22.7,29.4,33.6,
109037,402.7,402.7,,33.0,32.0,36.6,46.5,52.4,
109038,952.5,952.5,,121.0,111.0,38.6,47.4,52.6,
109041,6221.0,6221.0,,538.0,527.0,,,,
109062,771.0,771.0,,62.0,64.0,,,,
109072,212.0,212.0,,23.0,24.0,34.8,47.1,52.4,
109084,975.7,975.7,,69.0,80.0,40.5,48.5,53.5,
109085,6776.0,6776.0,,449.0,640.0,43.7,49.8,54.6,
109091,802.0,802.0,,250.0,127.0,31.0,38.3,43.6,
109100,13497.0,13497.0,,952.0,1219.0,,,,
109104,1952.7,1952.7,,114.0,191.0,36.4,43.5,48.2,
109114,1777.0,1777.0,,65.0,200.0,37.1,44.5,49.6,
109138,18294.9,18271.4,18353.5,1245.0,1421.0,58.9,66.1,72.0,
109157,7851.0,7851.0,,594.0,654.0,33.0,37.4,39.4,
109171,1360.0,1360.0,,91.0,110.0,38.8,47.3,52.8,
109176,15310.0,15310.0,,935.0,1192.0,,,,
109215,6638.1,6893.4,6000.0,598.0,598.0,,,,0.037
109219,740.3,740.3,,42.0,68.0,29.4,39.2,44.2,
109223,1070.0,1070.0,,317.0,149.0,31.6,39.1,44.8,
109224,1495.0,1495.0,,189.0,191.0,37.7,46.5,51.8,
109225,2822.7,2822.7,,342.0,266.0,42.4,51.6,57.2,
109233,1075.7,1075.7,,86.0,153.0,34.1,41.5,45.0,
109242,1242.7,1242.7,,109.0,101.0,37.6,46.4,52.0,
109258,26013.0,26013.0,,1669.0,2042.0,57.8,66.4,71.7,
109263,511.0,511.0,,56.0,58.0,36.7,46.5,51.5,
109266,586.0,586.0,,34.0,52.0,28.0,37.8,42.7,
109294,467.3,467.3,,39.0,43.0,30.0,37.8,41.6,
109295,23549.7,23549.7,,2294.0,1948.0,,,,
109310,17292.0,17292.0,,1749.0,1210.0,,,,
109314,967.0,967.0,,78.0,85.0,40.1,47.9,53.1,
109319,969.0,969.0,,62.0,110.0,37.1,44.9,51.3,
109322,987.4,1054.0,821.0,93.0,100.0,,,,0.029
109329,8415.0,8415.0,,620.0,767.0,,,,
109331,325.0,325.0,,99.0,73.0,30.5,38.2,43.3,
109334,711.0,711.0,,67.0,77.0,27.4,34.6,38.8,
109337,1286.0,1286.0,,81.0,109.0,36.6,43.9,48.7,
109338,9697.7,9697.7,,567.0,884.0,54.9,64.2,71.4,
109348,784.0,784.0,,47.0,102.0,44.9,53.8,59.2,
109351,2128.3,2128.3,,201.0,187.0,40.2,48.2,53.3,
109352,1252.7,1252.7,,122.0,113.0,,,,
109354,634.0,634.0,,51.0,88.0,38.4,48.8,57.1,
109355,572.3,572.3,,22.0,54.0,,,,
109360,22498.0,23092.0,21013.0,1455.0,1759.0,56.3,63.8,69.5,
109373,443.0,443.0,,38.0,46.0,36.7,44.9,48.9,
109392,16777.7,16777.7,,754.0,1663.0,,,,
109415,15055.7,15055.7,,1461.0,1166.0,,,,
109419,21428.0,21428.0,,1192.0,1388.0,50.5,58.8,64.2,
109421,250.0,250.0,,25.0,32.0,22.3,34.5,39.0,
109431,501.3,501.3,,26.0,53.0,38.1,47.7,53.7,
109432,4650.0,4650.0,,242.0,426.0,48.9,58.6,64.1,
109435,911.7,911.7,,48.0,100.0,40.4,48.6,53.5,
109441,11103.0,11103.0,,817.0,891.0,46.0,52.7,57.0,
109444,742.7,742.7,,40.0,70.0,40.8,49.4,55.0,
109450,211.7,211.7,,5.0,22.0,23.7,34.7,41.2,
109451,868.0,868.0,,66.0,66.0,30.1,37.1,39.7,
109453,1673.3,1673.3,,125.0,178.0,30.8,37.0,39.7,
109457,1615.7,1615.7,,120.0,146.0,33.9,42.2,46.9,
109461,1431.3,1431.3,,104.0,142.0,37.5,44.3,49.0,
109462,604.0,604.0,,24.0,56.0,31.5,39.3,44.0,
109471,16809.0,16809.0,,1613.0,1621.0,,,,0.077
109478,120.3,120.3,,12.0,11.0,29.7,39.0,44.1,
109482,2528.7,2528.7,,186.0,209.0,33.3,39.3,43.9,
109489,18458.3,18458.3,,1183.0,1242.0,,,,
109495,2000.0,2000.0,,121.0,164.0,39.4,47.6,53.0,
109499,283.3,283.3,,29.0,33.0,31.5,39.7,44.8,
109503,7104.0,7104.0,,664.0,797.0,68.7,74.7,87.9,
109506,723.0,723.0,,40.0,65.0,32.1,39.5,44.1,
109516,16455.6,17557.8,13700.0,1230.0,1281.0,,,,
109536,367.0,367.0,,36.0,48.0,29.0,38.4,43.4,
109537,141.0,141.0,,15.0,24.0,35.2,39.4,43.2,
109539,32797.0,32797.0,,2005.0,2515.0,54.6,66.2,76.2,
109540,1073.0,1073.0,,114.0,114.0,36.6,44.1,49.2,
109545,24239.5,24239.5,,1723.0,1821.0,60.4,69.5,76.0,
109553,18716.7,19271.6,17329.5,1455.0,1509.0,,,,
109557,532.7,532.7,,39.0,48.0,37.6,44.8,49.3,
109562,1558.0,1558.0,,140.0,155.0,41.2,48.7,54.0,
109563,1896.0,1896.0,,166.0,191.0,,,,
109583,943.0,943.0,,60.0,97.0,34.4,39.8,44.4,
109584,933.0,933.0,,81.0,135.0,40.8,49.4,54.9,
109594,1007.3,1007.3,,113.0,92.0,43.7,52.4,58.2,
109597,16001.7,16001.7,,964.0,1285.0,,,,
109610,964.0,964.0,,69.0,97.0,35.6,43.9,48.9,
109614,6205.0,6205.0,,735.0,511.0,,,,
109616,19367.7,19367.7,,1853.0,1238.0,,,,
109621,6573.0,6573.0,,551.0,715.0,60.4,68.0,72.8,
109622,2090.0,2090.0,,357.0,223.0,39.9,48.6,53.4,
109627,19285.3,19574.6,18562.0,1232.0,1407.0,53.1,62.7,68.0,
109639,2001.0,2001.0,,230.0,192.0,42.4,49.6,54.8,
109646,277.0,277.0,,27.0,25.0,35.7,44.4,49.8,
109665,240.5,240.5,,22.0,22.0,34.2,43.8,49.1,
109670,20029.3,20029.3,,1704.0,1370.0,,,,
109678,1185.0,1185.0,,85.0,120.0,44.4,52.3,57.2,
109685,36836.7,36836.7,,2537.0,2930.0,,,,
109686,13081.3,13081.3,,1072.0,1040.0,,,,
109703,879.0,879.0,,73.0,90.0,40.4,49.4,56.9,
109706,314.3,314.3,,20.0,28.0,36.6,46.2,51.4,
109710,270.0,270.0,,23.0,27.0,34.5,39.3,43.0,
109716,35198.5,35198.5,,2349.0,2484.0,51.1,65.0,73.3,
109724,17438.3,17438.3,,1054.0,1411.0,,,,
109729,1586.3,1586.3,,133.0,149.0,,,,
109739,20508.3,20508.3,,2295.0,1288.0,,,,
109744,576.0,576.0,,87.0,68.0,36.4,43.9,48.5,
109749,1545.0,1545.0,,94.0,190.0,,,,
109751,644.0,644.0,,53.0,56.0,35.5,43.2,48.7,
109756,648.0,648.0,,66.0,53.0,31.4,38.2,42.2,
109758,408.0,408.0,,31.0,55.0,37.6,47.8,52.6,
109763,3829.7,3829.7,,352.0,403.0,44.9,52.3,57.7,
109770,16352.3,16352.3,,1083.0,1152.0,64.9,73.4,79.2,
109783,931.0,931.0,,82.0,88.0,,,,
109789,1770.3,1770.3,,219.0,162.0,,,,
109812,494.7,494.7,,33.0,44.0,35.7,44.9,49.8,
109815,320.5,320.5,,35.0,32.0,38.9,48.3,54.3,
109829,898.5,898.5,,94.0,89.0,36.3,44.7,52.3,
109841,1107.0,1107.0,,86.0,105.0,42.5,51.9,58.0,
109849,274.7,274.7,,18.0,25.0,36.4,44.6,49.1,
109858,688.3,688.3,,95.0,98.0,31.8,38.6,42.8,
109860,16288.7,16288.7,,1114.0,1244.0,,,,
109865,5337.0,5337.0,,566.0,481.0,40.1,47.9,52.4,
109882,537.0,537.0,,47.0,26.0,41.4,51.3,58.0,
109886,19705.7,19705.7,,2461.0,1070.0,,,,
109896,21227.7,21227.7,,1102.0,2138.0,,,,
109897,153.0,153.0,,19.0,16.0,34.2,47.8,54.2,
109905,1640.5,1640.5,,163.0,157.0,39.6,48.7,56.0,
109908,621.0,621.0,,91.0,77.0,39.5,48.1,52.9,
109910,4435.3,4435.3,,479.0,457.0,43.7,49.4,54.1,
109911,1009.0,1009.0,,116.0,94.0,50.5,58.2,63.4,
109923,4786.4,4925.2,4439.5,454.0,404.0,38.4,44.8,49.3,
109936,881.0,881.0,,69.0,81.0,36.5,46.7,50.0,
109937,1049.0,1049.0,,77.0,80.0,38.2,48.4,53.2,
109942,738.5,738.5,,181.0,140.0,20.3,37.0,43.3,
109952,1313.3,1313.3,,104.0,99.0,37.2,44.2,48.8,
109964,10762.0,10762.0,,923.0,936.0,65.2,72.7,78.5,
109965,454.5,454.5,,31.0,20.0,34.1,39.7,44.3,
109982,12246.3,12246.3,,928.0,888.0,,,,
109990,589.7,589.7,,106.0,48.0,,,,
109996,24128.0,24128.0,,1531.0,2212.0,53.7,59.7,64.9,
110000,25878.0,25878.0,,1901.0,2140.0,,,,
110002,772.0,772.0,,105.0,98.0,36.9,44.8,49.9,
110025,23663.3,23663.3,,2363.0,1518.0,,,,
110026,17952.9,18496.0,16595.0,1200.0,1254.0,,,,
110028,545.0,545.0,,137.0,115.0,37.4,49.5,57.6,
110034,353.0,353.0,,30.0,28.0,37.0,49.1,58.1,
110036,1101.7,1101.7,,118.0,89.0,38.5,46.2,51.1,
110051,11747.3,11747.3,,916.0,950.0,,,,
110052,7402.0,7402.0,,772.0,606.0,49.8,57.6,62.6,
110055,300.0,300.0,,37.0,34.0,37.5,47.7,54.3,
110060,20706.0,20706.0,,1375.0,1465.0,65.0,73.5,79.2,
110062,536.3,536.3,,47.0,61.0,,,,
110070,23732.0,23732.0,,1264.0,2678.0,,,,
110072,765.7,765.7,,58.0,69.0,33.9,41.5,44.7,
110080,1654.3,1669.4,1616.5,93.0,140.0,40.4,49.6,56.3,
110083,12018.3,12018.3,,897.0,1006.0,,,,
110088,5062.7,5062.7,,483.0,468.0,44.3,52.0,56.4,
110091,14744.0,14744.0,,894.0,1195.0,,,,
110101,16379.1,17136.6,14485.5,1158.0,1436.0,,,,
110112,379.0,379.0,,26.0,32.0,36.7,45.0,51.4,
110119,13157.7,13157.7,,932.0,989.0,,,,
110121,605.0,605.0,,66.0,9.0,42.2,51.5,58.1,
110129,435.0,435.0,,61.0,45.0,34.7,43.6,48.4,
110134,18862.0,18862.0,,1607.0,1249.0,,,,
110138,783.7,783.7,,54.0,69.0,36.5,44.6,49.7,
110144,569.0,569.0,,50.0,48.0,31.9,39.4,43.8,
110146,1221.0,1221.0,,67.0,107.0,35.3,42.7,46.2,
110147,1139.3,1139.3,,132.0,114.0,37.5,44.7,49.5,
110149,371.0,371.0,,25.0,6.0,42.1,51.2,57.2,
110159,1266.1,1291.2,1203.5,90.0,108.0,36.8,44.8,51.9,
110160,712.3,712.3,,100.0,80.0,34.3,44.3,49.2,
110161,13319.3,13319.3,,961.0,1000.0,,,,
110162,588.7,588.7,,67.0,78.0,38.2,47.0,51.4,
110163,499.0,499.0,,25.0,59.0,37.8,46.9,52.6,
110166,11280.0,11280.0,,914.0,904.0,,,,
110172,19156.0,19156.0,,1741.0,1444.0,,,,
110177,2461.7,2461.7,,312.0,281.0,,,,
110180,15081.0,15081.0,,1416.0,1195.0,,,,
110186,1736.0,1736.0,,182.0,164.0,39.2,48.3,53.6,
110190,1197.0,1197.0,,56.0,145.0,39.4,48.2,53.3,
110202,15400.0,15400.0,,1167.0,1226.0,59.6,68.3,74.0,
110208,694.0,694.0,,82.0,91.0,31.5,39.1,43.9,
110213,1005.0,1005.0,,71.0,92.0,42.8,52.8,58.5,
110237,1002.3,1002.3,,151.0,118.0,33.9,39.7,44.5,
110238,593.3,593.3,,36.0,51.0,34.0,42.8,48.2,
110240,1289.0,1289.0,,120.0,21.0,40.3,49.3,56.2,
110246,663.7,663.7,,111.0,85.0,38.9,48.6,54.8,
110254,739.0,739.0,,56.0,92.0,36.9,46.1,49.7,
110261,421.0,421.0,,51.0,42.0,39.2,48.8,54.7,
110275,728.7,728.7,,44.0,67.0,30.7,38.6,44.3,
110281,15349.0,15349.0,,1072.0,1088.0,,,,
110285,21076.0,21076.0,,1422.0,1486.0,59.3,68.6,74.3,
110291,1787.3,1787.3,,234.0,173.0,37.7,47.6,53.3,
110294,1713.3,1713.3,,79.0,184.0,39.4,46.7,50.0,
110300,183.0,183.0,,7.0,51.0,26.3,36.8,42.9,
110307,15514.7,15514.7,,1215.0,1184.0,,,,
110310,11040.7,11040.7,,853.0,919.0,,,,
110330,1385.0,1385.0,,181.0,113.0,42.9,52.3,58.1,
110338,879.0,879.0,,89.0,70.0,35.5,43.9,48.9,
110352,844.7,844.7,,44.0,87.0,39.8,47.9,53.2,
110368,755.0,755.0,,78.0,67.0,42.2,52.7,59.2,
110369,451.0,451.0,,69.0,45.0,30.4,37.7,41.4,
110373,491.3,491.3,,25.0,55.0,40.4,51.7,57.7,
110384,19984.3,19984.3,,1584.0,1576.0,,,,
110413,16812.7,16812.7,,900.0,2092.0,,,,
110422,5521.7,5521.7,,393.0,621.0,,,,
110424,1245.3,1245.3,,63.0,114.0,40.3,49.2,54.4,
110427,30756.7,30756.7,,2331.0,2788.0,,,,
110437,14210.6,14930.0,12412.0,868.0,1208.0,,,,
110457,30249.5,30249.5,,1971.0,2223.0,76.6,95.6,138.5,
110468,1222.3,1222.3,,125.0,124.0,42.9,51.8,57.8,
110480,712.7,712.7,,87.0,49.0,,,,
110487,1113.3,1113.3,,116.0,113.0,34.2,42.3,46.4,
110488,134.7,134.7,,12.0,16.0,27.1,34.6,39.2,
110494,1542.0,1542.0,,74.0,127.0,37.6,46.5,51.1,
110496,15165.7,15165.7,,907.0,1385.0,,,,
110503,865.3,865.3,,94.0,92.0,42.9,52.5,58.4,
110507,14775.3,14775.3,,1563.0,852.0,,,,
110523,963.3,963.3,,100.0,98.0,34.6,42.4,46.5,
110527,10139.7,10139.7,,864.0,959.0,,,,
110529,943.0,943.0,,142.0,99.0,33.0,42.5,47.0,
110532,741.7,741.7,,145.0,113.0,29.1,39.0,44.4,
110545,20792.0,20792.0,,1867.0,1409.0,,,,
110546,8008.0,8679.0,6330.5,783.0,699.0,,,,
110551,16714.9,17054.8,15865.0,1167.0,1252.0,48.7,57.5,63.2,
110553,861.0,861.0,,92.0,75.0,37.0,44.9,51.4,
110554,1164.0,1164.0,,167.0,136.0,38.3,46.7,51.8,
110555,1274.0,1274.0,,100.0,127.0,41.6,49.0,54.1,
110557,781.0,781.0,,98.0,73.0,42.4,51.8,56.1,
110559,29441.3,29441.3,,2205.0,2224.0,,,,
110572,296.0,296.0,,23.0,24.0,33.5,44.2,49.8,
110575,9870.0,9870.0,,566.0,811.0,64.7,72.6,78.1,
110588,18183.0,18183.0,,973.0,1730.0,,,,
110594,1564.7,1564.7,,146.0,139.0,36.3,44.1,49.0,
110604,961.7,961.7,,139.0,74.0,,,,
110614,25969.0,25969.0,,2259.0,2164.0,61.4,71.4,77.6,
110620,13179.3,13179.3,,1006.0,967.0,,,,
110634,892.7,892.7,,76.0,94.0,,,,
110648,1117.0,1117.0,,118.0,127.0,39.5,47.1,51.0,
110652,15631.0,15631.0,,961.0,1257.0,,,,
110654,18716.4,19635.2,16419.5,1390.0,1459.0,,,,
110655,783.7,783.7,,42.0,65.0,35.4,43.8,49.3,
110667,14724.0,14724.0,,1003.0,1001.0,37.5,48.7,54.3,
110679,750.3,750.3,,46.0,64.0,35.8,43.9,48.9,
110680,1274.0,1274.0,,63.0,117.0,41.5,49.5,56.4,
110685,934.0,934.0,,175.0,163.0,33.9,44.5,52.3,
110697,414.0,414.0,,36.0,38.0,36.7,47.8,53.5,
110701,417.7,417.7,,26.0,38.0,28.6,34.8,39.0,
110703,2456.7,2456.7,,235.0,203.0,40.8,49.4,54.6,
110705,632.5,632.5,,117.0,87.0,32.0,43.1,48.8,
110711,14813.0,14813.0,,1458.0,876.0,,,,
110712,10775.3,10775.3,,782.0,996.0,,,,
110716,1337.0,1337.0,,110.0,126.0,40.5,49.2,54.5,
110725,11206.0,11206.0,,932.0,908.0,,,,
110728,20071.0,20071.0,,1711.0,1754.0,66.3,74.1,79.5,
110730,635.7,635.7,,54.0,66.0,33.6,39.9,44.2,
110735,65.0,65.0,,6.0,8.0,19.1,29.0,33.9,
110751,759.7,759.7,,63.0,82.0,32.9,42.6,47.4,
110754,31319.7,31319.7,,1979.0,2585.0,,,,
110765,935.3,935.3,,95.0,101.0,35.1,43.3,48.5,
110766,182.0,182.0,,14.0,19.0,32.5,44.3,48.9,
110771,1455.0,1455.0,,183.0,189.0,41.9,49.1,53.9,
110773,11738.3,11738.3,,774.0,980.0,,,,
110775,10744.7,10744.7,,825.0,937.0,,,,
110778,514.0,514.0,,44.0,74.0,43.2,50.0,54.7,
110783,13792.7,13792.7,,1292.0,1043.0,,,,
110788,1077.7,1077.7,,98.0,104.0,34.2,42.5,47.0,
110808,25874.0,25874.0,,1641.0,1759.0,61.6,69.1,74.2,
110812,3184.3,3184.3,,260.0,268.0,,,,
110816,428.0,428.0,,43.0,45.0,35.8,46.5,51.7,
110821,2326.0,2326.0,,178.0,201.0,43.0,51.8,57.8,
110832,20594.0,20594.0,,1617.0,1584.0,50.8,58.2,63.4,
110834,150.0,150.0,,8.0,23.0,37.1,48.3,53.0,
110835,273.0,273.0,,34.0,30.0,34.2,44.3,52.2,
110837,3087.0,3087.0,,274.0,286.0,43.3,51.6,57.0,
110838,1574.7,1574.7,,132.0,118.0,38.3,46.7,52.0,
110842,305.0,305.0,,30.0,28.0,30.9,38.2,42.7,
110848,3209.3,3444.8,2620.5,278.0,285.0,,,,
110849,9918.0,9918.0,,1001.0,785.0,,,,
110850,1078.0,1078.0,,121.0,121.0,39.6,47.9,52.9,
110851,229.0,229.0,,54.0,54.0,26.8,33.9,37.7,
110852,1023.3,1023.3,,133.0,120.0,35.5,43.9,49.0,
110857,230.0,230.0,,30.0,28.0,37.6,47.4,51.9,
110888,417.0,417.0,,35.0,40.0,40.9,52.1,57.0,
110892,29666.0,29666.0,,1618.0,2046.0,61.8,69.3,74.4,
110903,259.0,259.0,,29.0,27.0,43.6,53.4,57.9,
110904,1708.0,1708.0,,107.0,165.0,,,,
110907,395.3,395.3,,36.0,47.0,37.3,46.1,49.8,
110921,1413.7,1413.7,,194.0,159.0,32.8,42.8,48.0,
110922,25814.7,25814.7,,1634.0,1754.0,56.4,64.0,69.1,
110925,861.5,861.5,,109.0,105.0,41.1,51.9,58.0,
110931,388.0,388.0,,47.0,33.0,37.9,48.4,54.1,
110933,23902.3,23902.3,,1527.0,1577.0,55.9,63.9,69.2,
110942,514.0,514.0,,32.0,50.0,38.3,48.6,54.5,
110943,602.0,602.0,,61.0,63.0,40.8,49.9,54.9,
110946,1619.0,1619.0,,202.0,156.0,36.0,44.1,48.9,
110949,8128.0,8128.0,,604.0,641.0,,,,0.047
110952,3597.0,3597.0,,394.0,373.0,35.3,43.5,48.1,
110957,35921.0,35921.0,,2466.0,2845.0,,,,
110961,1463.0,1463.0,,169.0,155.0,41.3,48.3,52.6,
110963,1738.0,1738.0,,179.0,171.0,36.3,43.7,48.2,
110964,23683.0,23683.0,,1743.0,2055.0,48.5,57.2,62.8,
110967,1508.0,1508.0,,124.0,129.0,45.8,54.1,59.5,
110976,1869.0,1869.0,,95.0,162.0,47.0,54.3,59.4,
110978,15469.0,15469.0,,930.0,1245.0,,,,
110982,17688.0,17688.0,,2392.0,1068.0,52.6,63.7,71.9,
110983,1131.0,1131.0,,157.0,106.0,46.0,54.4,59.9,
110984,247.0,247.0,,21.0,28.0,35.6,47.5,53.9,
110994,1200.0,1200.0,,114.0,122.0,35.8,43.8,48.3,
110997,67.0,67.0,,7.0,7.0,20.8,33.4,38.8,
111005,8996.3,8996.3,,627.0,752.0,,,,
111006,5470.5,5470.5,,458.0,546.0,41.7,49.1,54.0,
111007,165.5,165.5,,31.0,35.0,35.3,46.3,52.3,
111014,1524.7,1524.7,,119.0,114.0,41.4,51.1,57.4,
111040,16248.3,16248.3,,1260.0,1293.0,,,,
111043,417.0,417.0,,40.0,39.0,46.0,58.7,66.4,
111045,8459.3,8459.3,,566.0,701.0,69.1,76.9,108.7,
111049,4179.0,4179.0,,470.0,462.0,41.9,49.5,54.4,
111053,9428.3,9428.3,,849.0,727.0,,,,
111054,14818.0,14818.0,,1185.0,1212.0,,,,
111062,6246.5,6246.5,,502.0,605.0,42.4,49.3,54.3,
111068,496.0,496.0,,42.0,52.0,40.0,49.5,54.3,
111077,5360.0,5360.0,,556.0,556.0,,,,
111078,19795.3,20464.4,18122.5,1336.0,1596.0,49.4,54.8,59.5,
111081,1447.0,1447.0,,170.0,152.0,44.1,51.4,54.7,
111092,19404.0,19404.0,,1176.0,1337.0,57.4,68.0,73.6,
111096,811.3,811.3,,75.0,70.0,40.4,49.0,54.7,
111097,7019.7,7019.7,,669.0,612.0,,,,
111104,21718.3,21718.3,,1917.0,1313.0,,,,
111110,1428.0,1428.0,,167.0,141.0,41.8,51.1,57.4,
111115,364.0,364.0,,41.0,35.0,42.6,53.5,59.7,
111123,11010.7,11010.7,,687.0,1023.0,,,,
111127,470.0,470.0,,36.0,87.0,39.5,48.6,53.7,
111141,623.0,623.0,,41.0,55.0,35.2,42.6,46.6,
111146,1279.7,1279.7,,107.0,112.0,44.6,52.5,57.5,
111151,15180.3,15180.3,,1144.0,1240.0,,,,
111158,1419.0,1419.0,,106.0,133.0,39.7,48.4,54.1,
111161,25290.0,25290.0,,1559.0,1926.0,60.1,72.7,78.5,
111162,505.0,505.0,,57.0,45.0,42.2,54.3,66.4,
111169,10509.0,10509.0,,961.0,824.0,,,,
111171,1374.0,1374.0,,114.0,118.0,42.0,51.1,56.0,
111173,458.0,458.0,,43.0,52.0,,,,0.044
111181,1013.0,1013.0,,103.0,96.0,33.1,39.1,43.3,
111188,24316.0,24997.4,22612.5,1559.0,1870.0,57.6,66.5,72.4,
111190,8152.7,8152.7,,715.0,667.0,,,,
111194,562.5,562.5,,64.0,59.0,39.5,49.5,58.5,
111204,308.7,308.7,,27.0,34.0,34.8,43.6,48.5,
111217,931.7,931.7,,101.0,91.0,40.6,48.3,53.2,
111222,773.5,773.5,,72.0,73.0,35.4,43.1,47.5,
111224,4486.0,4486.0,,417.0,453.0,51.0,59.4,66.7,
111225,16960.0,16960.0,,1379.0,1187.0,,,,
111226,10152.7,10152.7,,623.0,983.0,,,,
111238,20366.7,20366.7,,1425.0,1678.0,53.3,62.8,68.7,
111243,1140.0,1140.0,,96.0,125.0,35.4,44.0,49.0,
111248,677.0,677.0,,113.0,77.0,40.4,48.2,53.0,
111250,992.7,992.7,,107.0,93.0,36.6,43.5,47.8,
111253,4250.0,4250.0,,578.0,475.0,,,,
111254,22774.7,22774.7,,1989.0,1416.0,,,,
111270,7514.3,7514.3,,713.0,597.0,,,,
111284,345.0,345.0,,54.0,41.0,39.6,47.6,52.8,
111288,1029.3,1087.0,885.0,76.0,100.0,40.0,48.2,53.5,
111297,10149.3,10149.3,,983.0,775.0,,,,
111314,17747.0,17747.0,,1336.0,1486.0,64.8,72.5,77.6,
111318,1120.3,1120.3,,108.0,91.0,40.6,48.8,53.7,
111322,14068.0,14068.0,,849.0,943.0,34.5,47.2,52.8,
111333,12169.7,12169.7,,772.0,890.0,50.5,59.4,64.7,
111339,1288.0,1288.0,,147.0,131.0,37.3,44.8,51.8,
111344,1503.0,1503.0,,146.0,114.0,37.6,48.2,53.7,
111345,21655.0,21655.0,,1974.0,1252.0,,,,
111356,2279.0,2279.0,,174.0,198.0,30.9,38.3,41.9,
111363,2980.7,2980.7,,319.0,328.0,,,,
111366,6842.0,6842.0,,624.0,599.0,,,,0.041
111374,903.0,903.0,,125.0,100.0,35.8,44.7,52.1,
111407,32824.0,32824.0,,2923.0,3189.0,47.1,57.3,63.1,
111410,2175.7,2175.7,,187.0,206.0,43.9,52.1,57.8,
111417,6525.7,6525.7,,524.0,555.0,,,,
111421,22092.3,22092.3,,1054.0,1756.0,,,,
111440,2094.3,2094.3,,138.0,178.0,26.2,33.7,37.3,
111441,17481.3,17481.3,,1108.0,1348.0,44.6,53.9,59.2,
111461,5486.0,5486.0,,405.0,493.0,33.4,43.6,51.4,
111466,11060.0,11060.0,,679.0,1035.0,,,,
111467,21181.3,21181.3,,1642.0,1321.0,,,,
111477,24018.7,24018.7,,1456.0,1514.0,56.0,66.2,73.2,
111479,11337.7,11337.7,,763.0,1048.0,,,,
111484,4251.3,4251.3,,511.0,340.0,57.6,67.1,73.0,
111509,42921.3,42921.3,,2766.0,2989.0,,,,
111510,31013.7,31013.7,,2114.0,2474.0,,,,
111515,2360.0,2360.0,,219.0,226.0,,,,
111522,2749.0,2749.0,,308.0,282.0,22.2,28.4,32.2,
111524,13398.5,13398.5,,1107.0,1094.0,55.1,64.5,69.7,
111534,19891.7,19891.7,,1072.0,2401.0,,,,
111556,15962.0,15962.0,,979.0,1153.0,41.3,52.9,59.2,
111562,2098.0,2098.0,,143.0,192.0,39.2,49.4,57.1,
111570,1582.0,1582.0,,97.0,149.0,42.9,51.6,57.3,
111585,517.5,517.5,,73.0,75.0,35.6,43.8,49.2,
111586,1894.0,1894.0,,174.0,192.0,32.9,38.7,41.7,
111589,1870.7,1870.7,,185.0,161.0,,,,
111590,15008.7,15008.7,,1133.0,1154.0,,,,
111598,2075.0,2075.0,,105.0,215.0,44.3,52.2,57.9,
111603,1430.0,1430.0,,116.0,132.0,46.1,54.8,61.2,
111614,3215.7,3215.7,,376.0,298.0,43.4,52.2,57.8,
111629,14143.7,14143.7,,1051.0,1136.0,,,,
111631,1667.7,1667.7,,231.0,192.0,,,,
111632,7734.3,7734.3,,551.0,623.0,,,,
111648,14742.6,15121.6,13795.0,838.0,1084.0,41.6,52.0,57.5,
111651,193.3,193.3,,21.0,23.0,28.3,36.4,39.1,
111652,3786.0,3786.0,,315.0,432.0,37.7,47.4,53.7,
111665,39874.7,39874.7,,2679.0,2782.0,,,,
111671,5007.3,5007.3,,424.0,422.0,,,,
111673,24449.7,24449.7,,1491.0,1437.0,52.1,61.8,67.5,
111680,3768.7,3768.7,,327.0,330.0,44.1,52.4,57.9,
111688,18841.0,18841.0,,1389.0,1596.0,,,,
111701,31331.0,31331.0,,2728.0,3049.0,47.8,57.7,63.7,
111708,1996.3,1996.3,,367.0,241.0,34.8,42.7,47.0,
111712,24091.3,24091.3,,1587.0,1750.0,,,,
111718,10453.3,10453.3,,1005.0,757.0,,,,
111720,8452.0,8452.0,,631.0,761.0,,,,
111723,16418.3,16418.3,,1103.0,1183.0,,,,
111724,16812.0,16812.0,,1127.0,1341.0,45.4,57.2,63.4,
111727,3493.0,3493.0,,298.0,315.0,32.8,39.1,43.1,
111728,749.0,749.0,,55.0,68.0,38.7,47.3,51.1,
111733,21069.0,21069.0,,2555.0,1189.0,,,,
111748,1663.0,1663.0,,123.0,147.0,,,,
111754,11835.3,11835.3,,751.0,1122.0,,,,
111758,3487.0,3487.0,,307.0,313.0,43.7,49.9,54.8,
111762,13047.0,13047.0,,728.0,998.0,44.1,54.6,61.3,
111772,18917.0,18917.0,,1511.0,1561.0,60.6,69.0,74.5,
111776,4687.0,4687.0,,399.0,400.0,,,,
111777,11223.7,11223.7,,706.0,828.0,,,,
111780,1285.0,1285.0,,136.0,127.0,,,,
111782,1636.0,1636.0,,137.0,163.0,44.9,52.1,56.8,
111785,19441.0,19441.0,,1435.0,1570.0,58.6,67.4,72.4,
111787,822.5,822.5,,65.0,88.0,37.9,44.9,49.6,
111800,201.0,201.0,,17.0,17.0,37.8,46.5,52.3,
111801,853.3,853.3,,112.0,94.0,,,,
111804,15626.0,15626.0,,1067.0,1341.0,45.9,52.1,54.9,
111814,478.0,478.0,,35.0,43.0,35.7,46.6,51.2,
111820,16644.0,16644.0,,1236.0,1334.0,61.6,68.9,73.9,
111827,1663.0,1663.0,,123.0,147.0,,,,
111833,533.0,533.0,,32.0,53.0,37.7,47.3,52.9,
111834,490.0,490.0,,36.0,44.0,34.8,44.7,49.5,
111837,26526.0,26526.0,,2412.0,2404.0,51.7,61.2,67.3,
111840,9506.3,9506.3,,1096.0,596.0,,,,
111846,9665.7,9665.7,,502.0,1106.0,,,,
111858,10839.6,11335.2,9600.5,577.0,902.0,38.0,43.7,47.4,
111863,11430.0,11430.0,,654.0,938.0,,,,
111870,569.0,569.0,,19.0,43.0,37.0,46.8,51.6,
111872,497.0,497.0,,29.0,50.0,36.6,43.6,47.9,
111875,9552.7,9552.7,,1087.0,585.0,,,,
111878,18163.1,18711.2,16793.0,1023.0,1319.0,55.0,63.4,68.7,
111886,979.9,1065.6,765.5,72.0,97.0,31.1,39.2,43.9,
111891,971.0,971.0,,99.0,98.0,35.5,43.4,48.3,
111892,13185.7,13185.7,,1782.0,745.0,,,,
111896,427.1,536.4,154.0,70.0,62.0,31.5,42.0,48.6,
111906,880.5,880.5,,97.0,94.0,38.2,46.6,51.7,
111913,612.0,612.0,,38.0,61.0,27.0,34.8,39.5,
111922,11143.0,11143.0,,882.0,823.0,,,,
111943,789.7,789.7,,49.0,65.0,39.0,47.2,52.7,
111947,5391.3,5391.3,,452.0,497.0,,,,
111948,824.0,824.0,,69.0,83.0,39.9,48.4,53.0,
111949,424.3,424.3,,51.0,35.0,34.6,42.6,46.5,
111951,17948.0,17948.0,,1263.0,1517.0,50.9,59.3,64.7,
111954,427.0,427.0,,19.0,45.0,38.3,46.7,49.8,
111955,1179.0,1179.0,,130.0,97.0,33.7,41.2,44.5,
111959,691.0,691.0,,49.0,84.0,46.2,56.6,59.7,
111960,2295.0,2295.0,,199.0,197.0,35.8,42.7,46.1,
111967,179.0,179.0,,9.0,23.0,33.1,42.8,47.5,
111969,860.0,860.0,,99.0,80.0,35.0,43.9,48.6,
111976,817.0,817.0,,115.0,128.0,34.3,39.6,44.2,
111978,695.0,695.0,,62.0,61.0,39.5,49.5,56.0,
111979,24396.3,24396.3,,1989.0,2106.0,,,,
111980,7405.3,7405.3,,492.0,593.0,,,,
111984,1028.0,1028.0,,139.0,120.0,40.0,48.4,53.6,
111985,649.0,649.0,,87.0,70.0,41.4,49.8,54.5,
111986,320.0,320.0,,18.0,30.0,34.8,43.3,47.7,
111988,13714.3,13714.3,,773.0,1448.0,,,,
111994,8982.0,8982.0,,868.0,791.0,45.8,54.5,59.9,
111995,1507.0,1507.0,,178.0,152.0,39.1,48.0,54.0,
112003,1684.0,1684.0,,200.0,166.0,37.0,47.8,53.6,
112008,11225.3,11225.3,,576.0,1000.0,,,,
112012,3187.5,3262.6,2999.8,169.0,272.0,,,,0.052
112016,693.0,693.0,,120.0,98.0,34.9,43.1,48.2,
112018,427.5,427.5,,54.0,58.0,34.8,43.5,47.8,
112026,987.0,987.0,,107.0,87.0,38.8,48.0,52.9,
112030,16732.0,16732.0,,1458.0,1490.0,71.3,77.2,96.1,
112031,1595.0,1595.0,,153.0,162.0,38.0,44.8,49.3,
112035,469.0,469.0,,47.0,45.0,34.1,44.7,49.2,
112037,797.0,797.0,,34.0,93.0,33.5,41.3,45.0,
112038,603.7,603.7,,56.0,114.0,32.4,39.4,43.8,
112049,10319.7,10319.7,,866.0,771.0,,,,
112072,7938.3,7938.3,,503.0,710.0,,,,
112075,8697.3,8697.3,,703.0,833.0,52.0,62.2,68.0,
112092,9037.0,9037.0,,562.0,840.0,,,,
112097,288.0,288.0,,31.0,33.0,33.7,43.5,51.6,
112102,574.0,574.0,,52.0,70.0,33.5,42.9,47.0,
112109,21493.0,21493.0,,1484.0,2001.0,50.9,59.2,64.6,
112124,407.0,407.0,,31.0,44.0,35.5,46.5,49.9,
112131,22913.0,22913.0,,1397.0,1580.0,59.8,69.2,74.9,
112149,930.3,930.3,,136.0,111.0,33.8,41.8,46.5,
112168,9017.0,9017.0,,476.0,792.0,43.8,51.2,54.9,
112171,954.3,954.3,,74.0,83.0,37.2,44.6,49.9,
112178,16293.0,16293.0,,1331.0,1300.0,61.4,69.4,76.2,
112183,10588.7,10893.6,9826.5,654.0,931.0,,,,
112189,537.0,537.0,,40.0,66.0,35.0,44.3,49.0,
112207,4801.7,4801.7,,343.0,417.0,,,,
112224,1158.7,1158.7,,102.0,133.0,40.7,49.7,56.7,
112225,1776.0,1776.0,,110.0,172.0,39.3,48.1,53.6,
112239,982.0,982.0,,88.0,78.0,,,,
112240,184.0,184.0,,11.0,28.0,33.5,43.1,48.6,
112248,4483.3,4483.3,,341.0,367.0,,,,
112250,736.7,736.7,,79.0,79.0,28.7,39.3,44.2,
112253,1670.0,1670.0,,67.0,164.0,36.4,44.3,49.8,
112256,492.0,492.0,,39.0,73.0,36.0,44.9,51.3,
112257,17898.3,17898.3,,996.0,2409.0,,,,
112259,533.0,533.0,,81.0,61.0,34.5,43.3,48.5,
112260,1426.0,1426.0,,112.0,129.0,29.9,34.7,38.9,
112261,1111.7,1111.7,,70.0,100.0,39.0,47.6,52.9,
112262,14578.3,14578.3,,896.0,1442.0,,,,
112271,9255.3,9255.3,,896.0,630.0,,,,
112278,258.0,258.0,,34.0,28.0,28.2,34.9,39.4,
112292,7380.0,7380.0,,462.0,559.0,,,,
112296,99.0,99.0,,5.0,12.0,29.6,41.8,47.4,
112304,1162.0,1162.0,,102.0,134.0,40.4,49.6,54.8,
112305,232.0,232.0,,19.0,22.0,29.5,41.3,49.6,
112306,314.7,314.7,,20.0,49.0,34.2,44.7,51.6,
112312,256.0,256.0,,21.0,25.0,28.9,38.7,43.5,
112314,1055.0,1055.0,,98.0,92.0,32.1,44.1,49.8,
112316,231.0,231.0,,14.0,26.0,21.6,29.9,41.2,
112318,1549.0,1549.0,,249.0,188.0,27.6,34.5,38.4,
112320,529.5,529.5,,124.0,85.0,38.6,47.1,52.3,
112321,14502.0,14502.0,,850.0,1375.0,,,,
112324,8103.7,8103.7,,540.0,630.0,,,,
112331,1146.7,1146.7,,97.0,129.0,40.9,49.9,56.9,
112332,15324.0,15324.0,,1454.0,1095.0,,,,
112333,220.5,220.5,,13.0,24.0,34.5,44.4,49.4,
112344,566.0,566.0,,30.0,46.0,34.6,44.6,49.6,
112348,22180.0,22180.0,,1173.0,1433.0,44.2,53.5,58.4,
112354,548.7,548.7,,54.0,51.0,34.9,44.3,49.2,
112355,14058.9,14664.2,13302.3,1197.0,1024.0,,,,
112359,543.0,543.0,,81.0,58.0,41.6,51.2,55.0,
112360,1166.7,1166.7,,98.0,134.0,40.6,50.0,56.4,
112367,1615.0,1615.0,,58.0,158.0,,,,
112374,7564.1,7854.4,6838.5,685.0,624.0,,,,
112376,614.5,614.5,,85.0,64.0,35.6,43.7,49.2,
112385,712.7,712.7,,70.0,79.0,,,,
112392,198.3,198.3,,11.0,27.0,44.8,54.1,59.7,
112396,566.0,566.0,,39.0,42.0,36.4,46.9,52.3,
112397,1356.0,1356.0,,112.0,252.0,36.0,42.7,46.6,
112409,1729.0,1729.0,,154.0,224.0,38.5,44.9,49.6,
112412,14815.0,14815.0,,1075.0,1307.0,53.7,61.7,66.9,
112416,471.0,471.0,,41.0,4.0,39.0,48.1,53.8,
112417,856.0,856.0,,78.0,79.0,39.5,48.2,53.8,
112423,17266.0,17266.0,,1190.0,1286.0,54.1,63.3,68.8,
112424,12469.7,12469.7,,822.0,967.0,47.1,54.3,59.3,
112425,485.0,485.0,,41.0,42.0,,,,
112426,595.0,595.0,,42.0,58.0,39.1,48.2,54.0,
112444,23275.0,23275.0,,1543.0,1628.0,53.9,62.9,68.6,
112453,1421.3,1421.3,,105.0,120.0,,,,
112456,758.0,758.0,,132.0,88.0,35.4,42.8,47.3,
112460,91.0,91.0,,7.0,8.0,28.3,37.0,43.5,
112462,665.0,665.0,,41.0,63.0,34.2,43.7,48.7,
112468,326.0,326.0,,20.0,38.0,,,,
112471,1075.5,1075.5,,182.0,134.0,26.5,34.2,38.4,
112472,5297.0,5297.0,,356.0,398.0,52.4,59.5,64.5,
112485,425.0,425.0,,30.0,49.0,33.0,42.8,48.2,
112487,390.0,390.0,,33.0,37.0,40.7,49.9,57.0,
112498,352.0,352.0,,24.0,32.0,37.4,47.7,54.5,
112502,664.0,664.0,,51.0,61.0,34.4,42.8,47.7,
112525,466.7,466.7,,50.0,51.0,36.0,44.4,49.5,
112542,481.0,481.0,,52.0,24.0,30.3,36.9,39.5,
112574,357.0,357.0,,30.0,9.0,33.7,42.7,47.9,
112591,452.0,452.0,,64.0,61.0,32.3,41.1,44.6,
112609,408.0,408.0,,26.0,39.0,33.5,41.2,44.1,
112615,22205.0,22205.0,,1501.0,1488.0,48.7,58.3,63.8,
112634,6832.3,6832.3,,542.0,482.0,,,,
112644,719.0,719.0,,54.0,77.0,33.5,41.2,44.7,
112661,161.0,161.0,,14.0,14.0,28.2,39.2,44.1,
112671,2412.7,2412.7,,205.0,233.0,39.6,47.1,51.8,
112674,1238.0,1238.0,,94.0,129.0,36.7,46.5,49.9,
112676,710.0,710.0,,56.0,64.0,35.8,43.9,48.7,
112686,6892.7,6892.7,,386.0,647.0,52.1,59.2,64.8,
112687,9793.3,9793.3,,1306.0,526.0,,,,
112688,2237.5,2237.5,,192.0,181.0,40.2,49.7,54.8,
112695,2670.0,2670.0,,198.0,240.0,32.2,38.2,41.5,
112697,744.0,744.0,,61.0,61.0,37.5,46.3,49.8,
112700,830.0,830.0,,71.0,75.0,33.9,44.1,49.3,
112702,950.0,950.0,,75.0,92.0,37.6,46.0,49.6,
112704,739.0,739.0,,58.0,61.0,37.1,44.5,48.9,
112710,182.0,182.0,,12.0,21.0,32.6,41.5,46.4,
112712,97.7,97.7,,6.0,14.0,21.5,31.8,36.1,
112713,157.0,157.0,,8.0,16.0,26.5,34.9,40.0,
112715,3007.5,3007.5,,238.0,229.0,40.0,48.0,52.7,
112716,759.0,759.0,,54.0,60.0,34.8,43.4,48.1,
112717,418.0,418.0,,34.0,36.0,30.7,39.0,44.1,
112718,265.3,265.3,,25.0,25.0,30.9,39.8,44.6,
112734,1008.0,1008.0,,57.0,96.0,39.8,49.0,53.8,
112746,283.0,283.0,,30.0,29.0,30.9,39.5,43.6,
112747,122.0,122.0,,16.0,17.0,26.1,36.7,40.0,
112750,329.0,329.0,,31.0,40.0,30.6,39.3,43.7,
112753,544.7,544.7,,34.0,53.0,34.0,42.7,46.9,
112761,9629.7,9629.7,,557.0,931.0,,,,
112783,12374.0,12374.0,,988.0,1020.0,51.5,58.7,63.7,
112813,8591.0,8591.0,,818.0,601.0,,,,
112814,13339.0,13339.0,,964.0,1054.0,,,,
112815,15070.0,15070.0,,1319.0,1220.0,56.3,64.9,71.6,
112816,5369.0,5369.0,,440.0,417.0,,,,
112832,4547.3,4547.3,,303.0,403.0,,,,
112834,726.0,726.0,,68.0,77.0,36.7,44.8,52.0,
112846,7146.3,7146.3,,618.0,596.0,,,,
112850,5838.3,5838.3,,382.0,443.0,,,,
112852,784.3,784.3,,70.0,82.0,28.8,34.8,39.3,
112858,6930.7,6930.7,,482.0,540.0,39.4,46.8,51.1,
112861,8148.7,8148.7,,442.0,705.0,,,,
112878,1772.3,1772.3,,201.0,183.0,33.2,42.6,47.7,
112880,323.7,323.7,,38.0,37.0,31.9,39.8,44.4,
112881,7510.3,7510.3,,532.0,634.0,41.0,52.2,58.3,
112884,1254.3,1254.3,,72.0,116.0,33.1,39.8,44.5,
112888,15079.7,15079.7,,1051.0,1218.0,49.7,57.2,62.3,
112900,3851.7,3851.7,,332.0,402.0,40.4,47.3,51.4,
112906,1915.0,1915.0,,133.0,183.0,36.2,42.5,45.0,
112907,874.7,874.7,,117.0,109.0,29.1,38.0,42.0,
112911,9792.3,9792.3,,1111.0,641.0,,,,
112915,3133.3,3133.3,,252.0,282.0,,,,
112920,3394.3,3394.3,,278.0,366.0,37.2,44.8,49.5,
112921,3736.0,3736.0,,321.0,377.0,38.1,43.8,48.1,
112927,12779.7,12779.7,,793.0,1077.0,46.1,53.9,59.1,
112930,7848.7,7848.7,,920.0,552.0,,,,
112931,11973.0,11973.0,,626.0,808.0,42.1,49.9,56.2,
112935,11274.5,11274.5,,753.0,847.0,38.8,49.9,56.1,
112936,14727.0,14727.0,,822.0,1392.0,,,,
112939,5151.7,5151.7,,486.0,533.0,41.6,48.4,52.9,
112941,3803.0,3803.0,,310.0,355.0,36.2,43.3,48.1,
112944,532.0,532.0,,39.0,49.0,31.4,41.3,46.1,
112947,5350.3,5350.3,,496.0,584.0,40.5,47.7,51.7,
112949,25079.0,25079.0,,1669.0,1875.0,42.2,51.7,57.3,
112950,660.7,660.7,,54.0,63.0,31.9,39.8,44.5,
112951,810.3,810.3,,114.0,85.0,36.6,44.2,48.9,
112953,3014.3,3014.3,,476.0,202.0,,,,
112964,8903.7,8903.7,,730.0,1090.0,,,,
112968,687.0,687.0,,99.0,123.0,29.4,38.2,43.4,
112969,229.0,229.0,,46.0,29.0,33.2,43.0,47.3,
112985,484.0,484.0,,86.0,42.0,32.7,42.4,44.9,
112987,394.0,394.0,,26.0,34.0,37.8,48.3,53.4,
112988,15999.5,15999.5,,1266.0,1256.0,36.9,44.5,49.1,
112989,14539.0,14539.0,,764.0,1363.0,,,,
112995,732.0,732.0,,120.0,95.0,31.0,38.7,43.4,
112999,531.0,531.0,,75.0,54.0,35.5,43.7,48.8,
113010,763.7,763.7,,103.0,77.0,33.6,43.2,48.5,
113020,5443.5,5443.5,,360.0,461.0,46.0,53.7,59.0,
113021,765.0,765.0,,82.0,91.0,36.2,46.2,51.6,
113030,5643.0,5643.0,,363.0,464.0,43.5,53.2,58.9,
113039,20132.0,20132.0,,1668.0,1740.0,51.2,59.5,64.7,
113042,5156.5,5156.5,,338.0,439.0,42.9,51.5,56.5,
113059,4770.5,4770.5,,318.0,399.0,42.7,49.8,54.8,
113068,502.0,502.0,,85.0,48.0,35.2,43.9,49.0,
113084,4999.0,4999.0,,310.0,392.0,45.8,53.8,59.2,
113087,18185.0,18185.0,,1366.0,1441.0,52.3,61.7,67.2,
113090,540.7,540.7,,48.0,56.0,34.2,43.2,48.3,
113111,10998.6,11401.2,10495.3,1230.0,678.0,,,,
113112,2803.3,2803.3,,158.0,231.0,,,,
113117,516.3,516.3,,52.0,52.0,27.2,32.9,34.7,
113123,10977.0,10977.0,,1269.0,717.0,54.0,64.2,71.1,
113124,13058.7,13378.6,12658.8,773.0,1474.0,,,,
113125,313.0,313.0,,36.0,28.0,27.9,39.5,46.1,
113126,540.3,540.3,,48.0,47.0,31.7,39.9,44.9,
113137,3113.3,3113.3,,298.0,282.0,40.2,47.4,52.0,
113139,3082.0,3082.0,,300.0,271.0,38.8,48.9,54.4,
113141,2179.4,2363.4,1719.5,232.0,244.0,,,,0.01
113152,416.0,416.0,,49.0,39.0,32.1,41.4,44.9,
113153,7284.0,7284.0,,675.0,693.0,,,,
113154,2098.0,2098.0,,190.0,203.0,38.4,46.7,51.9,
113155,365.0,365.0,,32.0,43.0,35.2,42.5,46.8,
113156,2468.0,2468.0,,287.0,228.0,39.8,46.3,49.8,
113160,563.0,563.0,,51.0,50.0,37.0,43.7,48.2,
113161,342.0,342.0,,31.0,41.0,31.8,42.9,48.2,
113162,24716.0,24716.0,,2098.0,2153.0,53.3,64.4,71.9,
113168,357.0,357.0,,63.0,46.0,34.6,41.0,44.6,
113169,160.0,160.0,,17.0,24.0,27.0,34.0,38.4,
113170,1119.0,1119.0,,106.0,119.0,32.5,41.4,47.0,
113172,2261.0,2261.0,,214.0,214.0,35.4,44.2,49.3,
113176,2341.0,2341.0,,242.0,226.0,40.5,47.4,52.0,
113178,13246.0,13246.0,,765.0,1640.0,,,,
113182,399.0,399.0,,37.0,67.0,25.9,33.6,36.0,
113183,369.0,369.0,,37.0,59.0,32.2,39.9,44.6,
113185,458.0,458.0,,36.0,49.0,26.2,34.3,38.2,
113186,2837.0,2837.0,,266.0,266.0,30.1,41.4,47.3,
113192,1502.2,1555.3,1422.5,124.0,141.0,36.2,44.9,50.0,
113193,22118.0,22118.0,,1731.0,1796.0,53.2,61.4,66.5,
113194,357.0,357.0,,33.0,38.0,29.4,37.5,39.7,
113198,1246.0,1246.0,,102.0,120.0,40.7,49.4,54.7,
113201,421.0,421.0,,36.0,47.0,24.1,32.8,36.4,
113205,377.0,377.0,,96.0,31.0,30.3,37.1,39.4,
113206,575.0,575.0,,61.0,68.0,30.3,42.1,45.0,
113207,203.0,203.0,,23.0,22.0,25.9,34.1,38.6,
113208,1301.0,1301.0,,122.0,112.0,39.3,52.1,59.5,
113210,761.0,761.0,,121.0,68.0,29.9,37.8,41.5,
113211,2485.0,2485.0,,293.0,260.0,40.5,47.7,52.5,
113212,357.5,357.5,,37.0,37.0,32.0,41.3,46.4,
113216,1702.0,1702.0,,191.0,224.0,41.6,49.3,54.4,
113220,12260.0,12260.0,,1452.0,672.0,,,,
113227,1978.6,2070.7,1840.5,144.0,176.0,35.1,43.6,48.9,
113230,11887.3,11887.3,,706.0,1400.0,,,,
113233,771.0,771.0,,78.0,83.0,38.0,47.7,53.0,
113237,2305.5,2305.5,,209.0,264.0,31.8,39.2,43.8,
113239,2999.0,2999.0,,232.0,382.0,38.7,46.9,51.4,
113240,25627.0,25627.0,,2023.0,1967.0,42.3,53.9,59.7,
113243,225.7,225.7,,14.0,17.0,26.4,36.1,41.2,
113244,4595.0,4595.0,,435.0,443.0,32.3,37.7,39.9,
113247,2662.0,2662.0,,300.0,352.0,41.8,48.8,53.6,
113249,239.0,239.0,,21.0,17.0,22.6,32.2,36.4,
113252,836.0,836.0,,57.0,86.0,29.7,36.1,39.3,
113258,765.7,765.7,,90.0,77.0,27.7,34.0,37.7,
113265,3572.7,3572.7,,305.0,348.0,34.4,39.8,44.1,
113267,4586.0,4586.0,,449.0,521.0,39.2,46.1,49.8,
113268,602.7,602.7,,40.0,91.0,30.7,39.0,43.9,
113273,5199.3,5199.3,,534.0,593.0,39.5,46.5,49.9,
436101,63992.7,63992.7,,4122.0,4249.0,,,,
436103,46759.0,46759.0,,3379.0,3833.0,,,,
436108,53444.7,53444.7,,3388.0,3806.0,,,,
436109,14388.0,14388.0,,686.0,1220.0,,,,
436114,5395.3,5395.3,,361.0,493.0,,,,
436136,24084.7,24084.7,,1684.0,2054.0,,,,
436148,25408.7,25408.7,,1576.0,1925.0,60.0,68.4,74.2,
436157,1833.7,1833.7,,171.0,160.0,34.4,42.1,46.2,
436161,1935.0,1935.0,,131.0,191.0,32.6,39.2,44.2,
436185,28160.7,28160.7,,2367.0,2668.0,,,,
436186,1366.7,1366.7,,106.0,139.0,,,,
436190,36824.0,36824.0,,2810.0,2870.0,63.0,72.6,78.0,
436192,1018.0,1018.0,,116.0,122.0,38.5,46.4,51.2,
436207,23314.7,23314.7,,1841.0,1862.0,,,,
436215,924.0,924.0,,99.0,113.0,38.8,46.6,52.9,
436231,47947.7,47947.7,,3574.0,3941.0,,,,
436232,36148.0,36148.0,,2771.0,2193.0,,,,
436237,21287.0,21287.0,,1604.0,2046.0,60.9,69.6,76.9,
436241,2222.0,2222.0,,181.0,171.0,,,,
436242,26462.0,26462.0,,2099.0,2260.0,,,,
436249,22062.7,22062.7,,1726.0,1738.0,,,,
436255,26070.0,26070.0,,1852.0,2456.0,51.7,59.6,64.7,
436276,3171.7,3171.7,,276.0,256.0,,,,
436280,2160.0,2160.0,,159.0,274.0,,,,
436282,5014.0,5014.0,,356.0,369.0,,,,
436326,6137.0,6137.0,,522.0,573.0,,,,
436346,22051.7,22051.7,,1531.0,1831.0,,,,
436375,43371.0,43371.0,,3162.0,3445.0,,,,
436388,49.0,49.0,,5.0,4.0,31.3,39.1,44.4,
436393,1000.0,1000.0,,164.0,99.0,33.0,47.6,52.6,
436395,3633.0,3633.0,,358.0,336.0,,,,
436399,10408.0,10408.0,,840.0,1069.0,44.3,52.7,57.5,
436401,2452.7,2452.7,,276.0,226.0,,,,
436422,6384.0,6384.0,,682.0,732.0,48.9,54.9,59.9,
436428,1043.0,1043.0,,144.0,115.0,33.5,43.1,47.4,
436436,8089.0,8089.0,,638.0,567.0,41.5,49.8,54.5,
436447,19197.7,19197.7,,1156.0,1684.0,,,,
436449,5278.7,5278.7,,550.0,511.0,,,,
436458,2724.7,2724.7,,241.0,291.0,40.5,49.9,56.7,
436461,19727.0,19727.0,,1303.0,1614.0,49.4,59.0,64.6,
436472,9883.0,9883.0,,600.0,1374.0,49.8,56.7,60.0,
436490,2300.0,2300.0,,345.0,221.0,41.0,48.2,52.5,
436492,54.7,54.7,,7.0,5.0,,,,
436501,2244.0,2244.0,,261.0,260.0,32.5,41.7,44.8,
436505,20285.7,20285.7,,1650.0,1546.0,,,,
436520,417.0,417.0,,59.0,37.0,,,,
436522,558.5,558.5,,43.0,48.0,37.3,47.8,53.1,
436525,2730.7,2730.7,,274.0,288.0,41.9,48.4,53.2,
436533,18245.3,18245.3,,1208.0,1340.0,,,,
436540,2148.0,2148.0,,196.0,233.0,39.3,48.3,53.4,
436544,9681.0,9681.0,,980.0,942.0,39.3,47.6,54.2,
436558,13573.3,13573.3,,1593.0,1324.0,,,,
436565,748.0,748.0,,63.0,71.0,,,,
436566,2028.7,2028.7,,166.0,234.0,,,,
436575,5686.0,5686.0,,648.0,403.0,,,,
436593,9978.7,9978.7,,1091.0,1164.0,,,,
436597,12681.7,12681.7,,1353.0,1083.0,,,,
436598,18224.0,18224.0,,1270.0,1539.0,53.0,66.4,72.8,
436600,62159.7,62159.7,,4093.0,4456.0,,,,
436608,892.7,890.2,899.0,87.0,83.0,,,,
436613,2641.5,2641.5,,211.0,205.0,,,,
436615,1108.0,1108.0,,81.0,90.0,27.3,33.7,36.5,
436618,9497.7,9497.7,,947.0,932.0,50.1,59.9,67.6,
436631,43104.3,43104.3,,2459.0,3081.0,,,,
436638,19354.3,19354.3,,1570.0,1571.0,,,,
436640,900.0,900.0,,94.0,97.0,38.8,47.3,52.5,
436655,13249.0,13249.0,,970.0,1476.0,,,,
436657,13336.0,13336.0,,1046.0,1320.0,47.4,58.0,63.5,
436665,23419.7,23419.7,,1315.0,1777.0,,,,
436666,836.0,836.0,,150.0,113.0,40.8,51.5,58.4,
436667,17684.7,17684.7,,1291.0,1206.0,,,,
436669,655.0,655.0,,42.0,66.0,37.4,47.6,53.4,
436684,597.0,597.0,,40.0,54.0,,,,
436686,20206.0,20206.0,,1664.0,1719.0,,,,
436693,163.0,163.0,,11.0,20.0,29.4,39.6,44.3,
436696,979.0,979.0,,102.0,108.0,,,,
436697,13399.0,13399.0,,1061.0,1279.0,48.3,59.0,64.3,
436701,2748.7,2748.7,,274.0,287.0,41.1,48.3,53.2,
436702,1499.0,1499.0,,206.0,171.0,45.1,53.6,58.7,
436723,23328.3,23328.3,,1587.0,1940.0,,,,
436731,25709.0,25709.0,,2156.0,1894.0,,,,
436733,999.5,999.5,,108.0,111.0,,,,
436746,1260.0,1260.0,,159.0,122.0,43.7,52.6,56.8,
436747,11914.3,11914.3,,1102.0,1232.0,41.9,57.2,63.3,
436758,15704.7,15704.7,,862.0,1112.0,,,,0.284
436759,2822.3,2822.3,,191.0,223.0,,,,
436766,1737.0,1737.0,,164.0,154.0,44.1,53.2,58.7,
436769,37482.7,37482.7,,2743.0,2737.0,,,,
436771,3298.0,3298.0,,524.0,330.0,47.1,54.5,59.6,
436772,9503.0,9503.0,,744.0,934.0,44.7,53.3,58.2,
436781,637.0,637.0,,54.0,68.0,41.5,49.9,57.0,
436785,326.0,326.0,,49.0,40.0,37.7,47.7,51.9,
436819,547.0,547.0,,48.0,52.0,40.0,52.9,58.7,
436820,15017.0,15017.0,,1187.0,1537.0,54.7,62.3,67.3,
436828,27727.0,27727.0,,1453.0,2182.0,,,,
436839,1140.0,1140.0,,156.0,101.0,41.6,49.1,54.0,
436843,782.3,782.3,,183.0,86.0,35.7,44.6,49.8,
436848,2916.0,2916.0,,340.0,369.0,43.1,49.9,56.1,
436853,18549.3,18549.3,,1775.0,1337.0,,,,
436854,3232.7,3232.7,,284.0,431.0,35.4,44.2,49.1,
436861,1987.0,1987.0,,152.0,183.0,42.7,52.0,57.3,
436863,3703.3,3703.3,,413.0,332.0,,,,
436866,2150.0,2150.0,,149.0,268.0,44.2,53.2,59.0,
436875,1069.0,1069.0,,80.0,112.0,42.4,51.2,56.8,
436881,5180.3,5180.3,,325.0,500.0,,,,
436882,12489.3,12489.3,,1337.0,1074.0,,,,
436892,1582.0,1582.0,,208.0,149.0,,,,
436897,8784.0,8784.0,,673.0,638.0,38.4,46.8,51.4,
436898,590.0,590.0,,125.0,45.0,40.9,49.2,54.2,
436906,2294.0,2294.0,,238.0,360.0,48.6,57.4,63.3,
436907,3657.0,3657.0,,413.0,464.0,36.8,44.6,49.2,
436917,29106.0,29106.0,,2271.0,2256.0,,,,
436920,12674.3,12674.3,,1226.0,1248.0,53.7,64.1,71.8,
436927,2074.2,2074.2,,216.0,205.0,36.6,46.5,51.9,
436932,1768.0,1768.0,,204.0,195.0,44.7,53.0,58.2,
436943,557.0,557.0,,146.0,83.0,41.2,51.5,55.0,
436948,14369.0,14369.0,,955.0,1129.0,,,,0.15
436950,1230.0,1230.0,,98.0,139.0,42.0,49.8,54.8,
436960,1358.0,1358.0,,163.0,134.0,45.2,53.8,59.3,
436961,1693.0,1693.0,,187.0,192.0,45.2,53.8,59.2,
436965,1887.0,1887.0,,228.0,173.0,33.9,39.1,43.3,
436969,3486.0,3486.0,,522.0,343.0,42.8,51.0,54.9,
436970,4585.0,4585.0,,358.0,403.0,43.5,52.8,58.1,
436972,19476.0,19476.0,,1399.0,1466.0,,,,
436983,1160.0,1160.0,,124.0,134.0,44.0,53.1,59.2,
436985,990.7,990.7,,103.0,123.0,43.6,52.0,57.3,
436993,21839.3,21839.3,,2010.0,2175.0,,,,
436996,43385.0,43385.0,,3020.0,3122.0,,,,
436999,2886.0,2886.0,,251.0,238.0,,,,
437008,40451.7,40451.7,,2922.0,2805.0,,,,
437009,1164.0,1164.0,,109.0,116.0,43.6,53.6,59.7,
437010,16740.0,16740.0,,1331.0,1722.0,52.1,59.8,64.8,
437011,1782.0,1782.0,,226.0,166.0,40.7,48.6,53.5,
437014,275.0,275.0,,21.0,28.0,33.7,42.2,46.4,
437015,4313.0,4313.0,,342.0,418.0,,,,
437016,286.0,286.0,,19.0,33.0,33.3,42.6,48.4,
437025,28346.3,28346.3,,2237.0,1759.0,,,,
437034,5826.5,5826.5,,516.0,552.0,36.3,43.5,48.3,
437036,865.7,865.7,,92.0,95.0,43.2,51.9,56.8,
437044,22148.0,22148.0,,1280.0,1877.0,,,,
437049,9787.0,9787.0,,771.0,855.0,,,,
437056,19819.0,19819.0,,809.0,1828.0,,,,
437061,1522.3,1522.3,,91.0,133.0,,,,
437063,36131.7,36131.7,,2382.0,2559.0,,,,
437064,5452.7,5452.7,,343.0,414.0,28.3,36.3,39.6,
437065,1534.3,1534.3,,127.0,124.0,43.3,52.4,57.9,
437073,838.0,838.0,,91.0,92.0,43.1,51.7,57.4,
437076,1914.0,1914.0,,212.0,195.0,32.6,39.9,44.9,
437081,6797.3,6797.3,,638.0,704.0,36.5,43.0,46.1,
437086,7593.0,7593.0,,664.0,705.0,41.3,47.7,51.5,
437090,27943.7,27943.7,,1463.0,2169.0,,,,
437094,20992.7,20992.7,,1703.0,1417.0,,,,
437107,13054.0,13511.6,11910.0,875.0,1353.0,,,,
437117,337.0,337.0,,69.0,41.0,38.8,44.7,49.8,
437127,742.3,742.3,,150.0,100.0,33.9,41.4,44.9,
437145,1004.7,1092.8,784.5,69.0,94.0,,,,
437149,11658.0,11658.0,,815.0,1165.0,38.5,46.7,49.8,
437170,1105.0,1105.0,,62.0,104.0,,,,
437171,5487.7,5487.7,,301.0,531.0,38.6,44.3,48.7,
437189,3863.7,3863.7,,402.0,370.0,,,,
437199,693.0,693.0,,145.0,103.0,34.2,41.8,46.4,
437201,1992.0,1992.0,,267.0,183.0,39.5,46.9,51.1,
437213,6380.3,6380.3,,560.0,625.0,37.3,43.9,47.9,
437224,8451.0,8451.0,,809.0,841.0,33.7,39.8,44.1,
437228,5829.0,5829.0,,446.0,542.0,40.0,47.0,49.9,
437230,1204.4,1304.8,953.5,150.0,115.0,,,,
437233,3520.9,3802.2,2817.5,348.0,472.0,,,,
437253,14535.0,14535.0,,790.0,1637.0,,,,
437254,1547.0,1547.0,,151.0,164.0,45.4,53.8,59.8,
437256,674.7,674.7,,70.0,69.0,38.3,44.8,49.7,
437267,24975.7,24975.7,,1380.0,2219.0,,,,
437269,2493.0,2493.0,,183.0,237.0,34.8,39.9,44.1,
437294,7170.7,7170.7,,592.0,641.0,,,,
437299,1492.0,1492.0,,145.0,160.0,44.0,51.9,57.8,
437302,70.0,70.0,,7.0,10.0,27.3,37.7,43.3,
437310,18937.0,18937.0,,1674.0,1304.0,,,,
437311,2494.0,2494.0,,298.0,227.0,38.5,46.3,51.9,
437323,4373.0,4373.0,,563.0,565.0,41.8,48.7,53.5,
437337,4122.0,4122.0,,408.0,477.0,42.9,50.0,56.7,
437342,1763.7,1763.7,,141.0,153.0,,,,
437351,18294.3,18294.3,,1483.0,1607.0,,,,
437364,4690.0,4690.0,,486.0,478.0,48.2,56.2,61.1,
437373,104.0,104.0,,11.0,17.0,24.8,34.8,47.6,
437381,1712.0,1712.0,,213.0,163.0,45.2,54.1,59.6,
437385,2279.0,2279.0,,171.0,213.0,34.8,41.2,44.5,
437386,1593.0,1593.0,,198.0,160.0,43.8,51.7,57.3,
437389,3807.0,3807.0,,344.0,383.0,36.5,42.1,45.0,
437393,5783.3,5783.3,,312.0,577.0,42.3,48.7,53.3,
437407,566.0,566.0,,51.0,70.0,40.6,49.0,53.5,
437409,23535.7,23535.7,,1619.0,1602.0,47.2,57.7,63.4,
437415,206.0,206.0,,25.0,30.0,34.8,43.0,47.2,
437423,7321.0,7321.0,,721.0,777.0,31.7,38.7,42.5,
437426,2213.0,2213.0,,202.0,267.0,38.9,44.9,49.8,
437430,2271.0,2271.0,,225.0,271.0,38.5,46.4,51.2,
437436,3383.7,3383.7,,401.0,343.0,46.2,53.1,57.6,
437446,1193.3,1193.3,,157.0,116.0,46.9,54.9,61.9,
437456,2665.0,2665.0,,469.0,237.0,38.6,44.5,49.2,
437459,14381.3,14381.3,,1425.0,1247.0,50.7,58.1,63.4,
437461,1258.0,1258.0,,172.0,110.0,43.1,52.7,57.7,
437462,519.0,519.0,,59.0,53.0,39.3,49.0,54.6,
437465,507.0,507.0,,150.0,21.0,41.2,48.7,53.6,
437468,23038.0,23038.0,,1478.0,1402.0,47.1,57.8,63.4,
437472,2085.0,2085.0,,240.0,226.0,44.3,52.1,56.8,
437473,6039.7,6039.7,,579.0,539.0,44.4,51.0,54.9,
437480,6821.0,6821.0,,597.0,647.0,,,,
437481,14110.7,14110.7,,1405.0,1171.0,,,,
437495,16917.7,16917.7,,1137.0,1418.0,,,,
437499,273.0,273.0,,37.0,33.0,33.7,46.2,52.5,
437523,4373.0,4373.0,,240.0,546.0,,,,
437526,9031.7,9031.7,,717.0,896.0,38.4,44.2,48.4,
437528,3574.0,3574.0,,331.0,358.0,43.5,49.5,54.2,
437529,269.0,269.0,,32.0,34.0,36.1,44.6,52.0,
437552,41116.7,41116.7,,2753.0,2987.0,,,,
437569,769.3,769.3,,86.0,82.0,39.3,48.9,54.3,
437571,1025.0,1025.0,,269.0,151.0,38.4,47.6,53.3,
437572,457.0,457.0,,128.0,68.0,33.5,39.5,44.2,
437574,5497.0,5497.0,,450.0,688.0,30.0,38.6,44.4,
437575,1391.0,1391.0,,134.0,195.0,37.0,44.2,48.9,
437582,133.0,133.0,,15.0,20.0,34.7,42.5,49.2,
437590,25052.3,25052.3,,1523.0,2132.0,,,,
437592,9352.7,9352.7,,1256.0,883.0,,,,
437600,22573.3,22573.3,,1479.0,1805.0,56.7,66.5,72.6,
437618,22787.3,22787.3,,1467.0,1870.0,49.5,54.5,59.0,
437620,731.0,731.0,,110.0,102.0,38.5,49.3,54.9,
437621,11921.0,11921.0,,948.0,1197.0,50.2,61.1,68.4,
437624,4200.0,4200.0,,561.0,568.0,40.1,47.2,50.0,
437635,642.0,642.0,,88.0,66.0,37.1,43.8,48.3,
437639,2717.0,2717.0,,240.0,288.0,37.8,47.3,52.1,
437643,347.0,347.0,,64.0,47.0,33.9,41.3,44.4,
437645,1852.0,1852.0,,311.0,203.0,39.4,48.6,53.9,
437675,375.0,375.0,,55.0,61.0,40.1,49.5,54.1,
437688,3687.7,3687.7,,339.0,366.0,43.9,51.3,56.2,
437692,1019.7,1019.7,,124.0,102.0,39.7,47.8,52.5,
437700,7722.9,8355.2,6142.0,827.0,711.0,,,,
437706,14347.3,14347.3,,1175.0,1073.0,,,,
437716,5627.0,5627.0,,700.0,558.0,37.7,44.8,49.6,
437730,930.0,930.0,,174.0,109.0,38.2,47.2,51.5,
437737,4625.0,4625.0,,357.0,490.0,38.3,46.6,49.9,
437738,233.0,233.0,,22.0,31.0,32.1,46.6,52.8,
437752,28007.3,29384.4,24564.5,2396.0,2305.0,,,,
437766,542.0,542.0,,34.0,58.0,41.8,54.7,63.2,
437767,4200.0,4200.0,,180.0,545.0,40.5,49.9,56.5,
437775,497.0,497.0,,74.0,50.0,43.8,54.5,61.9,
437776,1410.0,1410.0,,213.0,153.0,45.8,53.8,59.4,
437777,228.0,228.0,,22.0,17.0,30.4,46.3,52.3,
437780,3475.0,3475.0,,291.0,423.0,40.9,48.2,53.2,
437793,1732.0,1732.0,,154.0,176.0,42.8,52.4,57.2,
437794,15199.7,15199.7,,1324.0,1428.0,,,,
437795,700.0,700.0,,131.0,105.0,33.9,41.1,44.2,
437806,20703.3,20703.3,,1659.0,1368.0,,,,
437809,4357.7,4357.7,,205.0,380.0,31.9,38.5,42.9,
437811,14180.3,14180.3,,940.0,1083.0,,,,
437821,565.0,565.0,,68.0,52.0,11.9,17.2,23.1,
437829,587.7,587.7,,91.0,67.0,43.2,52.7,58.0,
437844,3274.7,3274.7,,357.0,333.0,,,,
437845,512.3,512.3,,59.0,57.0,,,,
437846,2011.3,2011.3,,290.0,181.0,,,,
437851,4939.0,4939.0,,592.0,504.0,36.2,44.4,48.9,
437852,12346.3,12346.3,,837.0,1050.0,42.4,52.6,59.1,
437854,20002.6,21528.2,16188.5,2286.0,1860.0,,,,
437872,23440.0,23440.0,,1237.0,2033.0,,,,
437873,1297.0,1297.0,,159.0,128.0,36.1,43.6,48.1,
437886,1295.0,1295.0,,155.0,115.0,34.4,42.9,47.8,
437895,10679.0,10679.0,,1077.0,1089.0,48.4,57.0,62.0,
437910,2261.0,2261.0,,241.0,221.0,43.9,52.0,57.2,
437925,2663.0,2663.0,,412.0,248.0,46.1,53.7,58.8,
437933,681.3,681.3,,105.0,82.0,,,,
437939,1212.5,1212.5,,171.0,117.0,35.2,42.9,47.4,
437955,627.0,627.0,,48.0,72.0,42.0,53.6,58.9,
437975,2524.0,2524.0,,375.0,231.0,46.8,54.0,58.9,
437998,3373.0,3373.0,,508.0,349.0,42.4,50.0,54.6,
437999,15238.3,15238.3,,921.0,1600.0,,,,
438011,14692.3,14692.3,,1575.0,1298.0,,,,
438013,1324.0,1324.0,,124.0,117.0,39.0,44.9,49.2,
438014,1146.7,1146.7,,181.0,176.0,,,,
438015,3072.0,3072.0,,465.0,296.0,37.4,43.5,47.6,
438025,688.0,688.0,,102.0,69.0,36.9,46.2,49.8,
438097,2154.7,2154.7,,280.0,275.0,,,,
438098,1030.0,1030.0,,165.0,111.0,35.0,41.3,44.4,
438108,5396.5,5396.5,,607.0,486.0,40.7,48.6,53.3,
438117,29838.3,29838.3,,2388.0,2439.0,,,,
438118,157.3,157.3,,9.0,18.0,23.9,34.0,39.0,
438171,7635.0,7635.0,,784.0,728.0,39.8,47.8,52.4,
438172,22315.7,22315.7,,1615.0,1845.0,,,,
438186,4151.0,4151.0,,538.0,389.0,39.5,47.6,51.5,
438190,20104.1,20984.6,17903.0,1572.0,1597.0,,,,
438191,30267.3,30267.3,,2593.0,2904.0,,,,
438198,7540.0,7540.0,,830.0,654.0,,,,
438208,5051.0,5051.0,,505.0,612.0,44.3,52.7,57.8,
438213,4614.0,4614.0,,321.0,441.0,41.6,49.1,53.8,
438226,216.0,216.0,,40.0,66.0,32.0,39.9,44.2,
438234,1014.0,1014.0,,168.0,100.0,40.3,48.3,52.8,
438252,127.0,127.0,,9.0,19.0,32.9,42.2,46.4,
438261,9873.3,9873.3,,933.0,983.0,,,,
438266,5480.0,5480.0,,489.0,580.0,45.9,53.1,57.9,
438278,28540.5,28540.5,,1749.0,1713.0,63.6,72.5,78.5,
438281,2342.7,2342.7,,191.0,228.0,,,,
438288,6202.7,6202.7,,673.0,794.0,,,,
438289,19288.0,19288.0,,1640.0,1531.0,,,,
438307,15891.3,15891.3,,946.0,1655.0,,,,
438309,18462.3,18462.3,,1305.0,1272.0,,,,
438314,291.5,291.5,,91.0,90.0,22.2,33.0,38.0,
438330,895.0,895.0,,152.0,100.0,,,,
438334,15992.3,15992.3,,1061.0,1812.0,,,,
438339,677.3,677.3,,65.0,58.0,35.0,46.5,51.1,
438343,3331.0,3331.0,,455.0,306.0,39.8,47.4,51.6,
438347,2698.0,2698.0,,346.0,282.0,36.5,42.8,46.1,
438357,2008.5,2008.5,,266.0,232.0,30.4,38.0,42.1,
438361,9684.7,9684.7,,984.0,908.0,47.8,54.5,59.4,
438367,2180.7,2180.7,,282.0,258.0,36.5,46.4,51.6,
438381,48163.3,48163.3,,3325.0,3722.0,,,,
438386,3363.0,3363.0,,443.0,335.0,34.2,42.5,47.7,
438389,1513.0,1513.0,,247.0,175.0,34.0,39.5,43.8,
438397,6864.7,6864.7,,788.0,662.0,42.0,48.4,52.7,
438429,327.3,327.3,,55.0,36.0,,,,
438435,6366.3,6366.3,,542.0,620.0,,,,
438441,8342.7,8342.7,,674.0,746.0,45.7,54.7,60.0,
438445,688.3,688.3,,73.0,64.0,39.7,48.8,53.6,
438471,9090.0,9090.0,,887.0,934.0,48.6,56.1,59.9,
438473,3437.0,3437.0,,459.0,366.0,39.8,47.0,51.5,
438476,1780.0,1780.0,,287.0,217.0,31.5,39.3,43.9,
438493,1270.5,1270.5,,198.0,149.0,38.9,46.0,49.7,
438495,25217.3,25217.3,,1351.0,1819.0,,,,
438505,19374.0,19374.0,,2150.0,2008.0,,,,
438516,46400.0,46400.0,,3066.0,3424.0,,,,
438522,14724.3,14724.3,,1036.0,1392.0,,,,
438524,577.7,577.7,,87.0,54.0,,,,
438526,712.0,712.0,,70.0,62.0,34.7,42.8,46.6,
438527,2795.0,2795.0,,394.0,277.0,37.7,44.6,49.1,
438551,8201.0,8201.0,,750.0,884.0,46.9,62.3,69.2,
438552,786.0,786.0,,90.0,82.0,39.2,47.4,53.5,
438558,3091.0,3091.0,,224.0,213.0,39.0,48.7,53.9,
438568,6490.0,6490.0,,439.0,594.0,,,,
438574,1086.7,1086.7,,132.0,114.0,,,,
438575,8900.0,8900.0,,812.0,855.0,47.1,53.6,58.3,
438581,19454.3,20241.0,17487.5,1547.0,1702.0,,,,
438594,1914.0,1914.0,,284.0,180.0,,,,
438604,795.0,795.0,,113.0,89.0,39.7,48.6,54.0,
438609,18862.0,19733.6,16683.0,1619.0,1587.0,,,,
438615,2137.0,2137.0,,350.0,250.0,37.6,44.1,48.2,
438617,1236.0,1236.0,,208.0,138.0,37.1,43.0,46.6,
438625,1915.0,1915.0,,301.0,215.0,36.7,44.3,48.9,
438637,856.0,856.0,,74.0,76.0,44.2,52.6,57.9,
438650,7335.7,7335.7,,689.0,476.0,,,,
438658,19534.7,20260.6,17720.0,1144.0,1862.0,,,,
438665,6892.0,6892.0,,518.0,676.0,33.0,38.1,40.0,
438667,3310.3,3310.3,,355.0,286.0,,,,
438668,5175.0,5175.0,,585.0,529.0,,,,
438673,1126.0,1126.0,,180.0,125.0,36.5,46.1,49.9,
438681,6884.0,6884.0,,429.0,776.0,,,,
438682,952.3,952.3,,144.0,99.0,,,,
438683,7080.3,7080.3,,620.0,638.0,42.2,48.4,53.1,
438700,2454.0,2454.0,,308.0,263.0,46.1,53.9,58.8,
438711,6.0,6.0,,0.0,2.0,,,,
438718,31265.0,31265.0,,2075.0,2383.0,,,,
438720,1378.0,1378.0,,240.0,145.0,35.8,42.7,46.1,
438737,25190.0,25190.0,,2381.0,1886.0,,,,
438739,5443.3,5443.3,,317.0,525.0,,,,
438746,2868.5,2868.5,,393.0,316.0,46.3,54.2,59.3,
438747,435.5,435.5,,89.0,45.0,33.2,42.8,47.7,
438758,1262.0,1262.0,,154.0,128.0,39.2,47.2,52.8,
438765,804.0,804.0,,71.0,75.0,45.5,54.5,62.3,
438785,1643.0,1643.0,,200.0,165.0,38.0,47.9,53.6,
438793,20156.1,21075.0,17859.0,1623.0,1756.0,,,,
438804,2434.3,2434.3,,375.0,282.0,,,,
438806,301.7,301.7,,50.0,51.0,34.8,44.2,49.1,
438811,2314.0,2314.0,,292.0,261.0,41.6,49.7,54.7,
438814,2125.0,2125.0,,287.0,272.0,43.9,51.2,56.1,
438817,1151.7,1151.7,,236.0,136.0,33.8,42.2,47.0,
438829,9371.3,9371.3,,912.0,849.0,49.2,56.7,61.8,
438843,18530.0,18530.0,,1550.0,1289.0,,,,
438844,9089.0,9089.0,,524.0,793.0,,,,
438845,38430.4,40106.0,34241.5,3016.0,3020.0,,,,
438852,1217.0,1217.0,,149.0,106.0,41.3,49.1,53.9,
438861,20741.7,20741.7,,1298.0,1862.0,,,,
438864,2904.7,2904.7,,432.0,293.0,,,,
438867,20351.3,20351.3,,1434.0,1614.0,,,,
438883,946.7,946.7,,245.0,93.0,,,,
438885,5483.0,5483.0,,593.0,454.0,40.5,48.0,52.6,
438895,1585.3,1585.3,,106.0,204.0,,,,
438907,17618.7,17618.7,,1173.0,1522.0,,,,
438920,966.0,966.0,,113.0,93.0,43.6,52.7,58.2,
438944,387.0,387.0,,60.0,46.0,30.2,37.4,39.9,
438955,383.0,383.0,,71.0,47.0,31.0,38.5,42.9,
438957,2277.0,2277.0,,291.0,272.0,43.0,51.1,55.0,
438958,3224.3,3224.3,,258.0,271.0,35.6,43.4,48.5,
439004,16422.7,18442.6,11709.7,991.0,1596.0,,,,
439017,720.3,720.3,,46.0,64.0,33.4,42.4,46.7,
439018,8839.0,8839.0,,857.0,878.0,37.2,44.4,48.8,
439019,88.0,88.0,,12.0,7.0,26.5,38.1,43.1,
439020,1971.3,1971.3,,334.0,202.0,,,,
439041,3008.0,3008.0,,310.0,278.0,36.5,43.5,48.2,
439049,17770.3,17770.3,,1433.0,1196.0,,,,
439056,19603.7,19603.7,,1051.0,1698.0,,,,
439088,5332.0,5332.0,,479.0,575.0,43.0,49.8,54.7,
439089,3748.7,3748.7,,527.0,448.0,,,,
439092,15020.0,15020.0,,967.0,1911.0,,,,
439095,18604.6,20612.8,14588.0,1439.0,1428.0,,,,
439096,197.0,197.0,,17.0,19.0,34.5,47.4,56.9,
439097,77.0,77.0,,8.0,7.0,35.7,47.2,49.7,
439103,35645.3,35645.3,,2648.0,2912.0,,,,
439107,2607.0,2607.0,,321.0,370.0,46.1,54.3,61.5,
439111,8012.7,8012.7,,583.0,996.0,41.8,48.8,53.9,
439114,241.0,241.0,,67.0,40.0,31.1,39.8,44.9,
439123,21907.7,21907.7,,1535.0,1870.0,,,,
439138,12260.6,12935.6,10573.0,1014.0,1078.0,,,,
439142,9157.3,9157.3,,812.0,812.0,47.7,57.2,62.7,
439143,2242.3,2242.3,,167.0,222.0,,,,
439144,5784.3,5784.3,,378.0,462.0,,,,
439146,17188.0,17188.0,,1063.0,1474.0,,,,
439147,1828.0,1828.0,,265.0,225.0,45.2,53.0,57.8,
439153,39248.5,39248.5,,2439.0,2497.0,54.0,66.8,73.0,
439166,1480.0,1480.0,,149.0,189.0,39.4,47.5,52.7,
439170,7655.7,7655.7,,652.0,692.0,39.9,47.3,51.6,
439174,9232.0,9232.0,,940.0,847.0,41.3,49.5,54.1,
439183,22337.3,22337.3,,1335.0,1664.0,,,,
439188,2159.0,2159.0,,145.0,208.0,42.4,49.9,54.9,
439189,209.0,209.0,,31.0,20.0,32.1,39.8,44.4,
439196,19906.3,20500.2,18421.5,1537.0,1531.0,,,,
439197,23230.3,23230.3,,2158.0,1775.0,,,,
439225,1350.3,1350.3,,104.0,139.0,,,,
439237,1829.0,1829.0,,256.0,216.0,44.3,52.4,56.9,
439239,19990.0,19990.0,,1018.0,1873.0,,,,
439270,1578.0,1578.0,,163.0,185.0,40.3,48.2,53.5,
439282,29701.0,29701.0,,1941.0,2001.0,68.7,77.4,109.2,
439283,2894.0,2894.0,,282.0,312.0,45.2,52.9,57.9,
439294,19323.7,19323.7,,1492.0,1361.0,,,,
439302,883.0,883.0,,132.0,85.0,41.8,51.7,58.5,
439303,273.3,273.3,,49.0,38.0,34.3,42.6,46.9,
439304,1171.0,1171.0,,220.0,141.0,41.9,49.4,54.0,
439314,1232.0,1232.0,,109.0,106.0,41.3,49.3,54.4,
439329,9150.7,9150.7,,954.0,841.0,43.3,49.6,54.3,
439335,722.7,722.7,,57.0,75.0,,,,
439339,604.3,604.3,,51.0,61.0,34.8,43.0,47.8,
439352,1524.0,1524.0,,120.0,116.0,36.1,44.2,49.5,
439354,2508.0,2508.0,,320.0,325.0,40.6,48.1,53.0,
439367,22066.3,22066.3,,1615.0,1794.0,,,,
439371,425.7,425.7,,43.0,43.0,,,,
439373,901.0,901.0,,75.0,85.0,41.0,49.9,56.7,
439380,527.0,527.0,,89.0,46.0,39.5,51.1,58.3,
439396,9682.7,9682.7,,881.0,864.0,47.6,57.1,62.4,
439405,18448.3,18448.3,,1461.0,1334.0,,,,
439406,1085.0,1085.0,,85.0,98.0,36.8,44.3,49.0,
439412,28117.3,28117.3,,1792.0,1922.0,50.1,59.9,67.5,
439413,2008.0,2008.0,,201.0,218.0,39.3,47.4,52.6,
439427,796.0,796.0,,82.0,64.0,,,,
439429,2632.0,2632.0,,131.0,226.0,38.5,47.3,52.0,
439447,4060.0,4060.0,,287.0,313.0,44.9,52.7,57.9,
439452,33712.9,36057.6,27851.0,3056.0,3089.0,,,,
439467,1781.0,1781.0,,145.0,154.0,22.3,33.7,39.6,
439470,269.0,269.0,,95.0,40.0,27.5,39.0,46.2,
439473,2095.3,2095.3,,195.0,171.0,36.7,43.6,48.2,
439484,3436.0,3436.0,,234.0,258.0,41.0,51.2,57.4,
439486,339.0,339.0,,32.0,43.0,39.4,49.5,56.0,
439489,4180.7,4180.7,,298.0,425.0,,,,
439503,12039.0,12039.0,,897.0,939.0,39.9,48.2,52.8,
439519,19837.0,19837.0,,1334.0,1605.0,,,,
439535,122.0,122.0,,22.0,16.0,35.7,44.3,48.3,
439550,2681.3,2681.3,,380.0,310.0,,,,
439551,24128.3,24128.3,,2181.0,1526.0,,,,
439555,81.0,81.0,,13.0,10.0,29.5,42.6,47.0,
439559,8729.7,8729.7,,619.0,647.0,41.2,47.9,52.6,
439573,4173.3,4173.3,,449.0,425.0,,,,
439588,2305.3,2305.3,,173.0,259.0,41.8,49.6,54.8,
439602,975.3,975.3,,73.0,88.0,39.2,47.8,52.6,
439604,18247.3,18247.3,,1324.0,1529.0,,,,
439609,9486.7,9486.7,,777.0,835.0,38.6,44.4,49.0,
439610,3323.5,3323.5,,307.0,258.0,30.6,38.0,42.0,
439612,613.0,613.0,,48.0,40.0,,,,0.372
439617,1030.3,1030.3,,80.0,100.0,39.6,48.0,53.3,
439619,3395.0,3395.0,,484.0,412.0,42.3,51.7,56.9,
439620,13741.0,13741.0,,1118.0,1173.0,34.3,43.7,48.8,
439635,17392.0,18619.6,14323.0,1871.0,1522.0,,,,
439638,246.0,246.0,,14.0,26.0,35.0,44.8,51.8,
439655,379.0,379.0,,29.0,39.0,36.9,44.4,52.6,
439659,49673.5,49673.5,,3676.0,3384.0,43.5,49.5,53.9,
439674,18992.9,19675.4,17286.5,1045.0,992.0,37.9,52.1,59.8,
439687,745.0,745.0,,71.0,77.0,42.7,51.3,56.3,
439690,1361.0,1361.0,,103.0,148.0,43.1,52.7,58.3,
439694,8038.0,8038.0,,540.0,728.0,43.0,51.8,56.9,
439697,46785.4,49954.2,38863.5,3745.0,3993.0,,,,
439700,12068.0,12068.0,,645.0,1000.0,48.6,58.1,63.7,
439702,14076.7,14076.7,,1233.0,1234.0,,,,
439704,1306.0,1306.0,,158.0,117.0,41.8,49.6,54.8,
439706,150.0,150.0,,14.0,19.0,27.4,39.4,48.4,
439714,529.0,529.0,,41.0,54.0,37.9,44.6,49.5,
439730,18353.0,18353.0,,1835.0,1428.0,,,,
439731,5885.7,5885.7,,638.0,482.0,,,,
439739,636.0,636.0,,66.0,69.0,37.6,47.8,52.9,
439745,312.0,312.0,,31.0,31.0,27.3,37.5,42.3,
439748,3407.0,3407.0,,356.0,324.0,40.9,48.8,53.6,
439759,116.0,116.0,,7.0,14.0,33.2,42.2,46.8,
439766,28393.6,29476.6,25686.0,1754.0,1910.0,,,,
439767,18307.9,20548.0,13827.7,1538.0,1357.0,,,,
439769,39322.7,39322.7,,2630.0,2929.0,,,,
439788,136.3,136.3,,15.0,15.0,32.8,42.3,47.2,
439793,1341.0,1341.0,,138.0,121.0,33.9,43.8,49.3,
439795,871.7,871.7,,58.0,75.0,37.8,46.1,51.2,
439797,16989.0,16989.0,,1071.0,1473.0,,,,
439807,2455.7,2455.7,,250.0,255.0,34.3,39.8,44.2,
439808,632.0,632.0,,56.0,65.0,37.0,44.5,49.7,
439815,747.7,747.7,,77.0,66.0,37.6,47.2,52.7,
439820,28820.3,28820.3,,2426.0,2344.0,,,,
439821,17929.0,17929.0,,1717.0,1627.0,38.4,49.4,55.0,
439824,470.0,470.0,,71.0,55.0,32.1,40.0,44.7,
439830,46785.4,49954.2,38863.5,3745.0,3993.0,,,,
439837,3844.0,3844.0,,407.0,379.0,45.6,53.5,58.7,
439843,23327.7,23327.7,,1697.0,1616.0,52.1,63.0,69.1,
439850,1357.7,1357.7,,245.0,175.0,36.2,43.5,48.2,
439851,5595.0,5595.0,,444.0,530.0,33.9,39.8,44.3,
439853,2527.0,2527.0,,384.0,276.0,42.4,49.2,53.9,
439863,11609.7,11609.7,,1128.0,881.0,,,,
439864,15116.0,15116.0,,1511.0,1123.0,,,,
439865,2402.0,2402.0,,94.0,211.0,36.1,43.9,48.6,
439867,7966.3,7966.3,,819.0,616.0,,,,
439869,1307.3,1307.3,,114.0,146.0,40.8,48.5,53.6,
439870,4381.0,4381.0,,442.0,408.0,45.1,53.2,58.6,
439871,785.0,785.0,,55.0,71.0,34.2,47.1,53.3,
439879,13326.0,13326.0,,865.0,1537.0,,,,
439882,233.0,233.0,,18.0,25.0,33.1,43.5,48.6,
439885,22618.7,22618.7,,1364.0,1405.0,51.1,59.9,66.4,
439892,4571.3,4571.3,,196.0,398.0,34.2,41.1,44.6,
439899,17567.3,17567.3,,1174.0,1920.0,,,,
439901,961.7,961.7,,167.0,85.0,34.7,41.3,44.7,
439915,11131.7,11131.7,,1326.0,1195.0,,,,
439920,1514.0,1514.0,,88.0,136.0,46.8,56.7,62.1,
439947,1556.0,1556.0,,185.0,182.0,41.1,49.0,53.7,
439953,17312.3,17312.3,,2111.0,1212.0,,,,
439959,335.0,335.0,,33.0,32.0,34.3,44.2,49.6,
439960,6605.0,6961.4,5714.0,589.0,781.0,,,,
439971,875.7,875.7,,62.0,76.0,40.0,47.9,52.3,
439979,978.0,978.0,,76.0,103.0,44.4,53.9,59.6,
439980,8356.0,8356.0,,808.0,864.0,44.7,52.5,56.5,
439981,655.0,655.0,,40.0,61.0,39.3,47.6,52.3,
439987,1274.0,1274.0,,303.0,243.0,39.6,47.8,52.7,
439992,12467.3,12467.3,,780.0,1430.0,,,,
439994,2771.0,2771.0,,414.0,274.0,42.8,49.1,53.4,
440003,9378.0,9378.0,,1050.0,1038.0,34.6,43.6,48.0,
440009,869.0,869.0,,88.0,84.0,36.3,47.6,53.7,
440014,2211.0,2211.0,,259.0,222.0,41.1,48.9,53.7,
440020,277.0,277.0,,30.0,32.0,,,,
440021,656.7,656.7,,68.0,74.0,,,,
440022,16923.0,16923.0,,1170.0,1559.0,,,,
440025,22507.7,22507.7,,1737.0,1831.0,,,,
440028,5096.3,5096.3,,381.0,452.0,35.7,41.6,44.5,
440036,4675.0,4675.0,,355.0,457.0,,,,
440059,7024.0,7024.0,,451.0,889.0,,,,
440061,462.0,462.0,,74.0,62.0,35.8,42.9,47.3,
440065,930.3,930.3,,143.0,100.0,31.6,39.3,44.4,
440067,7707.7,7707.7,,724.0,627.0,,,,
440068,2674.0,2674.0,,170.0,227.0,34.1,39.8,44.1,
440070,1360.7,1360.7,,226.0,180.0,35.1,42.6,46.8,
440083,13197.0,13197.0,,749.0,1021.0,,,,
440087,2088.3,2088.3,,309.0,267.0,36.5,43.1,46.7,
440089,10207.7,10207.7,,770.0,986.0,,,,
440091,959.7,959.7,,70.0,78.0,,,,
440092,1977.0,1977.0,,258.0,189.0,26.8,34.4,39.2,
440101,147.0,147.0,,15.0,21.0,38.0,47.8,51.5,
440103,16650.3,16650.3,,1066.0,1844.0,,,,
440106,14419.3,14419.3,,1167.0,1225.0,,,,
440109,391.0,391.0,,47.0,43.0,41.9,49.5,54.6,
440111,4264.0,4264.0,,510.0,393.0,47.8,56.1,61.5,
440114,1378.3,1378.3,,174.0,179.0,,,,
440115,670.0,670.0,,92.0,81.0,21.1,36.2,39.6,
440121,6875.0,6875.0,,488.0,494.0,28.4,36.4,39.7,
440131,4796.0,4796.0,,438.0,393.0,40.4,47.8,52.2,
440147,4560.0,4560.0,,457.0,363.0,,,,
440171,3611.0,3611.0,,382.0,242.0,,,,
440175,655.3,655.3,,66.0,102.0,,,,
440184,19070.7,19070.7,,1320.0,1282.0,54.3,66.9,72.5,
440192,8799.0,8799.0,,891.0,953.0,45.7,52.5,56.3,
440193,17630.3,17630.3,,1445.0,1222.0,,,,
440196,174.0,174.0,,17.0,19.0,26.8,38.1,43.3,
440198,32887.7,34403.8,29097.5,2427.0,2442.0,,,,
440201,680.7,680.7,,43.0,76.0,,,,
440208,407.0,407.0,,54.0,43.0,38.4,47.5,52.0,
440212,200.0,200.0,,38.0,16.0,41.6,51.4,57.8,
440226,14229.0,14229.0,,1619.0,914.0,,,,
440231,2208.3,2208.3,,396.0,221.0,,,,
440236,26823.0,26823.0,,2298.0,2441.0,,,,
440254,454.7,454.7,,55.0,47.0,,,,
440255,850.0,850.0,,143.0,78.0,,,,
440257,354.0,354.0,,32.0,40.0,32.2,39.6,44.3,
440263,482.0,482.0,,64.0,48.0,41.9,51.9,56.4,
440269,771.0,771.0,,89.0,85.0,39.9,48.6,54.0,
440284,2123.3,2705.0,1832.5,343.0,286.0,34.3,49.3,54.3,
440288,5804.0,5804.0,,492.0,507.0,33.9,41.9,44.8,
440290,8996.0,8996.0,,914.0,978.0,49.9,57.2,61.7,
440292,8286.0,8286.0,,544.0,700.0,47.7,54.2,59.0,
440296,16948.0,16948.0,,998.0,1137.0,55.5,67.3,72.7,
440303,33087.0,33087.0,,2062.0,2625.0,,,,
440304,882.0,882.0,,72.0,71.0,,,,
440307,37042.3,37976.2,34707.5,2544.0,2553.0,,,,
440312,312.0,,312.0,,,,,,
440313,2824.3,2824.3,,224.0,276.0,,,,
440321,1988.0,1988.0,,319.0,310.0,38.0,44.4,49.2,
440323,487.0,487.0,,56.0,52.0,41.4,51.1,54.6,
440334,476.3,476.3,,95.0,41.0,,,,
440338,3313.0,3313.0,,283.0,323.0,40.8,51.2,57.1,
440345,239.0,239.0,,25.0,23.0,45.0,54.3,61.0,
440346,21965.5,21958.7,21986.0,1650.0,1818.0,,,,
440351,848.0,848.0,,188.0,118.0,29.7,37.0,39.8,
440357,2487.0,2487.0,,168.0,218.0,38.3,43.8,47.2,
440358,748.0,748.0,,96.0,74.0,31.5,38.9,43.3,
440374,1883.0,1883.0,,147.0,295.0,35.0,43.2,48.8,
440379,513.0,513.0,,66.0,46.0,41.0,51.2,56.8,
440380,7902.0,7902.0,,603.0,644.0,53.6,59.9,64.7,
440386,29853.7,29853.7,,2831.0,2857.0,,,,
440388,9001.0,9001.0,,908.0,974.0,51.6,58.9,64.0,
440394,1767.5,1767.5,,111.0,181.0,33.4,42.8,47.9,
440402,1648.7,1648.7,,146.0,116.0,,,,
440404,2025.7,2025.7,,214.0,172.0,,,,
440406,212.0,,212.0,,,,,,
440408,647.0,647.0,,71.0,55.0,37.7,48.6,56.1,
440413,1474.7,1474.7,,285.0,182.0,38.9,48.3,53.6,
440421,1881.0,1881.0,,180.0,201.0,41.0,51.2,56.5,
440427,18099.0,18099.0,,1660.0,1176.0,,,,
440428,4394.0,4394.0,,260.0,224.0,,,,
440430,23332.3,23332.3,,1256.0,1855.0,,,,
440434,2295.3,2295.3,,156.0,223.0,,,,
440475,8219.0,8219.0,,617.0,651.0,54.3,61.4,66.1,
440487,9140.0,9140.0,,916.0,982.0,50.3,57.8,63.0,
440492,1143.7,1143.7,,74.0,90.0,42.2,50.0,56.6,
440499,13847.4,14290.0,12741.0,875.0,1361.0,,,,
440501,2860.0,2860.0,,366.0,313.0,41.7,48.1,51.9,
440508,428.3,428.3,,39.0,46.0,,,,
440512,1676.0,1676.0,,227.0,163.0,34.0,39.7,44.0,
440515,8188.3,8188.3,,640.0,805.0,,,,
440517,5376.0,5376.0,,467.0,457.0,,,,
440524,1288.0,1288.0,,141.0,126.0,42.4,52.9,58.1,
440525,987.0,987.0,,177.0,103.0,36.0,42.2,44.7,
440529,2571.0,2571.0,,491.0,320.0,,,,
440535,12302.3,12302.3,,1603.0,1067.0,,,,
440536,2413.0,2413.0,,228.0,209.0,49.2,59.3,68.4,
440559,4404.7,4404.7,,299.0,425.0,,,,
440561,821.0,821.0,,61.0,73.0,35.5,43.9,48.5,
440567,1767.0,1767.0,,189.0,266.0,40.6,48.4,52.9,
440570,8801.7,8801.7,,602.0,737.0,52.5,59.5,64.9,
440579,51014.0,51014.0,,3066.0,3617.0,,,,
440589,1425.0,1425.0,,218.0,144.0,,,,
440593,4433.0,4433.0,,417.0,494.0,52.5,58.9,63.9,
440597,5330.0,5330.0,,388.0,492.0,36.9,43.3,47.4,
440599,11183.4,11525.0,10329.5,863.0,867.0,,,,
440601,340.3,340.3,,38.0,30.0,,,,
440604,524.3,524.3,,37.0,61.0,35.3,43.1,47.7,
440605,3163.0,3163.0,,241.0,263.0,35.5,41.7,44.5,
440611,585.0,585.0,,70.0,47.0,42.9,54.4,59.5,
440620,743.3,743.3,,71.0,80.0,,,,
440623,26621.7,26621.7,,1690.0,1690.0,,,,
440624,1865.0,1865.0,,207.0,286.0,42.0,52.2,57.2,
440630,25857.3,25857.3,,1506.0,1760.0,,,,
440632,2517.7,2517.7,,243.0,221.0,41.3,48.5,53.2,
440640,2332.7,2332.7,,472.0,338.0,37.1,43.9,48.8,
440645,1485.3,1485.3,,116.0,146.0,36.7,43.6,47.8,
440653,15715.3,15715.3,,1074.0,1302.0,,,,
440657,3635.0,3635.0,,432.0,313.0,,,,
440660,880.0,880.0,,209.0,134.0,33.9,42.7,48.0,
440668,2577.7,2577.7,,184.0,234.0,40.5,47.0,49.8,
440672,1061.0,1061.0,,77.0,96.0,36.4,43.7,47.9,
440673,4670.0,4670.0,,480.0,509.0,53.3,59.6,64.9,
440680,1737.0,1737.0,,179.0,240.0,43.6,52.1,57.4,
440692,484.0,484.0,,119.0,88.0,31.5,39.1,44.0,
440712,1428.0,1428.0,,125.0,155.0,41.8,49.9,54.8,
440716,424.7,424.7,,25.0,46.0,36.0,45.0,52.0,
440720,3552.0,3552.0,,434.0,311.0,44.6,51.6,54.8,
440721,549.3,549.3,,41.0,52.0,,,,
440722,4241.5,4241.5,,516.0,353.0,42.3,49.9,56.6,
440727,134.0,134.0,,19.0,17.0,36.9,47.9,53.9,
440729,14287.4,14489.4,13782.5,1074.0,1029.0,,,,
440731,22639.0,22639.0,,1672.0,1880.0,,,,
440732,5354.0,5354.0,,413.0,504.0,36.7,42.6,44.8,
440735,850.0,850.0,,57.0,131.0,36.7,44.0,48.6,
440741,907.0,907.0,,120.0,93.0,34.1,43.2,48.4,
440742,5455.3,5455.3,,330.0,533.0,45.5,53.1,58.2,
440745,3752.0,3752.0,,432.0,328.0,46.3,53.2,58.2,
440751,1512.0,1512.0,,263.0,148.0,45.1,54.2,59.9,
440766,47197.7,47197.7,,3451.0,3552.0,,,,
440777,1757.7,1757.7,,230.0,178.0,,,,
440779,650.0,650.0,,87.0,77.0,36.4,44.6,48.9,
440789,18006.3,18006.3,,1391.0,1519.0,,,,
440790,21981.6,20558.2,25540.0,1693.0,1481.0,,,,
440793,33400.0,33400.0,,2087.0,2043.0,69.0,77.2,111.2,
440799,3012.0,3012.0,,533.0,336.0,44.9,53.0,57.6,
440800,1800.7,1800.7,,145.0,177.0,21.9,29.5,41.5,
440805,4235.5,4235.5,,529.0,342.0,39.1,44.3,48.5,
440807,1490.3,1490.3,,92.0,132.0,35.1,43.0,47.3,
440808,1264.0,1264.0,,240.0,128.0,,,,
440829,22788.3,22788.3,,1271.0,1655.0,,,,
440830,16372.1,17476.4,13611.5,1466.0,1439.0,,,,
440838,211.5,211.5,,61.0,44.0,31.8,42.7,48.9,
440846,4656.0,4656.0,,453.0,546.0,51.7,58.7,62.9,
440848,14901.1,15924.0,12344.0,1036.0,1625.0,,,,
440851,967.0,967.0,,99.0,142.0,37.3,44.5,48.9,
440853,973.5,973.5,,312.0,176.0,35.3,43.5,48.8,
440854,837.0,837.0,,331.0,162.0,29.0,36.8,41.9,
440862,716.0,716.0,,62.0,138.0,39.4,49.3,54.7,
440865,1416.3,1416.3,,177.0,132.0,39.5,48.6,53.7,
440873,10103.7,10103.7,,912.0,695.0,,,,
440881,244.0,244.0,,23.0,32.0,32.3,38.7,43.0,
440896,23711.3,23711.3,,1636.0,1671.0,,,,
440922,541.0,541.0,,81.0,64.0,41.4,51.1,54.4,
440927,4894.3,4894.3,,573.0,456.0,,,,
440928,2449.3,2449.3,,245.0,296.0,44.1,52.1,57.2,
440929,5767.3,5767.3,,449.0,531.0,,,,
440943,1591.5,1591.5,,179.0,145.0,41.4,48.5,53.2,
440946,16143.9,15384.0,18043.5,1299.0,1313.0,,,,
440947,356.0,356.0,,31.0,35.0,27.7,38.3,43.6,
440952,328.0,328.0,,32.0,58.0,40.4,52.9,59.5,
440954,20695.3,20695.3,,1693.0,1463.0,,,,
440955,54726.3,54726.3,,4045.0,3809.0,,,,
440961,1681.3,1681.3,,186.0,267.0,38.8,44.9,49.8,
440964,25813.0,25813.0,,1911.0,1735.0,,,,
440967,4138.5,4138.5,,505.0,361.0,41.5,48.2,52.8,
440970,7097.0,7097.0,,611.0,623.0,37.1,43.7,47.6,
440974,1200.0,1200.0,,207.0,138.0,39.5,48.7,53.9,
440978,1709.0,1709.0,,86.0,146.0,32.1,43.5,49.3,
440984,1301.3,1301.3,,110.0,131.0,44.2,53.1,58.8,
440997,9159.0,9159.0,,780.0,902.0,43.4,51.4,54.9,
441003,904.0,904.0,,93.0,81.0,34.0,43.6,49.3,
441005,11926.0,11926.0,,1117.0,1121.0,,,,
441006,2039.7,2039.7,,176.0,203.0,45.5,53.5,58.5,
441009,21502.3,21502.3,,1448.0,1443.0,49.7,58.4,64.1,
441010,22912.3,22912.3,,1494.0,1818.0,,,,
441013,1265.0,1265.0,,168.0,123.0,,,,
441017,395.0,395.0,,40.0,69.0,37.8,48.0,52.9,
441029,1177.7,1177.7,,142.0,129.0,35.7,44.4,49.6,
441036,2024.0,2024.0,,429.0,236.0,31.7,38.7,42.4,
441062,6465.0,6465.0,,671.0,539.0,44.5,49.9,54.5,
441076,1835.0,1835.0,,206.0,173.0,40.8,48.7,54.2,
441084,1513.0,1513.0,,240.0,182.0,42.2,49.3,53.9,
441091,291.0,291.0,,16.0,32.0,44.4,53.6,58.8,
441095,762.3,762.3,,68.0,76.0,44.0,54.3,59.9,
441100,4477.3,4477.3,,344.0,525.0,40.0,47.6,51.9,
441109,20439.0,20439.0,,1686.0,1454.0,60.3,71.1,77.4,
441110,266.0,266.0,,61.0,40.0,37.2,44.4,51.2,
441117,2801.0,2801.0,,252.0,297.0,44.8,54.5,59.9,
441121,24285.7,24285.7,,1777.0,1991.0,60.8,69.0,74.7,
441125,1651.7,1651.7,,225.0,179.0,36.8,48.0,53.3,
441126,523.7,523.7,,32.0,56.0,35.6,44.5,49.6,
441130,3081.0,3081.0,,212.0,268.0,,,,
441133,274.0,274.0,,54.0,32.0,35.5,46.7,49.4,
441136,1098.0,1098.0,,93.0,115.0,42.6,52.6,58.4,
441141,12981.7,12981.7,,1191.0,1220.0,,,,
441146,28560.3,28560.3,,1983.0,2372.0,,,,
441150,1391.0,1391.0,,155.0,124.0,,,,
441156,1064.0,1064.0,,97.0,85.0,37.4,44.8,49.7,
441160,7622.0,7622.0,,684.0,696.0,45.7,53.1,58.1,
441173,1377.0,1377.0,,256.0,164.0,37.0,44.6,49.2,
441180,1610.0,1610.0,,166.0,241.0,44.0,52.5,57.4,
441181,452.3,452.3,,33.0,44.0,31.4,39.2,43.7,
441195,2879.7,2879.7,,353.0,265.0,48.4,57.4,63.1,
441205,15122.7,17138.0,10084.5,1124.0,1438.0,,,,
441207,2604.5,2604.5,,404.0,301.0,37.9,44.6,49.1,
441226,12979.3,12979.3,,1193.0,1122.0,,,,
441230,541.7,541.7,,88.0,88.0,41.9,49.8,54.4,
441233,4650.0,4650.0,,493.0,504.0,44.5,52.5,57.1,
441236,1198.3,1198.3,,122.0,104.0,36.5,44.9,51.3,
441240,371.0,371.0,,57.0,41.0,36.1,47.2,52.7,
441250,489.7,489.7,,69.0,84.0,40.8,49.9,56.5,
441252,12651.3,12651.3,,1126.0,1219.0,,,,
441274,869.0,869.0,,125.0,79.0,40.1,47.3,51.1,
441289,896.0,896.0,,75.0,74.0,40.1,47.9,52.1,
441297,303.0,303.0,,31.0,41.0,33.8,47.7,53.1,
441304,851.0,851.0,,104.0,75.0,30.0,38.3,43.5,
441305,238.3,238.3,,17.0,22.0,30.6,41.9,47.6,
441308,2691.0,2691.0,,249.0,235.0,37.8,44.4,48.7,
441314,2028.0,2028.0,,214.0,180.0,33.5,39.5,44.5,
441322,2218.7,2218.7,,165.0,216.0,41.5,48.5,53.2,
441323,1833.0,1833.0,,221.0,221.0,44.3,52.6,58.2,
441328,18050.7,18050.7,,2178.0,1609.0,,,,
441338,2739.0,2739.0,,221.0,248.0,29.6,39.5,44.7,
441342,45161.3,45161.3,,3685.0,3519.0,,,,
441345,650.0,650.0,,79.0,74.0,36.9,44.1,48.7,
441349,7900.0,7900.0,,679.0,689.0,40.7,49.7,54.5,
441352,1527.0,1527.0,,297.0,154.0,39.9,49.3,54.6,
441364,425.0,425.0,,29.0,46.0,30.4,42.4,48.2,
441367,1109.0,1109.0,,93.0,123.0,41.7,51.8,58.2,
441373,17451.3,17451.3,,1400.0,2128.0,,,,
441374,758.0,758.0,,60.0,64.0,42.7,53.1,57.8,
441380,2386.0,2386.0,,227.0,236.0,45.5,53.9,59.6,
441389,1549.0,1549.0,,396.0,185.0,35.6,44.2,49.0,
441392,623.0,623.0,,63.0,73.0,38.0,46.1,49.8,
441401,790.3,790.3,,70.0,107.0,36.1,44.0,48.8,
441413,2449.3,2449.3,,215.0,204.0,39.7,47.5,51.8,
441415,583.0,583.0,,57.0,56.0,40.6,51.0,54.9,
441418,4628.0,4628.0,,498.0,437.0,29.6,37.0,42.2,
441419,783.0,783.0,,75.0,79.0,32.2,39.5,44.1,
441427,7491.7,7491.7,,715.0,676.0,38.4,44.8,49.6,
441437,2125.0,2125.0,,272.0,206.0,46.3,54.4,59.8,
441457,3100.3,3100.3,,332.0,270.0,,,,
441460,3767.7,3767.7,,250.0,361.0,,,,
441468,1851.0,1851.0,,406.0,269.0,39.8,48.9,53.8,
441470,1065.0,1065.0,,170.0,95.0,42.6,49.7,54.8,
441487,374.0,374.0,,63.0,40.0,42.9,53.5,59.3,
441489,1017.0,1017.0,,216.0,142.0,36.4,44.0,48.8,
441511,12870.0,12870.0,,1103.0,1184.0,,,,
441514,967.0,967.0,,104.0,140.0,44.9,52.2,57.6,
441521,875.0,875.0,,75.0,109.0,36.8,42.5,44.7,
441523,9037.7,9037.7,,847.0,764.0,41.4,48.8,53.4,
441532,3753.0,3753.0,,469.0,273.0,29.8,54.1,59.4,
441535,838.0,838.0,,87.0,71.0,38.0,49.6,56.2,
441539,2024.7,2024.7,,183.0,163.0,,,,
441549,311.0,311.0,,52.0,35.0,34.9,48.7,54.9,
441553,2825.0,2825.0,,285.0,278.0,38.0,44.5,49.4,
441556,871.0,871.0,,73.0,137.0,35.6,41.0,44.4,
441557,2743.3,2743.3,,345.0,266.0,,,,
441564,652.0,652.0,,44.0,68.0,42.3,52.6,58.6,
441576,10264.0,10264.0,,719.0,755.0,37.0,46.5,51.4,
441577,12070.0,12070.0,,1018.0,1094.0,,,,
441579,513.0,513.0,,41.0,71.0,29.4,37.5,42.6,
441581,27191.0,27191.0,,2496.0,2194.0,65.4,73.6,79.3,
441585,1108.5,1108.5,,124.0,110.0,40.4,49.2,54.5,
441594,19553.0,19553.0,,1538.0,1492.0,,,,
441603,1129.0,1129.0,,219.0,97.0,40.7,49.1,53.8,
441604,334.0,334.0,,45.0,33.0,35.9,44.5,49.2,
441642,2572.0,2572.0,,330.0,328.0,42.1,49.2,54.0,
441644,1110.0,1110.0,,161.0,149.0,43.1,49.6,54.2,
441666,215.7,215.7,,18.0,19.0,23.8,32.6,36.2,
441674,1711.8,2015.0,1408.5,244.0,208.0,43.0,52.7,58.3,
441677,1216.0,1216.0,,207.0,119.0,46.4,54.3,58.9,
441681,15826.0,15826.0,,1317.0,1630.0,,,,
441683,480.3,480.3,,91.0,55.0,32.9,43.4,48.9,
441685,1459.5,1459.5,,111.0,130.0,40.0,48.5,53.6,
441709,443.5,443.5,,43.0,42.0,37.3,49.0,54.9,
441716,1283.0,1283.0,,93.0,108.0,35.6,43.9,49.0,
441724,2958.0,2958.0,,258.0,320.0,45.0,54.1,61.1,
441729,12203.0,12203.0,,1105.0,1231.0,,,,
441745,30928.0,30928.0,,2161.0,1860.0,55.7,66.5,72.2,
441746,2831.0,2831.0,,328.0,273.0,,,,
441750,9415.3,9415.3,,842.0,885.0,44.0,51.3,54.8,
441754,1538.0,1538.0,,227.0,147.0,44.5,52.4,57.6,
441763,2679.0,2679.0,,404.0,300.0,41.7,49.4,54.1,
441798,13181.3,13181.3,,1113.0,1218.0,,,,
441814,20797.7,20797.7,,1722.0,1740.0,58.1,66.3,73.2,
441823,614.0,614.0,,47.0,64.0,39.7,49.0,54.3,
441852,2045.0,2045.0,,372.0,236.0,50.2,58.2,63.7,
441854,457.0,457.0,,46.0,43.0,40.8,63.5,71.7,
441862,12640.9,13273.8,11058.5,683.0,1520.0,,,,
441896,1620.7,1620.7,,138.0,214.0,44.4,59.1,68.6,
441898,727.0,727.0,,42.0,76.0,35.8,44.7,49.6,
441903,996.0,996.0,,123.0,90.0,45.6,54.8,62.6,
441925,609.0,609.0,,60.0,62.0,29.7,38.0,42.1,
441957,37361.7,37361.7,,2757.0,2883.0,,,,
441976,23643.0,23643.0,,2234.0,1609.0,,,,
441991,1693.3,1693.3,,137.0,217.0,39.3,46.9,51.2,
441998,2531.0,2531.0,,308.0,249.0,40.0,46.7,49.9,
442013,10161.0,10161.0,,786.0,1012.0,,,,
442016,1085.5,1085.5,,106.0,84.0,44.1,53.6,59.5,
442021,23561.3,23561.3,,1705.0,1790.0,,,,
442022,78.0,78.0,,9.0,18.0,,,,
442026,1161.0,1161.0,,103.0,100.0,28.3,47.1,53.4,
442032,585.0,585.0,,93.0,63.0,35.7,46.6,49.8,
442048,1315.0,1315.0,,109.0,97.0,37.4,47.3,52.2,
442058,51.0,51.0,,5.0,4.0,27.2,33.5,38.9,
442061,5979.0,5979.0,,482.0,569.0,,,,
442069,4362.7,4362.7,,419.0,496.0,29.1,37.3,41.2,
442080,3998.0,3998.0,,280.0,380.0,35.2,41.4,44.8,
442087,2321.7,2321.7,,189.0,302.0,40.7,49.2,54.5,
442091,18500.3,19994.8,14764.0,1048.0,1829.0,,,,
442100,22689.0,22689.0,,1630.0,2129.0,,,,
442110,21194.7,21194.7,,1595.0,1728.0,,,,
442124,4442.0,4442.0,,258.0,359.0,41.8,49.3,54.0,
442135,1693.0,1693.0,,111.0,162.0,37.0,44.9,49.8,
442147,587.0,587.0,,75.0,67.0,40.7,49.1,54.2,
442152,635.0,635.0,,53.0,66.0,32.9,39.4,44.8,
442154,971.0,971.0,,135.0,140.0,37.0,44.6,49.4,
442162,408.0,408.0,,47.0,39.0,29.5,36.7,39.3,
442164,234.0,234.0,,23.0,20.0,27.8,38.5,44.1,
442192,3633.3,3728.8,3394.5,165.0,347.0,,,,0.122
442196,4857.0,4857.0,,333.0,248.0,,,,
442201,5413.0,5413.0,,488.0,669.0,36.0,42.0,44.8,
442215,63.0,63.0,,9.0,11.0,24.2,34.0,38.5,
442218,2351.7,2351.7,,431.0,214.0,,,,
442230,1035.7,1035.7,,132.0,131.0,33.3,39.5,44.0,
442233,838.0,838.0,,111.0,87.0,36.3,43.5,48.4,
442241,3286.3,3286.3,,266.0,392.0,,,,
442257,550.7,550.7,,51.0,60.0,39.4,47.9,53.0,
442267,118.0,118.0,,8.0,15.0,29.9,43.7,52.1,
442270,2046.0,2046.0,,225.0,300.0,50.7,58.4,63.6,
442271,216.0,216.0,,18.0,20.0,30.2,41.9,48.8,
442277,479.0,479.0,,49.0,43.0,39.6,51.9,58.6,
442284,606.0,606.0,,106.0,74.0,29.9,39.3,44.9,
442286,293.0,293.0,,42.0,26.0,24.6,33.5,37.0,
442289,45648.0,45648.0,,2433.0,3309.0,64.0,75.0,89.8,
442292,8203.0,8203.0,,737.0,670.0,,,,
442302,270.0,270.0,,24.0,30.0,33.0,42.5,48.3,
442306,3352.0,3352.0,,242.0,319.0,44.2,52.6,58.0,
442313,1554.7,1554.7,,146.0,154.0,32.8,41.7,46.6,
442316,2288.0,2288.0,,290.0,212.0,42.4,49.8,54.8,
442326,896.3,896.3,,115.0,93.0,33.7,39.8,44.7,
442338,9924.0,9924.0,,992.0,827.0,31.4,39.6,44.4,
442346,12578.0,12578.0,,1134.0,1080.0,,,,
442360,334.0,334.0,,27.0,26.0,39.2,49.0,54.5,
442364,1752.0,1752.0,,116.0,68.0,,,,
442367,273.3,273.3,,20.0,22.0,31.6,41.5,46.2,
442370,5306.0,5306.0,,572.0,512.0,42.9,49.6,54.4,
442375,582.0,582.0,,64.0,66.0,39.4,49.1,54.5,
442384,304.3,304.3,,50.0,37.0,34.3,43.5,48.2,
442391,8473.0,8473.0,,1039.0,514.0,,,,
442393,333.0,333.0,,21.0,41.0,28.1,39.6,48.3,
442399,1752.0,1752.0,,178.0,196.0,28.4,36.2,41.9,
442410,498.7,498.7,,69.0,49.0,34.7,42.9,46.6,
442412,20409.7,20409.7,,1325.0,1713.0,51.2,64.7,73.0,
442427,1327.0,1327.0,,113.0,98.0,38.9,49.2,56.9,
442435,2315.0,2315.0,,213.0,203.0,38.6,47.6,52.8,
442447,4125.0,4125.0,,259.0,318.0,,,,
442463,946.3,946.3,,43.0,129.0,33.5,39.5,43.9,
442474,5244.7,5244.7,,334.0,417.0,,,,
442481,2040.3,2040.3,,127.0,182.0,,,,
442517,29303.3,29303.3,,2455.0,2440.0,61.4,68.6,73.4,
442541,390.0,390.0,,36.0,35.0,39.9,49.8,57.9,
442573,5810.0,5810.0,,324.0,652.0,,,,
442583,722.7,722.7,,75.0,90.0,41.4,50.0,57.2,
442586,950.3,950.3,,68.0,148.0,36.0,43.2,47.3,
442611,2477.3,2477.3,,199.0,196.0,35.4,43.0,47.3,
442624,185.0,185.0,,25.0,23.0,32.1,43.0,48.1,
442626,36921.3,36921.3,,2636.0,2815.0,59.0,67.1,72.5,
442627,4531.0,4531.0,,655.0,443.0,47.5,55.0,60.0,
442636,14325.7,14325.7,,1107.0,1377.0,,,,
442640,745.0,745.0,,84.0,71.0,28.9,36.9,42.5,
442642,3700.0,3700.0,,345.0,350.0,39.9,47.8,53.2,
442646,675.0,675.0,,72.0,82.0,43.3,52.9,58.7,
442651,20172.7,20172.7,,1089.0,1399.0,47.9,54.9,61.2,
442655,502.0,502.0,,34.0,56.0,34.6,42.6,46.6,
442662,1462.3,1462.3,,201.0,121.0,,,,
442663,4723.0,4723.0,,600.0,462.0,,,,
442665,705.0,705.0,,58.0,86.0,30.7,38.5,42.5,
442674,745.0,745.0,,71.0,79.0,41.3,49.7,54.9,
442675,2184.3,2184.3,,187.0,260.0,38.6,46.7,51.6,
442677,162.0,162.0,,15.0,20.0,26.6,37.9,43.0,
442687,1672.0,1672.0,,97.0,174.0,44.5,52.6,57.3,
442693,7516.0,7516.0,,683.0,678.0,42.5,49.5,54.3,
442698,407.0,407.0,,38.0,57.0,31.8,39.2,43.3,
442701,2240.0,2240.0,,159.0,238.0,23.6,33.3,39.2,
442703,1357.0,1357.0,,82.0,180.0,33.5,39.4,43.6,
442708,13269.0,13316.4,13150.5,911.0,1060.0,,,,
442709,289.0,289.0,,17.0,30.0,32.2,39.9,44.4,
442710,2414.0,2414.0,,220.0,199.0,40.1,48.5,53.5,
442711,671.0,671.0,,73.0,76.0,37.7,43.9,48.2,
442712,2008.7,2008.7,,174.0,262.0,39.4,47.5,53.2,
442716,13111.0,13111.0,,894.0,1025.0,,,,
442717,712.0,712.0,,54.0,67.0,37.9,46.3,51.2,
442724,1040.0,1040.0,,64.0,131.0,31.9,38.7,43.1,
442733,1011.3,1011.3,,73.0,94.0,37.0,46.7,51.5,
442734,287.0,287.0,,17.0,32.0,28.9,38.5,43.7,
442735,1873.3,1873.3,,180.0,224.0,40.7,48.6,53.6,
442741,380.0,380.0,,20.0,51.0,35.1,47.3,54.1,
442745,2565.0,2565.0,,180.0,457.0,55.1,64.5,72.6,
442746,216.0,216.0,,12.0,60.0,30.8,39.6,43.9,
442749,1605.7,1605.7,,115.0,169.0,34.9,42.2,46.3,
442753,542.0,542.0,,53.0,57.0,43.0,53.3,58.7,
442754,5937.0,5937.0,,283.0,452.0,,,,
442762,1838.0,1838.0,,208.0,162.0,42.3,49.6,54.9,
442765,2550.5,2550.5,,187.0,248.0,,,,0.042
442768,236.0,236.0,,18.0,22.0,30.7,38.7,44.0,
442778,11406.0,11406.0,,692.0,851.0,,,,
442780,13202.3,13202.3,,869.0,953.0,,,,
442781,2077.7,2077.7,,165.0,159.0,,,,
442783,255.0,,255.0,,,29.7,36.6,39.5,
442798,778.0,778.0,,108.0,112.0,34.4,42.9,48.2,
442805,20282.5,20282.5,,1503.0,1692.0,55.4,64.5,69.8,
442816,1032.0,1032.0,,184.0,84.0,,,,
442819,180.0,180.0,,10.0,26.0,26.4,37.2,40.0,
442825,939.0,939.0,,75.0,113.0,34.6,39.8,44.5,
442847,16646.7,16646.7,,1487.0,1919.0,,,,
442859,1034.5,1034.5,,113.0,120.0,37.2,44.9,49.7,
442860,695.5,695.5,,78.0,80.0,38.5,47.3,51.6,
442862,5966.0,5966.0,,548.0,537.0,62.8,71.6,77.3,
442863,15834.7,15834.7,,1236.0,1730.0,45.0,52.3,56.9,
442864,23579.7,23579.7,,2346.0,1741.0,,,,
442871,5775.0,5775.0,,305.0,360.0,,,,
442876,371.0,371.0,,27.0,48.0,24.4,33.1,38.1,
442878,1566.7,1566.7,,121.0,161.0,30.9,39.7,44.9,
442879,14700.3,14700.3,,1095.0,1094.0,,,,
442884,1457.3,1457.3,,133.0,133.0,39.1,48.0,52.9,
442896,563.0,563.0,,77.0,61.0,36.5,44.8,54.1,
442900,25251.3,25251.3,,1922.0,2305.0,,,,
442906,310.0,310.0,,40.0,41.0,36.6,47.2,54.6,
442915,2760.0,2760.0,,346.0,219.0,,,,
442917,2549.0,2549.0,,236.0,354.0,32.9,39.3,43.7,
442923,1218.0,1218.0,,202.0,164.0,47.4,58.4,64.1,
442930,10846.3,10846.3,,782.0,826.0,,,,
442933,610.0,610.0,,62.0,55.0,37.9,48.0,53.0,
442935,587.0,587.0,,55.0,51.0,36.3,46.9,53.5,
442937,1031.7,1031.7,,57.0,132.0,40.7,53.5,63.0,
442947,1734.0,1734.0,,187.0,163.0,40.5,48.7,53.2,
442948,578.0,578.0,,87.0,80.0,30.3,41.6,47.3,
442956,13789.9,14237.4,12671.0,1041.0,1118.0,,,,
442961,497.0,497.0,,53.0,55.0,36.7,45.0,49.7,
442966,31.0,31.0,,7.0,3.0,,,,
442968,917.0,917.0,,107.0,109.0,36.6,44.0,48.4,
442969,23735.7,23735.7,,1489.0,1729.0,,,,
442970,455.0,455.0,,37.0,51.0,31.3,39.9,44.3,
442973,253.0,253.0,,13.0,21.0,27.1,36.8,41.6,
442987,13804.0,13804.0,,1126.0,1117.0,,,,
442988,1978.7,1978.7,,112.0,203.0,40.7,49.8,56.4,
442990,15061.3,15061.3,,1066.0,1085.0,,,,
443013,817.0,817.0,,98.0,95.0,40.0,48.7,54.4,
443015,623.0,623.0,,33.0,50.0,31.0,38.3,42.3,
443016,1179.3,1179.3,,94.0,102.0,38.7,47.4,52.6,
443025,995.0,995.0,,100.0,125.0,34.9,41.3,44.2,
443030,14546.7,14546.7,,1240.0,1178.0,,,,
443033,2531.0,2531.0,,224.0,384.0,35.2,43.3,47.8,
443035,612.0,612.0,,60.0,61.0,33.9,43.0,47.9,
443036,1676.3,1676.3,,118.0,178.0,35.5,41.5,44.4,
443038,231.0,231.0,,32.0,26.0,30.1,39.0,43.5,
443045,2375.0,2375.0,,256.0,251.0,33.7,39.4,43.8,
443065,7724.3,7724.3,,879.0,786.0,,,,
443066,425.0,425.0,,42.0,52.0,32.1,41.8,46.4,
443086,780.0,780.0,,84.0,89.0,39.1,46.4,49.6,
443097,497.0,497.0,,58.0,65.0,39.7,48.7,53.8,
443104,724.0,724.0,,59.0,88.0,34.8,47.5,53.1,
443111,12232.3,12232.3,,807.0,850.0,,,,
443122,1328.0,1328.0,,202.0,155.0,35.7,46.8,49.9,
443123,7448.5,7448.5,,785.0,756.0,42.4,49.9,54.8,
443124,16431.7,16431.7,,1389.0,1160.0,,,,
443126,889.0,889.0,,151.0,99.0,38.4,49.1,58.2,
443128,13651.0,13392.4,14297.5,1149.0,1345.0,,,,
443133,1415.0,1415.0,,142.0,127.0,32.3,39.7,44.3,
443138,229.0,229.0,,17.0,28.0,36.9,44.8,49.7,
443150,1843.0,1843.0,,139.0,214.0,39.2,46.4,49.7,
443160,1161.0,1161.0,,105.0,114.0,17.7,34.7,42.6,
443164,1502.0,1502.0,,118.0,136.0,37.0,44.8,49.8,
443177,659.0,659.0,,59.0,73.0,36.3,43.3,47.1,
443179,354.7,354.7,,49.0,44.0,33.7,43.9,49.2,
443195,12925.0,12925.0,,1064.0,1312.0,56.1,64.2,69.3,
443197,14305.7,14305.7,,1139.0,1279.0,,,,
443200,15952.0,15952.0,,1305.0,1186.0,,,,
443201,5928.3,5928.3,,591.0,496.0,,,,
443213,876.0,876.0,,68.0,76.0,38.9,46.6,51.7,
443228,854.3,854.3,,87.0,91.0,35.6,44.6,51.8,
443230,1496.3,1496.3,,126.0,172.0,33.8,39.9,44.4,
443232,18949.0,18949.0,,1514.0,1342.0,,,,
443237,649.0,649.0,,58.0,62.0,32.5,42.5,47.8,
443252,628.0,628.0,,86.0,79.0,34.5,43.5,48.2,
443256,569.0,569.0,,42.0,51.0,38.6,49.3,57.7,
443258,476.0,476.0,,28.0,47.0,35.0,43.0,46.6,
443259,1457.0,1457.0,,91.0,179.0,31.9,39.6,44.8,
443269,15799.0,15799.0,,1062.0,1614.0,,,,
443285,1148.5,1148.5,,118.0,103.0,34.3,42.2,46.2,
443296,2347.0,2347.0,,184.0,216.0,38.9,46.2,49.3,
443306,18671.0,18912.6,18067.0,969.0,1221.0,,,,0.108
443307,2899.7,2899.7,,436.0,191.0,,,,
443312,568.0,568.0,,57.0,57.0,40.8,49.7,55.0,
443314,2140.0,2140.0,,171.0,209.0,38.3,44.7,49.2,
443316,200.0,200.0,,21.0,27.0,,,,
443321,14312.3,14312.3,,1056.0,962.0,,,,
443326,12541.3,12541.3,,1000.0,1221.0,,,,
443331,508.0,508.0,,65.0,51.0,40.0,48.6,53.3,
443332,5151.7,5151.7,,476.0,466.0,27.9,34.9,39.3,
443335,2203.0,2203.0,,203.0,212.0,29.8,35.0,39.5,
443340,2781.0,2781.0,,165.0,354.0,37.4,47.5,53.7,
443342,379.0,379.0,,13.0,54.0,49.4,62.9,72.5,
443369,4007.3,4007.3,,269.0,434.0,,,,
443370,11067.7,11067.7,,958.0,889.0,,,,
443374,1914.0,1914.0,,160.0,192.0,35.9,42.6,44.8,
443385,514.0,514.0,,38.0,57.0,34.8,43.4,49.9,
443387,12.0,12.0,,3.0,2.0,,,,
443393,4724.3,4724.3,,473.0,517.0,,,,
443411,5645.7,5645.7,,464.0,540.0,35.4,42.8,47.2,
443420,174.5,174.5,,20.0,17.0,37.8,48.5,53.9,
443429,12021.0,12703.8,10314.0,1098.0,1079.0,,,,
443432,1454.0,1454.0,,129.0,139.0,35.5,43.9,48.9,
443435,91.0,91.0,,13.0,11.0,20.5,29.1,33.8,
443442,9.0,9.0,,3.0,0.0,,,,
443450,605.0,605.0,,66.0,58.0,32.5,43.1,48.9,
443462,2297.3,2297.3,,199.0,221.0,45.9,54.6,61.9,
443468,2784.3,2784.3,,238.0,213.0,42.7,49.6,54.4,
443478,15884.0,15884.0,,1079.0,1192.0,,,,
443480,27223.0,27223.0,,1802.0,1863.0,,,,
443483,1257.5,1257.5,,206.0,145.0,37.3,46.2,51.5,
443486,417.0,417.0,,39.0,41.0,37.8,47.4,52.5,
443493,5933.0,5933.0,,425.0,556.0,37.3,44.5,49.6,
443494,2222.0,2222.0,,262.0,210.0,35.9,42.3,44.9,
443495,34262.0,34262.0,,2610.0,2915.0,,,,
443496,4691.3,4691.3,,325.0,830.0,,,,
443505,14082.7,14082.7,,989.0,1269.0,,,,
443506,2000.3,2222.4,1445.0,387.0,166.0,39.1,46.5,49.8,
443508,203.0,203.0,,29.0,29.0,38.0,48.9,54.8,
443509,2654.0,2654.0,,309.0,432.0,47.6,56.0,59.8,
443516,4389.0,4322.8,4554.5,531.0,368.0,38.5,44.2,48.6,
443520,1262.0,1262.0,,286.0,166.0,43.5,52.6,57.3,
443521,426.0,426.0,,46.0,50.0,33.9,41.9,44.6,
443526,3212.0,3212.0,,278.0,252.0,46.1,54.4,59.7,
443537,1004.0,1004.0,,91.0,98.0,38.4,48.8,54.0,
443540,17618.7,17618.7,,1262.0,1412.0,,,,
443548,3429.0,3429.0,,342.0,284.0,40.4,48.3,53.4,
443564,175.0,175.0,,15.0,21.0,34.3,41.3,44.2,
443573,56154.0,56154.0,,4403.0,3896.0,48.8,59.9,65.0,
443575,1658.7,1658.7,,93.0,195.0,34.4,42.4,46.6,
443580,3209.3,3209.3,,299.0,270.0,46.3,54.5,61.2,
443585,1728.0,1728.0,,194.0,155.0,43.8,51.9,56.7,
443595,1154.0,1154.0,,117.0,110.0,35.7,46.1,51.5,
443604,2833.3,2833.3,,271.0,226.0,36.0,42.3,44.8,
443606,1020.3,1020.3,,69.0,85.0,40.3,48.9,54.1,
443608,2408.0,2408.0,,253.0,297.0,42.4,52.6,58.4,
443610,11205.0,11205.0,,778.0,1267.0,,,,
443618,2868.0,2868.0,,335.0,444.0,43.1,52.9,58.1,
443628,1617.3,1617.3,,139.0,157.0,,,,
443630,11.0,11.0,,1.0,1.0,,,,
443634,13296.3,13296.3,,729.0,1014.0,,,,
443644,214.0,214.0,,19.0,17.0,36.9,44.1,49.3,
443654,2275.0,2275.0,,142.0,215.0,42.3,49.4,54.2,
443656,675.0,675.0,,66.0,69.0,43.4,53.1,58.3,
443684,12008.7,12008.7,,660.0,898.0,,,,
443685,3176.3,3176.3,,319.0,304.0,44.5,52.4,57.6,
443706,3408.0,3408.0,,405.0,471.0,33.1,41.3,44.9,
443717,2854.0,2854.0,,263.0,236.0,47.9,58.2,66.2,
443733,2546.0,2546.0,,246.0,292.0,44.0,53.5,59.0,
443734,1754.5,1754.5,,215.0,177.0,29.9,34.7,38.8,
443736,17821.7,17821.7,,1131.0,1430.0,,,,
443741,1788.0,1788.0,,299.0,221.0,26.7,38.0,41.7,
443742,868.0,868.0,,58.0,123.0,38.0,46.5,51.5,
443769,16987.7,16987.7,,1365.0,1186.0,,,,
443796,2947.7,2947.7,,223.0,340.0,39.2,48.0,54.2,
443813,478.0,478.0,,40.0,40.0,35.4,49.2,56.4,
443818,2284.0,2284.0,,246.0,185.0,41.6,49.5,56.5,
443825,1740.0,1740.0,,168.0,170.0,47.4,56.7,63.4,
443830,1770.3,1770.3,,129.0,150.0,33.5,42.8,48.1,
443831,1823.4,2055.8,1242.5,424.0,125.0,42.8,51.3,56.8,
443834,2741.0,2741.0,,212.0,263.0,35.7,44.1,49.1,
443846,823.0,823.0,,109.0,90.0,39.5,48.5,54.6,
443848,870.5,870.5,,152.0,101.0,38.4,47.2,52.5,
443855,2037.3,2037.3,,169.0,211.0,34.0,42.3,47.8,
443858,2202.5,2202.5,,188.0,250.0,37.8,44.2,48.5,
443866,2027.0,2027.0,,188.0,213.0,31.6,39.3,43.7,
443867,1609.0,1609.0,,112.0,157.0,42.9,51.7,57.0,
443876,2411.3,2411.3,,235.0,188.0,34.8,43.2,47.7,
443880,2989.3,2989.3,,193.0,248.0,42.5,49.8,54.5,
443883,836.0,836.0,,122.0,86.0,32.7,39.2,43.8,
443892,4739.0,4739.0,,455.0,434.0,47.0,56.9,61.9,
443900,8058.7,8058.7,,788.0,665.0,,,,
443909,976.0,976.0,,54.0,88.0,43.6,54.0,59.6,
443910,253.0,253.0,,18.0,36.0,31.3,38.8,42.4,
443911,897.0,897.0,,50.0,134.0,,,,
443912,808.0,808.0,,140.0,102.0,35.5,43.1,47.7,
443913,874.0,874.0,,79.0,104.0,39.4,47.0,51.5,
443916,2234.0,2234.0,,153.0,191.0,34.6,41.8,44.8,
443926,113.0,113.0,,7.0,13.0,29.2,41.0,56.3,
443927,569.0,569.0,,32.0,46.0,35.7,44.1,48.7,
443928,1198.0,1198.0,,102.0,78.0,34.9,44.2,49.7,
443933,11687.3,11687.3,,1187.0,1085.0,,,,
443939,1555.0,1555.0,,132.0,179.0,33.0,39.0,43.2,
443945,1649.0,1649.0,,126.0,156.0,39.5,49.6,54.8,
443947,14463.7,14463.7,,1188.0,1112.0,42.8,52.9,58.5,
443953,2358.0,2358.0,,178.0,257.0,40.0,47.7,51.2,
443954,20186.3,20186.3,,1419.0,1480.0,57.2,64.8,71.1,
443956,682.3,682.3,,105.0,85.0,36.4,44.1,49.0,
443971,6614.7,7157.8,5257.0,654.0,679.0,,,,
443972,10119.0,10119.0,,1199.0,1014.0,,,,
443974,14076.7,14076.7,,1216.0,1162.0,47.1,57.0,62.2,
443985,458.3,458.3,,50.0,40.0,31.9,42.2,47.2,
443987,9254.0,9254.0,,775.0,642.0,,,,
443990,2508.7,2508.7,,281.0,268.0,34.0,42.6,47.0,
443998,716.0,716.0,,120.0,89.0,36.3,43.6,48.8,
444001,13657.3,13657.3,,1061.0,1030.0,,,,
444005,1347.0,1347.0,,97.0,140.0,38.8,48.7,53.6,
444007,722.0,722.0,,63.0,57.0,36.7,46.4,51.6,
444008,2317.0,2317.0,,208.0,230.0,36.6,43.9,48.1,
444013,5296.0,5296.0,,541.0,336.0,,,,
444017,31862.0,31862.0,,1873.0,2625.0,47.4,54.5,59.1,
444025,195.0,195.0,,12.0,24.0,30.9,44.1,49.4,
444026,856.3,856.3,,61.0,122.0,,,,
444039,4584.7,4584.7,,455.0,381.0,,,,
444040,380.0,380.0,,115.0,58.0,26.6,34.6,39.3,
444042,2146.3,2146.3,,297.0,243.0,35.9,42.7,44.9,
444050,1645.0,1645.0,,187.0,144.0,42.5,51.6,57.1,
444052,1423.0,1423.0,,129.0,124.0,31.7,42.2,45.0,
444057,523.5,523.5,,38.0,47.0,43.5,54.4,62.7,
444060,387.0,387.0,,52.0,39.0,38.7,49.4,54.7,
444071,554.0,554.0,,83.0,58.0,27.1,36.9,42.4,
444081,11859.3,11859.3,,796.0,842.0,,,,
444087,22723.3,22723.3,,1523.0,1498.0,,,,
444091,1008.0,1008.0,,70.0,106.0,34.6,43.3,48.4,
444092,252.0,252.0,,29.0,21.0,37.2,46.3,51.0,
444093,1149.0,1149.0,,81.0,114.0,39.5,47.8,53.5,
444094,14282.7,14282.7,,1293.0,1236.0,47.3,57.0,62.2,
444103,16042.0,16042.0,,1202.0,1096.0,,,,
444107,12249.0,12249.0,,1132.0,1016.0,,,,
444110,32974.0,32974.0,,1708.0,2486.0,,,,
444112,646.0,646.0,,52.0,62.0,38.3,51.2,56.4,
444113,4630.0,4630.0,,420.0,412.0,34.5,39.4,43.2,
444118,1881.0,1881.0,,145.0,171.0,36.2,44.3,49.2,
444119,2405.0,2405.0,,188.0,256.0,39.7,47.0,49.7,
444127,17992.0,17992.0,,1505.0,1473.0,44.8,53.8,58.7,
444128,537.0,537.0,,36.0,47.0,35.6,44.8,51.4,
444133,1043.0,1043.0,,101.0,103.0,,,,
444137,15309.3,15309.3,,1093.0,1153.0,,,,
444140,8646.0,8646.0,,680.0,782.0,45.1,53.1,58.1,
444150,2526.7,2526.7,,277.0,264.0,,,,
444152,1192.5,1192.5,,162.0,124.0,38.5,47.6,51.9,
444155,400.0,400.0,,49.0,40.0,33.9,43.1,47.3,
444172,26974.3,26974.3,,2207.0,2001.0,,,,
444174,4113.3,4113.3,,273.0,333.0,,,,
444177,4442.3,4442.3,,514.0,330.0,,,,
444183,582.0,582.0,,80.0,55.0,36.6,48.8,61.3,
444186,1230.0,1230.0,,125.0,167.0,33.1,46.7,53.4,
444204,473.0,473.0,,52.0,40.0,35.2,47.8,53.1,
444205,4468.0,4468.0,,379.0,357.0,40.6,47.8,52.2,
444211,1730.7,1730.7,,171.0,191.0,34.7,43.2,47.9,
444213,33872.3,33872.3,,3140.0,2056.0,,,,
444215,17587.0,17587.0,,1407.0,1544.0,44.3,53.6,59.3,
444218,1121.5,1121.5,,193.0,138.0,35.5,42.4,46.2,
444220,1558.3,1558.3,,146.0,194.0,36.2,43.9,48.8,
444222,8555.0,8555.0,,659.0,766.0,45.1,53.2,58.3,
444224,185.0,185.0,,18.0,21.0,34.4,43.6,49.0,
444225,2415.0,2415.0,,221.0,237.0,34.0,41.9,44.6,
444228,692.0,692.0,,51.0,78.0,33.3,43.8,48.5,
444250,1649.0,1649.0,,98.0,180.0,37.3,44.9,49.8,
444251,4002.7,4002.7,,399.0,347.0,,,,
444256,2116.0,2116.0,,200.0,210.0,37.8,44.5,49.2,
444259,2095.7,2095.7,,246.0,140.0,,,,
444264,7983.0,7983.0,,505.0,546.0,46.5,52.4,55.0,
444283,11199.7,11199.7,,1397.0,982.0,,,,
444286,2462.3,2462.3,,302.0,313.0,35.9,42.6,45.0,
444287,623.0,623.0,,69.0,65.0,38.9,48.2,53.5,
444291,28709.8,28709.8,,1845.0,2463.0,,,,
444295,4240.0,4240.0,,377.0,394.0,36.8,43.3,47.5,
444306,2382.0,2382.0,,257.0,224.0,37.6,44.9,49.8,
444307,16710.0,16710.0,,980.0,1232.0,,,,0.208
444314,1354.0,1354.0,,85.0,95.0,29.9,42.1,47.3,
444319,1141.0,1141.0,,169.0,127.0,33.1,42.1,46.9,
444320,31575.3,31575.3,,2428.0,2283.0,,,,
444323,1085.3,1085.3,,145.0,101.0,36.0,44.3,52.6,
444337,13174.0,12314.4,15323.0,737.0,994.0,,,,
444342,14988.3,14988.3,,1023.0,1160.0,,,,
444351,3886.0,3886.0,,338.0,476.0,,,,
444357,1480.0,1480.0,,84.0,110.0,43.1,53.3,58.9,
444361,8717.0,8717.0,,832.0,670.0,,,,
444372,1639.0,1639.0,,171.0,206.0,33.0,39.7,44.4,
444388,4419.0,4419.0,,343.0,307.0,47.2,56.9,61.9,
444400,2130.7,2130.7,,280.0,204.0,38.1,44.9,49.8,
444403,2944.0,2944.0,,357.0,204.0,,,,
444407,3907.0,3907.0,,333.0,259.0,46.8,57.2,62.8,
444411,16762.7,16762.7,,1710.0,1054.0,,,,
444412,7135.0,7135.0,,185.0,590.0,,,,
444415,294.0,294.0,,20.0,37.0,34.7,39.8,43.8,
444424,32943.7,32943.7,,2097.0,2635.0,,,,
444426,21115.7,21115.7,,1139.0,1478.0,55.4,64.6,72.9,
444427,1242.5,1242.5,,228.0,109.0,32.7,39.6,44.2,
444431,7791.0,7791.0,,732.0,737.0,43.3,51.5,56.4,
444447,22416.7,22416.7,,1200.0,1725.0,,,,
444456,2260.0,2260.0,,239.0,186.0,46.1,54.8,61.5,
444469,3561.3,3561.3,,381.0,316.0,37.7,44.4,49.3,
444480,854.0,854.0,,77.0,91.0,32.6,44.1,49.3,
444485,2156.7,2156.7,,248.0,270.0,32.7,38.8,43.0,
444500,23735.5,23735.5,,1380.0,1748.0,49.6,59.0,64.5,
444514,4469.5,4469.5,,313.0,433.0,63.0,72.3,78.7,
444524,2046.0,2046.0,,158.0,174.0,37.2,44.9,49.7,
444535,907.0,907.0,,95.0,88.0,44.5,53.4,59.4,
444550,1136.0,1136.0,,70.0,113.0,36.4,47.6,54.1,
444551,1666.0,1666.0,,149.0,139.0,30.0,37.3,39.8,
444568,14402.7,15354.2,12024.0,1310.0,1199.0,,,,
444574,1190.0,1190.0,,123.0,97.0,20.6,28.0,29.7,
444581,651.0,651.0,,59.0,57.0,33.5,44.6,49.5,
444592,2231.0,2231.0,,165.0,200.0,36.9,44.9,49.8,
444608,550.7,550.7,,81.0,58.0,34.6,44.1,49.3,
444641,14109.3,14109.3,,1160.0,1154.0,,,,
444645,915.0,915.0,,84.0,114.0,38.4,47.5,53.2,
444646,23951.3,23951.3,,1886.0,1560.0,,,,
444649,573.0,573.0,,52.0,57.0,39.3,48.9,54.0,
444650,492.0,492.0,,71.0,57.0,33.3,43.0,48.5,
444657,1741.3,1741.3,,208.0,171.0,38.9,47.4,52.1,
444663,598.0,598.0,,47.0,55.0,35.0,44.3,49.1,
444671,16945.7,16945.7,,1134.0,1312.0,,,,0.181
444677,1683.0,1683.0,,155.0,165.0,35.5,41.9,44.8,
444686,2384.7,2384.7,,267.0,286.0,36.9,43.7,48.0,
444687,2101.0,2101.0,,212.0,213.0,,,,0.029
444688,713.0,713.0,,74.0,72.0,38.4,48.8,53.9,
444689,24211.0,24211.0,,1850.0,1801.0,,,,
444691,726.0,726.0,,81.0,61.0,35.0,42.2,45.0,
444694,374.3,374.3,,52.0,56.0,25.7,33.9,38.2,
444699,3853.0,3853.0,,297.0,261.0,45.3,56.1,61.8,
444710,1169.0,1169.0,,139.0,104.0,44.1,53.0,58.7,
444711,21540.3,21540.3,,1264.0,1614.0,55.4,64.6,73.0,
444728,494.0,494.0,,133.0,79.0,32.8,42.1,46.2,
444730,26840.3,26840.3,,1829.0,2356.0,,,,
444733,581.0,581.0,,68.0,58.0,34.9,41.3,44.8,
444734,1329.0,1329.0,,67.0,147.0,39.9,52.1,59.1,
444741,16120.9,16381.0,15470.5,1129.0,1061.0,,,,
444756,529.0,529.0,,56.0,62.0,27.0,37.4,42.0,
444757,1071.0,1071.0,,102.0,92.0,37.7,48.0,53.7,
444759,8429.0,8429.0,,928.0,741.0,45.7,52.5,56.8,
444761,843.0,843.0,,125.0,90.0,35.6,46.1,51.6,
444763,5179.3,5179.3,,358.0,472.0,,,,
444773,2665.0,2665.0,,253.0,371.0,,,,0.009
444780,9376.7,9376.7,,758.0,830.0,43.5,51.3,54.8,
444783,1429.0,1429.0,,139.0,132.0,35.1,44.1,49.7,
444785,28582.0,28582.0,,2038.0,2130.0,46.2,57.4,63.2,
444790,827.7,827.7,,101.0,96.0,34.3,41.8,44.9,
444791,446.7,446.7,,47.0,41.0,32.0,39.8,44.6,
444804,260.0,260.0,,54.0,17.0,28.0,43.1,49.9,
444811,1475.0,1475.0,,236.0,156.0,44.1,52.0,56.4,
444817,2923.0,2923.0,,322.0,249.0,33.9,41.7,44.6,
444818,2822.0,2822.0,,254.0,273.0,41.3,49.2,54.3,
444822,5683.0,5683.0,,388.0,494.0,34.3,39.9,44.4,
444829,387.0,387.0,,31.0,42.0,26.0,33.7,37.8,
444838,15855.7,15855.7,,887.0,1257.0,,,,
444843,1916.0,1916.0,,193.0,192.0,35.9,44.1,48.9,
444844,457.7,457.7,,27.0,38.0,34.9,46.3,52.0,
444851,1811.0,1811.0,,193.0,149.0,35.4,42.2,44.9,
444859,237.0,237.0,,19.0,28.0,39.4,48.1,52.3,
444866,2912.0,2912.0,,259.0,277.0,33.8,42.1,46.6,
444868,3568.0,3568.0,,270.0,349.0,48.4,58.5,64.4,
444879,2174.0,2174.0,,328.0,230.0,44.2,52.5,57.6,
444883,1490.0,1490.0,,176.0,123.0,38.9,48.0,52.9,
444927,5004.5,5004.5,,371.0,495.0,41.9,48.6,53.1,
444934,658.2,658.2,,71.0,96.0,29.5,38.2,43.3,
444948,1303.0,1303.0,,110.0,115.0,40.6,50.0,55.0,
444952,2425.0,2425.0,,365.0,249.0,44.1,51.6,56.8,
444957,1004.3,1004.3,,50.0,79.0,32.9,42.0,47.6,
444961,17695.0,17695.0,,1379.0,1352.0,,,,
444968,26023.7,26023.7,,2123.0,1884.0,,,,
444978,491.3,491.3,,50.0,67.0,28.4,34.8,39.3,
444984,1317.7,1317.7,,69.0,145.0,40.2,52.0,58.8,
444991,16451.0,16451.0,,1133.0,1310.0,,,,
444998,18056.3,18056.3,,1433.0,1590.0,,,,
444999,11444.0,11444.0,,679.0,985.0,,,,
445000,803.3,803.3,,66.0,71.0,30.0,38.2,43.1,
445001,1805.5,1805.5,,262.0,173.0,39.6,47.0,50.0,
445007,2994.0,2994.0,,126.0,310.0,41.4,48.8,53.9,
445008,1284.0,1284.0,,106.0,154.0,43.1,54.7,61.8,
445019,497.0,497.0,,43.0,67.0,24.8,37.5,43.8,
445024,333.0,333.0,,33.0,27.0,39.8,51.2,58.5,
445027,441.0,441.0,,39.0,36.0,37.2,48.7,54.7,
445030,1628.0,1628.0,,83.0,128.0,,,,
445047,1661.7,1661.7,,207.0,139.0,38.8,46.0,49.9,
445052,1769.0,1769.0,,193.0,161.0,40.6,49.2,54.3,
445071,242.0,242.0,,16.0,27.0,28.5,43.4,50.0,
445074,15320.3,15320.3,,973.0,1194.0,,,,
445075,1403.0,1403.0,,142.0,141.0,40.9,50.0,56.4,
445087,7357.0,7357.0,,346.0,628.0,,,,0.149
445089,16699.0,16699.0,,1277.0,1394.0,,,,
445090,2118.0,2118.0,,234.0,173.0,34.9,41.4,44.3,
445092,15772.7,15772.7,,1002.0,1437.0,,,,
445100,20292.7,20292.7,,1919.0,1644.0,,,,
445108,1348.0,1348.0,,107.0,124.0,40.7,51.4,56.8,
445114,1602.7,1602.7,,214.0,160.0,33.1,43.7,49.0,
445115,4051.0,4051.0,,356.0,310.0,39.8,47.2,50.0,
445116,530.0,530.0,,60.0,52.0,41.9,53.4,59.9,
445129,32603.7,32603.7,,2187.0,2796.0,,,,
445138,376.0,376.0,,19.0,89.0,34.3,43.0,48.3,
445144,927.3,927.3,,138.0,117.0,45.2,56.4,62.9,
445146,3310.3,3310.3,,405.0,385.0,31.7,38.3,42.8,
445149,17809.7,17809.7,,1283.0,1519.0,,,,
445155,460.0,460.0,,42.0,47.0,34.2,48.1,55.0,
445164,6089.0,6089.0,,712.0,558.0,42.9,49.5,54.2,
445168,399.0,399.0,,41.0,34.0,,,,0.065
445170,1195.7,1195.7,,71.0,145.0,32.6,39.3,43.9,
445207,919.0,919.0,,125.0,107.0,37.8,44.6,49.2,
445209,883.3,883.3,,137.0,128.0,36.1,46.5,52.4,
445213,24774.3,25413.2,23177.0,1387.0,1594.0,,,,0.203
445223,1281.0,1281.0,,170.0,120.0,,,,0.023
445232,2129.0,2129.0,,176.0,194.0,41.9,49.9,55.0,
445233,3911.7,3911.7,,425.0,386.0,44.0,51.0,54.9,
445239,2684.0,2684.0,,281.0,329.0,37.5,44.1,48.5,
445255,1218.0,1218.0,,133.0,112.0,43.0,52.9,58.1,
445264,3494.5,3494.5,,242.0,322.0,36.5,43.9,48.2,
445266,455.0,455.0,,55.0,39.0,31.2,39.1,43.5,
445282,2096.0,2096.0,,186.0,335.0,36.0,44.2,49.4,
445295,12406.3,12406.3,,1011.0,1000.0,,,,
445298,28398.7,28398.7,,1986.0,2240.0,,,,
445303,1189.7,1189.7,,143.0,144.0,35.5,43.8,48.7,
445313,2185.0,2185.0,,272.0,250.0,38.5,48.4,54.1,
445315,571.3,571.3,,77.0,61.0,35.0,44.7,49.9,
445316,10846.4,11440.6,9361.0,748.0,834.0,,,,
445318,17405.7,17405.7,,1371.0,1405.0,,,,
445329,2547.0,2547.0,,284.0,207.0,33.0,39.1,44.2,
445333,577.0,577.0,,116.0,126.0,41.9,51.4,58.5,
445337,718.0,718.0,,89.0,83.0,41.1,48.3,51.4,
445340,15676.7,15676.7,,818.0,1547.0,,,,
445345,7804.0,7804.0,,369.0,554.0,,,,0.05
445346,1253.7,1253.7,,79.0,171.0,,,,
445354,4677.7,4677.7,,397.0,392.0,,,,
445355,10946.3,10946.3,,954.0,878.0,,,,
445362,3847.5,3847.5,,401.0,370.0,51.8,59.6,69.0,
445366,15687.3,15687.3,,902.0,1473.0,,,,
445368,574.5,574.5,,162.0,106.0,26.6,38.2,44.2,
445383,13997.3,13997.3,,1388.0,1083.0,,,,
445392,4308.0,4308.0,,393.0,407.0,36.1,44.4,49.3,
445404,286.3,286.3,,16.0,20.0,,,,
445417,2536.7,2536.7,,260.0,282.0,41.4,49.0,54.4,
445421,615.0,615.0,,65.0,72.0,40.9,47.8,49.9,
445432,809.0,809.0,,73.0,61.0,33.9,44.9,51.3,
445433,14740.3,14740.3,,1080.0,1202.0,,,,
445441,627.3,627.3,,71.0,52.0,40.6,49.3,54.4,
445451,444.0,444.0,,34.0,46.0,37.4,44.7,51.6,
445468,3041.0,3041.0,,308.0,246.0,32.2,38.8,43.3,
445474,540.0,540.0,,53.0,65.0,41.3,48.0,49.7,
445475,265.0,265.0,,22.0,30.0,36.2,47.7,53.5,
445486,693.7,693.7,,46.0,47.0,,,,
445488,405.0,405.0,,44.0,38.0,37.4,49.0,56.3,
445490,4094.3,4094.3,,210.0,592.0,,,,
445495,7089.5,7089.5,,460.0,589.0,38.0,46.5,49.9,
445498,1385.3,1385.3,,98.0,133.0,39.1,47.9,52.3,
445500,5551.7,5551.7,,561.0,609.0,,,,
445510,3453.5,3453.5,,390.0,290.0,32.3,41.6,47.2,
445515,696.0,696.0,,27.0,46.0,,,,
445516,213.0,213.0,,18.0,21.0,34.0,42.8,51.1,
445526,624.0,624.0,,46.0,69.0,41.4,51.3,56.4,
445528,6316.0,6316.0,,526.0,610.0,30.8,37.2,41.7,
445533,2579.3,2579.3,,327.0,193.0,,,,
445570,640.0,640.0,,76.0,79.0,41.5,48.5,51.8,
445572,356.0,356.0,,31.0,39.0,26.6,43.0,48.8,
445580,5105.0,5105.0,,369.0,557.0,51.0,58.7,64.2,
445603,2174.0,2174.0,,222.0,246.0,36.3,43.6,48.3,
445604,7086.0,7086.0,,290.0,615.0,,,,0.134
445613,4056.0,4056.0,,375.0,437.0,,,,
445615,5693.0,5693.0,,474.0,596.0,23.1,31.2,34.5,
445623,18357.0,18357.0,,1323.0,1786.0,,,,
445629,728.0,728.0,,59.0,70.0,43.3,53.9,59.4,
445630,3261.0,3261.0,,242.0,259.0,45.2,52.9,57.8,
445642,5792.7,5792.7,,484.0,588.0,31.8,37.9,41.4,
445660,4525.0,4525.0,,366.0,413.0,32.8,38.7,42.4,
445668,5543.0,5543.0,,472.0,549.0,25.9,33.0,36.7,
445682,3969.0,3969.0,,389.0,385.0,38.8,46.4,49.9,
445690,243.3,243.3,,18.0,20.0,35.3,44.7,49.7,
445693,5313.0,5313.0,,427.0,494.0,36.4,42.3,44.8,
445694,608.0,608.0,,75.0,62.0,36.4,46.9,52.8,
445710,15472.5,15472.5,,931.0,977.0,,,,
445725,3177.0,3177.0,,227.0,254.0,44.5,52.1,56.9,
445736,237.0,237.0,,20.0,26.0,29.0,37.8,43.2,
445737,1996.0,1996.0,,223.0,194.0,42.4,51.8,57.9,
445739,5133.0,5133.0,,394.0,432.0,38.0,45.0,49.7,
445742,2254.7,2254.7,,248.0,253.0,42.9,49.9,56.3,
445746,32262.0,32262.0,,1849.0,2675.0,,,,
445765,20198.0,20198.0,,1361.0,1521.0,,,,
445767,8561.0,8561.0,,310.0,800.0,,,,0.152
445768,2396.3,2396.3,,309.0,252.0,39.8,47.8,53.0,
445769,27913.7,27913.7,,2353.0,2046.0,,,,
445774,472.7,472.7,,63.0,42.0,38.6,47.6,53.1,
445777,1669.0,1669.0,,128.0,156.0,36.8,44.1,49.2,
445783,137.3,137.3,,8.0,13.0,27.4,34.3,39.4,
445802,1892.0,1892.0,,305.0,169.0,34.3,39.8,44.8,
445804,1610.0,1610.0,,134.0,142.0,33.0,39.9,44.9,
445879,1328.0,1328.0,,247.0,135.0,43.7,52.9,58.1,
445885,17273.1,18452.6,14324.5,1055.0,1579.0,,,,
445888,1050.0,1050.0,,86.0,116.0,41.2,49.4,56.1,
445889,29581.0,29581.0,,2524.0,2026.0,,,,
445902,405.0,405.0,,46.0,37.0,29.6,41.6,47.0,
445918,531.5,531.5,,47.0,54.0,31.3,39.7,44.4,
445930,15297.7,15297.7,,911.0,1299.0,,,,
445944,21909.7,21909.7,,1283.0,1239.0,43.5,58.9,65.0,
445947,1056.0,1056.0,,137.0,101.0,37.9,49.2,54.4,
445962,975.7,975.7,,80.0,147.0,38.0,44.8,49.6,
445970,557.3,557.3,,38.0,47.0,31.4,38.9,43.5,
445982,1989.0,1989.0,,194.0,220.0,37.2,44.4,49.5,
445983,1490.0,1490.0,,201.0,186.0,36.1,44.8,49.1,
445999,4186.3,4186.3,,301.0,410.0,35.6,42.0,44.7,
446000,773.5,773.5,,101.0,83.0,32.3,38.7,42.7,
446003,151.0,151.0,,34.0,19.0,27.7,38.8,43.5,
446012,27524.7,27524.7,,2626.0,2745.0,,,,
446016,962.5,962.5,,151.0,103.0,33.0,43.2,48.4,
446024,1329.3,1329.3,,209.0,131.0,39.7,47.8,52.8,
446025,2623.0,2623.0,,370.0,273.0,36.4,46.0,51.3,
446029,14433.7,14433.7,,1087.0,1213.0,,,,
446030,905.0,905.0,,75.0,76.0,43.0,53.6,59.3,
446031,717.0,717.0,,72.0,78.0,35.2,42.3,46.3,
446035,3804.7,3804.7,,248.0,380.0,38.6,44.2,48.5,
446057,5297.0,5297.0,,464.0,497.0,47.2,54.0,58.9,
446058,458.0,458.0,,39.0,49.0,36.2,46.9,53.4,
446068,565.3,565.3,,86.0,70.0,41.8,51.9,57.8,
446075,860.0,860.0,,84.0,86.0,36.3,43.2,47.4,
446082,22826.7,22826.7,,1704.0,1607.0,,,,
446084,482.0,482.0,,46.0,51.0,38.4,48.2,54.1,
446092,680.0,680.0,,50.0,55.0,44.4,56.4,63.6,
446093,2124.0,2124.0,,204.0,214.0,38.9,46.5,50.0,
446094,787.3,787.3,,142.0,108.0,31.6,39.0,43.7,
446098,4074.7,4074.7,,242.0,317.0,,,,
446105,282.5,282.5,,24.0,32.0,34.3,44.0,48.8,
446115,810.0,810.0,,62.0,163.0,41.1,51.2,54.9,
446116,604.0,604.0,,49.0,50.0,30.4,38.1,42.7,
446124,5722.0,5722.0,,494.0,515.0,45.6,53.0,57.9,
446125,555.3,555.3,,41.0,49.0,29.5,36.0,39.5,
446129,1485.0,1485.0,,145.0,156.0,38.5,44.7,49.5,
446137,4011.3,4011.3,,416.0,396.0,,,,
446142,335.0,335.0,,28.0,33.0,26.6,36.9,41.7,
446150,1371.0,1371.0,,227.0,161.0,38.3,49.4,56.4,
446152,6950.0,6950.0,,739.0,720.0,47.0,54.0,59.5,
446154,1608.5,1608.5,,334.0,137.0,33.6,39.8,44.6,
446156,5058.3,5058.3,,438.0,509.0,33.0,38.7,43.0,
446163,357.0,357.0,,31.0,41.0,32.8,44.4,49.6,
446182,13889.0,13889.0,,1138.0,1065.0,,,,
446194,1321.0,1321.0,,137.0,155.0,40.8,48.2,52.7,
446195,1245.0,1245.0,,135.0,110.0,38.3,45.0,49.5,
446196,4464.3,4464.3,,399.0,566.0,,,,
446197,663.0,663.0,,62.0,64.0,28.7,37.2,41.3,
446206,37695.3,37695.3,,2571.0,3033.0,,,,
446207,21552.3,21552.3,,1468.0,1293.0,,,,
446217,279.0,279.0,,37.0,28.0,20.9,37.4,46.0,
446233,54146.7,54146.7,,4125.0,4431.0,52.2,63.3,68.9,
446247,1905.0,1905.0,,128.0,248.0,44.3,53.1,58.4,
446281,8437.1,8666.6,7863.5,468.0,654.0,,,,0.15
446290,15707.0,15707.0,,999.0,1159.0,,,,0.049
446297,830.0,830.0,,99.0,100.0,39.4,49.6,56.8,
446305,370.0,370.0,,28.0,55.0,31.7,43.7,49.7,
446314,4303.0,4303.0,,398.0,385.0,,,,
446319,718.0,718.0,,85.0,78.0,38.8,49.9,56.9,
446321,750.0,750.0,,53.0,66.0,40.6,51.2,56.9,
446330,2232.0,2232.0,,153.0,301.0,42.3,49.3,54.2,
446351,5702.0,5702.0,,421.0,576.0,45.9,53.2,58.3,
446352,539.0,539.0,,31.0,79.0,34.3,41.6,44.8,
446354,916.0,916.0,,76.0,94.0,44.6,55.0,62.4,
446360,16926.0,16926.0,,1135.0,1216.0,,,,
446378,3787.7,3787.7,,375.0,378.0,,,,
446380,16656.7,16656.7,,1083.0,1087.0,,,,
446381,2696.0,2696.0,,192.0,275.0,43.4,49.9,54.7,
446385,18353.0,18353.0,,1237.0,1249.0,25.6,46.8,52.6,
446393,122.0,122.0,,10.0,11.0,28.5,41.3,48.3,
446399,840.0,840.0,,53.0,106.0,34.0,39.8,44.3,
446402,22491.0,22491.0,,1311.0,1416.0,46.0,57.4,63.2,
446420,16490.7,16490.7,,1382.0,1284.0,,,,
446442,5108.0,5108.0,,425.0,494.0,,,,
446443,11444.3,11444.3,,766.0,943.0,,,,
446445,20480.4,21611.6,17652.5,1299.0,1962.0,,,,
446453,1480.0,1480.0,,114.0,122.0,32.1,46.7,54.4,
446460,722.0,722.0,,62.0,75.0,38.4,48.9,54.6,
446461,2370.0,2370.0,,197.0,215.0,46.4,57.1,63.6,
446462,1702.0,1702.0,,132.0,226.0,40.5,48.5,53.9,
446463,31595.7,31595.7,,2035.0,2103.0,,,,
446465,1234.5,1234.5,,163.0,134.0,36.9,44.3,49.5,
446469,11166.6,11992.2,9102.5,996.0,971.0,,,,
446477,842.7,842.7,,80.0,102.0,36.4,44.7,49.5,
446486,741.0,741.0,,76.0,69.0,41.1,49.9,57.4,
446511,1879.0,1879.0,,153.0,211.0,43.9,52.4,58.2,
446513,894.5,894.5,,165.0,157.0,35.4,44.3,50.0,
446514,852.0,852.0,,84.0,61.0,35.8,44.2,49.7,
446518,491.0,491.0,,40.0,45.0,34.2,43.3,48.8,
446520,820.0,820.0,,85.0,81.0,35.2,42.8,47.7,
446521,11961.0,11961.0,,768.0,1156.0,,,,
446523,54144.0,54144.0,,4098.0,4431.0,53.5,63.9,69.3,
446526,708.0,708.0,,46.0,69.0,42.9,52.9,59.2,
446528,771.7,771.7,,113.0,87.0,33.9,44.0,52.2,
446534,695.0,695.0,,111.0,84.0,27.9,37.0,41.0,
446535,3048.5,3048.5,,316.0,294.0,36.0,42.5,46.9,
446539,393.0,393.0,,33.0,40.0,37.0,46.7,51.7,
446546,5792.3,5792.3,,365.0,583.0,,,,
446552,1329.0,1329.0,,172.0,165.0,40.0,48.1,53.4,
446561,644.0,644.0,,68.0,62.0,37.6,47.3,53.2,
446569,1448.0,1448.0,,193.0,154.0,44.8,53.4,58.3,
446570,6362.0,6362.0,,579.0,615.0,42.0,51.7,54.8,
446574,1274.5,1274.5,,140.0,133.0,36.0,43.0,47.7,
446591,787.5,787.5,,67.0,80.0,34.5,41.8,46.2,
446593,6299.0,6299.0,,598.0,656.0,38.2,46.4,50.0,
446608,20026.0,20026.0,,1517.0,1478.0,,,,
446609,985.0,985.0,,94.0,90.0,34.8,44.0,49.2,
446613,810.0,810.0,,80.0,83.0,35.5,42.8,47.0,
446619,3387.0,3387.0,,352.0,377.0,44.1,51.7,54.9,
446621,540.0,540.0,,32.0,46.0,33.3,43.8,49.0,
446628,3403.0,3403.0,,336.0,297.0,40.6,48.2,53.4,
446629,17079.7,17079.7,,1124.0,1342.0,,,,
446632,6772.0,6772.0,,385.0,529.0,,,,
446639,11009.3,11009.3,,803.0,928.0,51.9,59.9,67.4,
446642,11363.3,11363.3,,826.0,955.0,52.2,59.5,64.8,
446643,2956.0,2956.0,,344.0,209.0,,,,
446648,164.5,164.5,,13.0,16.0,30.6,41.5,44.5,
446662,12536.3,12536.3,,906.0,1084.0,49.3,57.8,62.9,
906423,17781.0,17781.0,,760.0,1949.0,,,,
906452,3047.0,3047.0,,182.0,286.0,,,,
906470,15056.0,17238.3,10691.3,1302.0,1256.0,,,,
906483,2664.0,2664.0,,246.0,262.0,40.3,48.6,53.8,
906510,718.0,718.0,,53.0,60.0,38.3,49.8,57.6,
906519,791.0,791.0,,66.0,76.0,37.9,48.4,54.2,
906531,18094.0,18094.0,,1439.0,1313.0,,,,
906551,13670.0,13670.0,,991.0,1185.0,,,,
906553,17063.0,17063.0,,1509.0,1372.0,,,,
906556,1915.0,1915.0,,399.0,200.0,32.7,42.2,48.2,
906564,4814.7,4814.7,,410.0,362.0,,,,
906572,3793.7,3793.7,,376.0,432.0,52.3,66.4,74.7,
906574,312.0,312.0,,21.0,29.0,26.4,34.9,39.5,
906577,8458.0,8458.0,,376.0,1026.0,,,,
906585,934.0,934.0,,64.0,97.0,32.9,39.4,43.8,
906586,152.7,152.7,,8.0,13.0,25.6,37.1,43.9,
906593,15636.3,15636.3,,1437.0,1070.0,,,,
906604,5642.5,5642.5,,409.0,539.0,,,,
906605,2195.0,2195.0,,203.0,181.0,31.2,38.1,42.3,
906609,1950.3,1950.3,,181.0,175.0,,,,
906610,8865.3,8865.3,,847.0,805.0,,,,
906620,281.7,281.7,,19.0,27.0,30.6,42.2,48.6,
906636,5642.5,5642.5,,409.0,539.0,,,,
906673,25107.7,25107.7,,2020.0,2352.0,,,,
906675,13721.3,13721.3,,632.0,1601.0,,,,
906684,1651.0,1651.0,,125.0,141.0,43.0,51.4,56.9,
906690,232.0,232.0,,29.0,19.0,25.5,33.4,37.1,
906692,14436.3,14436.3,,752.0,1548.0,,,,
906720,15882.0,15882.0,,731.0,1450.0,,,,
906730,3398.0,3398.0,,337.0,313.0,40.5,48.2,53.3,
906762,3548.0,3548.0,,228.0,333.0,39.7,47.1,51.5,
906766,13424.0,13424.0,,819.0,1136.0,,,,
906776,354.2,354.2,,31.0,29.0,24.1,32.7,34.9,
906777,14414.7,15835.6,10862.5,1273.0,1427.0,,,,
906778,11707.7,12587.6,9508.0,986.0,935.0,,,,
906786,13584.0,13884.0,12834.0,747.0,1126.0,,,,
906797,423.0,423.0,,36.0,40.0,36.7,47.2,52.0,
906809,14103.0,14922.4,12054.5,659.0,1182.0,,,,
906818,577.0,577.0,,49.0,52.0,35.5,44.8,51.0,
906822,16219.0,16219.0,,975.0,1371.0,,,,
906833,872.3,872.3,,72.0,68.0,35.4,43.2,47.4,
906834,3254.7,3254.7,,251.0,230.0,,,,
906840,10327.7,10327.7,,476.0,1245.0,,,,
906857,1390.3,1390.3,,250.0,175.0,31.6,39.6,46.6,
906863,329.0,329.0,,36.0,42.0,36.5,44.6,53.3,
906866,10210.7,10210.7,,900.0,867.0,,,,
906876,18065.3,18065.3,,875.0,1692.0,,,,
906896,10322.0,11508.6,7355.5,747.0,857.0,63.3,72.3,79.4,
906898,39236.7,39236.7,,2775.0,3355.0,,,,
906908,1450.0,1450.0,,244.0,165.0,32.3,39.9,46.6,
906945,23402.0,23402.0,,1579.0,1900.0,,,,
906946,30910.7,30910.7,,1706.0,2772.0,,,,
906948,386.5,386.5,,25.0,43.0,40.7,49.2,54.7,
906974,5577.0,5577.0,,341.0,536.0,,,,
906980,16367.0,16367.0,,1360.0,1214.0,,,,
906996,1230.0,1230.0,,116.0,108.0,38.2,47.6,52.9,
907016,3872.3,3872.3,,182.0,388.0,,,,
907045,26115.5,26115.5,,1385.0,2040.0,59.7,67.4,73.1,
907049,62.7,62.7,,6.0,5.0,20.5,29.6,34.2,
907054,16366.0,16366.0,,1159.0,1349.0,,,,
907067,16207.3,16207.3,,760.0,1532.0,,,,
907077,673.0,673.0,,43.0,71.0,32.8,39.9,46.7,
907088,12327.3,12327.3,,860.0,1024.0,,,,
907091,2207.3,2207.3,,169.0,221.0,39.3,48.9,54.9,
907115,511.0,511.0,,28.0,48.0,33.9,42.9,48.5,
907123,28473.0,28473.0,,1866.0,2463.0,,,,
907124,1525.0,1525.0,,152.0,112.0,,,,
907129,3989.7,3989.7,,287.0,320.0,39.4,47.7,52.6,
907135,13056.0,13056.0,,650.0,1294.0,,,,
907137,6605.3,6605.3,,485.0,509.0,,,,
907143,13076.0,13076.0,,891.0,1067.0,,,,
907146,12005.7,12005.7,,723.0,1044.0,,,,
907147,14679.0,14679.0,,1011.0,1272.0,40.9,49.6,55.0,
907148,3244.0,3244.0,,208.0,261.0,42.3,49.8,56.5,
907150,13429.3,13429.3,,848.0,1218.0,,,,
907164,22216.5,22216.5,,1371.0,1767.0,56.2,66.3,72.0,
907170,641.5,641.5,,36.0,50.0,28.5,36.6,41.6,
907171,18975.7,18975.7,,1917.0,1175.0,,,,
907182,412.0,412.0,,36.0,43.0,41.1,49.0,54.1,
907189,36379.3,36379.3,,2500.0,2736.0,,,,
907190,15199.0,15199.0,,693.0,1353.0,,,,
907196,21225.0,21225.0,,1406.0,1758.0,60.8,68.5,73.8,
907198,13425.0,13425.0,,997.0,1050.0,,,,
907211,39410.0,39410.0,,2586.0,3004.0,,,,
907213,18223.3,18223.3,,922.0,1656.0,,,,
907223,17013.6,17660.2,15397.0,948.0,1234.0,49.8,59.7,66.9,
907227,19122.0,19122.0,,970.0,1453.0,47.7,57.9,63.0,
907234,22183.3,22183.3,,2017.0,1757.0,,,,
907242,4492.3,4492.3,,395.0,330.0,,,,
907267,449.0,449.0,,52.0,44.0,37.7,47.8,53.9,
907282,542.0,542.0,,30.0,47.0,30.2,37.9,42.6,
907308,334.5,334.5,,22.0,32.0,35.0,46.2,49.5,
907312,7501.0,7501.0,,653.0,646.0,39.8,44.9,49.4,
907314,1176.0,1176.0,,58.0,93.0,35.9,43.3,48.1,
907315,812.0,812.0,,39.0,64.0,28.2,37.3,43.2,
907316,541.5,541.5,,26.0,49.0,30.0,38.3,43.7,
907336,7539.0,7539.0,,575.0,561.0,,,,0.102
907341,10743.0,10743.0,,710.0,844.0,,,,0.085
907370,526.5,526.5,,37.0,44.0,27.4,33.8,38.6,
907371,224.0,224.0,,12.0,24.0,30.9,41.4,47.2,
907374,11834.3,11834.3,,1080.0,797.0,,,,
907375,302.3,302.3,,25.0,30.0,38.1,47.6,52.9,
907387,18972.3,18972.3,,825.0,1699.0,,,,
907388,450.0,450.0,,75.0,38.0,36.9,48.5,54.1,
907390,17541.0,17541.0,,1325.0,1261.0,,,,
907392,529.0,529.0,,96.0,50.0,31.9,39.1,44.0,
907410,21425.3,21425.3,,1376.0,1891.0,61.8,68.8,73.9,
907413,541.0,541.0,,30.0,45.0,36.9,46.0,51.5,
907426,612.5,612.5,,104.0,58.0,35.7,43.9,49.2,
907437,532.7,532.7,,34.0,55.0,40.4,51.3,57.3,
907445,284.0,284.0,,18.0,27.0,35.3,47.0,53.8,
907455,22304.0,22304.0,,1716.0,1735.0,,,,
907503,1000.0,1000.0,,67.0,89.0,42.6,51.4,56.7,
907511,939.0,939.0,,107.0,92.0,33.4,41.7,46.5,
907512,13637.3,13637.3,,623.0,1347.0,,,,
907520,3067.0,3067.0,,183.0,276.0,47.6,56.3,62.3,
907527,1396.3,1396.3,,145.0,128.0,46.4,57.7,63.6,
907534,23938.0,23938.0,,1812.0,1929.0,,,,
907544,14579.3,14579.3,,1288.0,1057.0,,,,
907547,429.5,429.5,,35.0,63.0,34.0,44.6,51.5,
907559,130.0,130.0,,12.0,17.0,34.1,43.3,49.3,
907571,2345.0,2345.0,,264.0,223.0,47.1,54.7,59.6,
907572,16374.3,16374.3,,804.0,1656.0,,,,
907576,6293.0,6293.0,,524.0,532.0,46.0,53.2,58.3,
907578,1001.7,1001.7,,109.0,104.0,40.8,49.0,54.5,
907584,6297.0,6297.0,,509.0,525.0,45.4,52.7,57.7,
907611,2907.0,2907.0,,283.0,276.0,38.3,46.8,49.7,
907635,2729.0,2729.0,,336.0,368.0,34.0,43.0,48.8,
907636,261.5,261.5,,68.0,34.0,34.5,43.5,48.4,
907638,7894.0,7894.0,,595.0,622.0,47.1,53.7,58.9,
907647,17250.3,17250.3,,1467.0,1403.0,,,,
907660,10017.0,10017.0,,593.0,926.0,51.0,60.0,66.5,
907663,23011.3,23011.3,,1204.0,2003.0,,,,
907667,16428.7,16428.7,,1145.0,1211.0,,,,
907673,12457.0,12457.0,,670.0,1069.0,,,,
907698,3892.5,3892.5,,466.0,464.0,36.9,47.0,54.2,
907758,746.7,746.7,,74.0,76.0,38.1,47.7,53.3,
907764,456.0,456.0,,81.0,51.0,38.5,47.9,52.9,
907777,707.3,707.3,,73.0,72.0,38.6,48.4,56.8,
907789,121.0,121.0,,9.0,18.0,35.2,44.3,51.6,
907820,23286.0,23286.0,,1404.0,1735.0,,,,
907838,19281.0,19281.0,,1404.0,1934.0,,,,
907839,411.0,411.0,,36.0,51.0,32.1,39.0,43.4,
907850,23641.3,23641.3,,1170.0,2057.0,,,,
907864,16032.3,16032.3,,1207.0,1219.0,,,,
907876,2658.3,2658.3,,199.0,210.0,48.1,57.3,63.4,
907894,15346.9,15916.6,13922.5,1375.0,1200.0,,,,
907902,13868.3,15163.4,10630.5,1154.0,1188.0,,,,
907903,19733.3,19733.3,,1606.0,1273.0,,,,
907923,16004.3,16004.3,,790.0,1425.0,,,,
907934,54.3,54.3,,5.0,4.0,,,,0.147
907953,18445.3,18445.3,,959.0,1531.0,,,,
907960,30594.0,30594.0,,1658.0,1988.0,37.2,47.6,53.2,
907962,13367.3,14275.2,11097.5,918.0,1264.0,,,,
907996,19940.7,19940.7,,1356.0,1411.0,,,,
907998,594.7,594.7,,48.0,55.0,36.6,46.5,51.3,
908008,477.0,477.0,,95.0,71.0,28.1,34.5,38.7,
908020,1094.7,1094.7,,85.0,96.0,38.3,47.4,52.8,
908025,22212.3,22212.3,,1331.0,1421.0,41.3,59.5,67.3,
908035,1610.7,1610.7,,84.0,132.0,,,,0.032
908046,15828.7,15828.7,,878.0,1180.0,,,,
908051,16881.6,17645.0,14973.0,1349.0,1285.0,,,,
908057,2413.7,2783.2,1490.0,187.0,278.0,55.5,65.0,72.8,
908067,15643.6,16024.8,14690.5,894.0,1381.0,,,,
908092,14331.4,15804.4,10649.0,1000.0,1422.0,,,,
908115,19540.9,20537.8,17048.5,1552.0,1541.0,,,,
908116,22599.3,22599.3,,1247.0,1414.0,49.5,59.6,66.1,
908130,16384.3,16384.3,,1137.0,1308.0,,,,
908132,19998.0,19998.0,,1254.0,1550.0,63.8,72.8,78.6,
908142,2061.0,2061.0,,335.0,293.0,,,,
908153,16259.7,16259.7,,1198.0,1334.0,,,,
908191,14685.3,14685.3,,860.0,1437.0,,,,
908224,21970.3,21970.3,,1356.0,1541.0,,,,
908226,11188.7,11188.7,,931.0,1094.0,,,,
908227,1774.3,1774.3,,187.0,208.0,29.3,38.7,43.7,
908240,21274.0,21274.0,,1763.0,1480.0,,,,
908247,12907.0,12907.0,,1230.0,995.0,,,,
908274,26762.3,26762.3,,1928.0,2330.0,,,,
908287,777.3,995.4,232.0,75.0,99.0,,,,0.167
908293,15053.7,15053.7,,1116.0,1110.0,,,,
908310,12927.4,14093.0,10013.5,836.0,1091.0,,,,0.164
908318,15536.3,15536.3,,1354.0,1266.0,,,,
908325,13323.0,13323.0,,1041.0,1490.0,,,,
908336,15222.7,15222.7,,1027.0,933.0,41.3,48.3,53.3,
908358,12181.0,12181.0,,748.0,1145.0,,,,
908374,659.5,659.5,,44.0,51.0,41.0,49.7,56.2,
908402,13518.7,13518.7,,821.0,1185.0,,,,
908411,9972.0,9972.0,,758.0,844.0,,,,
908422,11030.0,11030.0,,607.0,853.0,50.9,59.0,64.3,
908424,7565.0,7565.0,,506.0,636.0,,,,
908426,405.7,405.7,,30.0,52.0,41.8,49.4,54.9,
908430,17050.0,17050.0,,1212.0,1357.0,,,,
908433,13828.7,13828.7,,898.0,1354.0,,,,
908436,691.5,691.5,,125.0,101.0,40.8,48.7,53.9,
908441,6079.0,6079.0,,707.0,580.0,,,,
908445,7018.0,7018.0,,381.0,693.0,,,,
908448,6191.1,6609.8,5144.5,579.0,637.0,,,,
908449,9259.0,10537.4,6063.0,871.0,1274.0,,,,
908453,115.0,115.0,,10.0,11.0,32.8,43.4,48.6,
908459,14588.3,14588.3,,931.0,1438.0,,,,
908468,5382.7,5382.7,,525.0,612.0,,,,
908471,18585.7,18585.7,,1274.0,1645.0,,,,
908480,8767.4,9452.2,7055.5,1003.0,715.0,,,,
908508,11583.7,11583.7,,1170.0,1162.0,55.2,63.7,69.1,
908511,22923.7,22923.7,,1412.0,1639.0,58.7,68.1,74.0,
908520,33798.0,33798.0,,2350.0,3139.0,,,,
908527,5816.0,5816.0,,573.0,652.0,,,,
908528,159.5,159.5,,11.0,14.0,29.9,41.5,46.0,
908543,13685.0,13685.0,,1067.0,1046.0,,,,
908549,10023.7,10023.7,,655.0,799.0,,,,
908558,7740.3,7740.3,,455.0,1303.0,,,,
908564,14807.7,14807.7,,929.0,1467.0,,,,
908567,133.0,133.0,,14.0,15.0,23.3,33.6,39.8,
908591,12047.7,12047.7,,1310.0,1254.0,52.6,62.2,67.7,
908599,4826.7,4826.7,,306.0,488.0,,,,
908641,2572.0,2572.0,,154.0,206.0,27.2,34.4,38.9,
908651,9334.9,9834.8,8085.0,883.0,732.0,,,,
908699,1178.7,1178.7,,170.0,121.0,45.2,54.1,59.4,
908727,1259.3,1259.3,,205.0,137.0,31.3,36.2,39.9,
908753,17236.3,17236.3,,944.0,1683.0,,,,
908763,15138.7,15138.7,,1454.0,1018.0,,,,
908769,384.0,384.0,,24.0,34.0,40.3,49.5,56.4,
908782,17816.7,17816.7,,1018.0,1945.0,,,,
908793,670.3,670.3,,45.0,59.0,42.1,51.0,54.9,
908794,414.0,414.0,,43.0,47.0,40.5,49.1,53.9,
908800,21104.0,21104.0,,1436.0,1619.0,,,,
908803,285.0,285.0,,32.0,33.0,38.4,48.6,54.0,
908816,16057.7,16057.7,,1037.0,1456.0,,,,
908822,14498.0,14498.0,,1349.0,960.0,,,,
908824,1343.0,1343.0,,156.0,173.0,42.8,49.8,54.3,
908828,9368.0,9368.0,,812.0,698.0,,,,
908832,12160.3,12160.3,,698.0,1452.0,,,,
908852,13065.7,13065.7,,1068.0,1189.0,,,,
908860,14195.0,14195.0,,1220.0,906.0,,,,
908869,608.5,608.5,,8.0,100.0,34.3,43.5,48.8,
908874,11837.0,11837.0,,1132.0,1008.0,,,,
908877,267.0,267.0,,46.0,36.0,41.1,51.7,57.7,
908884,1007.0,1007.0,,134.0,107.0,37.0,45.0,49.8,
908887,2324.0,2324.0,,142.0,306.0,,,,
908890,6196.0,6196.0,,658.0,718.0,,,,
908891,481.5,481.5,,143.0,58.0,33.6,43.8,48.8,
908892,7071.3,7071.3,,567.0,804.0,,,,
908895,23169.0,23169.0,,1741.0,1950.0,,,,
908899,1263.3,1263.3,,195.0,154.0,44.6,54.0,59.9,
908908,317.3,317.3,,42.0,36.0,39.0,48.3,53.6,
908909,489.0,489.0,,83.0,59.0,28.1,37.1,39.8,
908925,13062.7,13062.7,,1075.0,1006.0,,,,
908932,6608.7,6608.7,,569.0,598.0,,,,
908943,2309.0,2309.0,,235.0,230.0,41.2,49.1,54.2,
908972,3083.3,3083.3,,210.0,228.0,,,,
908976,21667.0,21667.0,,1822.0,2006.0,42.0,53.6,59.5,
909005,6688.0,6688.0,,520.0,667.0,51.8,61.9,67.8,
909009,7157.0,7157.0,,819.0,696.0,,,,
909010,20462.0,20462.0,,1573.0,1610.0,60.3,69.1,74.6,
909011,10206.0,10206.0,,1007.0,865.0,,,,
909031,6485.7,6485.7,,612.0,758.0,,,,
909045,336.0,336.0,,32.0,30.0,37.9,48.7,54.4,
909053,601.0,601.0,,62.0,61.0,37.3,44.2,48.5,
909086,1892.3,1892.3,,149.0,172.0,,,,
909091,21033.0,21033.0,,2113.0,1378.0,,,,
909092,13390.7,13390.7,,1238.0,998.0,,,,
909094,637.7,637.7,,110.0,67.0,40.8,52.1,59.2,
909096,6152.3,6152.3,,573.0,770.0,,,,
909099,8938.3,8938.3,,657.0,877.0,,,,
909110,596.0,596.0,,78.0,59.0,38.9,48.4,54.7,
909112,6695.7,6695.7,,714.0,630.0,,,,
909115,288.5,288.5,,31.0,30.0,37.7,47.3,52.9,
909123,9805.0,9805.0,,678.0,853.0,50.5,58.0,63.1,
909124,385.0,385.0,,27.0,34.0,39.7,49.3,54.4,
909126,1767.3,1767.3,,182.0,116.0,,,,
909127,17122.3,17122.3,,1180.0,1601.0,,,,
909131,1156.5,1156.5,,96.0,88.0,43.0,52.1,57.8,
909135,14288.0,14288.0,,1068.0,1085.0,64.4,73.0,78.3,
909137,149.7,149.7,,13.0,18.0,27.2,38.4,43.6,
909146,11711.5,11711.5,,803.0,1198.0,57.7,66.6,72.1,
909149,1080.0,1080.0,,108.0,115.0,45.5,54.5,63.1,
909150,1414.5,1414.5,,181.0,134.0,40.6,49.3,54.5,
909151,11099.7,11099.7,,824.0,971.0,,,,
909153,2297.5,2297.5,,229.0,215.0,36.3,42.8,46.9,
909165,30209.3,30209.3,,2169.0,2392.0,,,,
909179,6797.3,6797.3,,777.0,611.0,,,,
909180,17576.7,17576.7,,1315.0,1320.0,57.2,64.7,69.8,
909188,3495.3,3495.3,,366.0,331.0,42.9,49.5,54.4,
909190,15786.0,15786.0,,1153.0,1351.0,,,,
909191,3690.7,3690.7,,185.0,488.0,,,,
909192,1540.0,1540.0,,222.0,175.0,40.0,49.1,54.8,
909194,510.5,510.5,,76.0,52.0,40.8,51.3,57.9,
909195,532.0,532.0,,88.0,62.0,40.7,51.4,59.6,
909197,12906.3,12906.3,,1086.0,1169.0,,,,
909199,512.0,512.0,,22.0,50.0,42.6,51.5,56.9,
909200,3104.0,3221.0,2811.5,152.0,290.0,,,,0.066
909205,3061.0,3061.0,,353.0,280.0,42.4,51.1,56.6,
909215,103.5,103.5,,15.0,12.0,29.3,38.8,46.8,
909230,9090.7,9090.7,,884.0,768.0,51.8,59.4,64.9,
909238,1090.0,1090.0,,76.0,101.0,39.7,49.2,54.4,
909251,475.0,475.0,,28.0,40.0,,,,
909254,973.3,973.3,,99.0,93.0,34.7,41.2,44.4,
909256,8026.7,8026.7,,607.0,808.0,,,,
909264,1406.0,1406.0,,125.0,127.0,31.4,46.1,49.8,
909265,594.0,594.0,,47.0,39.0,,,,
909272,12189.3,12189.3,,1073.0,1009.0,49.5,58.0,63.9,
909281,15902.5,15902.5,,1151.0,1225.0,53.7,62.4,67.7,
909283,3805.0,3805.0,,463.0,394.0,44.8,52.2,57.1,
909290,11878.7,11878.7,,1033.0,986.0,,,,
909297,5583.3,5583.3,,594.0,489.0,,,,
909301,1319.5,1319.5,,162.0,128.0,39.0,48.0,52.7,
909326,21863.7,21863.7,,1831.0,1740.0,,,,
909344,64.0,64.0,,7.0,9.0,30.7,39.8,48.2,
909346,499.0,499.0,,33.0,48.0,37.9,48.0,53.2,
909354,1690.0,1690.0,,183.0,169.0,51.2,59.8,66.5,
909362,11804.7,11804.7,,718.0,1042.0,,,,
909369,4163.0,4163.0,,398.0,416.0,43.1,52.5,57.8,
909379,10651.7,10651.7,,830.0,934.0,,,,
909382,1914.0,1914.0,,170.0,207.0,38.2,44.7,49.5,
909399,1575.0,1575.0,,200.0,166.0,43.1,52.1,57.5,
909405,228.0,228.0,,20.0,21.0,41.7,52.7,59.7,
909406,1037.0,1037.0,,124.0,92.0,47.3,58.0,64.9,
909417,184.0,184.0,,21.0,20.0,31.4,41.6,44.8,
909442,2209.5,2209.5,,249.0,232.0,38.6,44.4,48.9,
909444,11630.6,12649.0,9084.5,1123.0,1106.0,,,,
909462,164.5,164.5,,15.0,16.0,33.6,43.5,48.3,
909489,9098.0,9098.0,,757.0,822.0,,,,
909513,19793.3,20860.6,17125.0,1403.0,1512.0,,,,
909522,3978.3,3978.3,,362.0,334.0,41.4,49.5,54.8,
909523,1944.0,1944.0,,260.0,181.0,37.7,48.8,54.1,
909526,1722.3,1722.3,,167.0,158.0,28.2,32.3,34.2,
909532,8029.0,8029.0,,635.0,622.0,60.3,68.3,73.7,
909588,10343.7,10343.7,,1054.0,844.0,,,,
909596,12172.0,12172.0,,830.0,1061.0,71.9,78.5,119.1,
909609,40720.3,40720.3,,3482.0,3669.0,,,,
909621,15995.3,15995.3,,1057.0,1491.0,,,,
909623,1395.0,1395.0,,99.0,136.0,39.4,48.1,53.2,
909627,9017.0,9017.0,,691.0,805.0,56.0,62.1,66.2,
909632,30345.5,30345.5,,1788.0,2232.0,60.0,69.4,74.7,
909635,3462.3,3462.3,,295.0,326.0,41.7,51.1,56.9,
909646,2301.7,2301.7,,270.0,247.0,45.0,53.3,58.4,
909648,12113.3,12113.3,,1003.0,1070.0,,,,
909658,515.5,515.5,,61.0,57.0,40.7,49.1,54.4,
909674,49748.7,49748.7,,2908.0,3280.0,46.7,61.3,67.6,
909682,1715.7,1715.7,,119.0,127.0,39.0,48.7,54.5,
909697,29548.6,31647.6,24301.0,2335.0,2588.0,,,,
909710,10839.0,10839.0,,833.0,870.0,,,,
909712,3513.0,3513.0,,453.0,369.0,48.4,56.4,59.8,
909723,2864.3,2864.3,,283.0,356.0,,,,
909733,4290.0,4290.0,,427.0,388.0,39.4,46.0,49.4,
909738,10425.0,10425.0,,762.0,1528.0,,,,
909765,2937.5,2937.5,,431.0,304.0,44.4,52.6,57.3,
909775,20181.7,20181.7,,2382.0,1873.0,,,,
909802,2264.0,2264.0,,184.0,276.0,,,,
909829,4341.3,4341.3,,439.0,412.0,52.4,59.1,64.2,
909861,9737.7,9737.7,,722.0,1416.0,,,,
909875,491.0,491.0,,71.0,54.0,41.0,51.6,57.4,
909906,10088.3,10088.3,,856.0,890.0,,,,
909914,2882.3,2882.3,,360.0,268.0,,,,
909915,343.0,343.0,,29.0,42.0,32.8,42.2,48.4,
909927,20763.0,20763.0,,1663.0,1735.0,,,,
909968,306.7,306.7,,36.0,30.0,36.4,47.4,52.1,
909969,10620.0,10620.0,,871.0,914.0,,,,
909977,262.3,262.3,,33.0,31.0,37.6,47.2,52.5,
909998,741.5,741.5,,171.0,123.0,40.7,48.1,53.0,
910023,12738.3,13972.6,9652.5,1323.0,1155.0,,,,
910025,22092.3,22092.3,,1604.0,2462.0,,,,
910040,7379.5,7379.5,,710.0,639.0,45.7,53.5,58.8,
910046,3336.0,3336.0,,309.0,378.0,,,,
910058,7799.0,7799.0,,908.0,759.0,46.2,53.3,57.9,
910064,608.0,608.0,,60.0,57.0,42.4,51.1,56.8,
910073,11865.3,11865.3,,1007.0,1083.0,,,,
910080,1542.0,1542.0,,124.0,129.0,,,,
910087,2855.5,2855.5,,365.0,300.0,48.1,56.0,59.8,
910118,12776.0,14141.2,9363.0,1237.0,1227.0,,,,
910127,324.0,324.0,,31.0,31.0,38.4,47.9,54.7,
910129,467.0,467.0,,55.0,55.0,35.6,44.3,48.9,
910175,1425.0,1425.0,,187.0,180.0,38.9,48.0,52.7,
910182,951.0,951.0,,97.0,98.0,42.8,52.6,57.6,
910185,222.3,222.3,,21.0,24.0,33.1,43.4,48.5,
910218,504.0,504.0,,81.0,68.0,32.2,42.4,47.0,
910222,2330.3,2330.3,,210.0,178.0,38.0,44.7,49.3,
910232,185.0,185.0,,12.0,18.0,32.0,41.5,44.9,
910249,1511.0,1511.0,,119.0,144.0,38.4,47.7,52.3,
910250,6366.0,6366.0,,645.0,609.0,49.4,57.0,62.4,
910253,1471.0,1471.0,,95.0,124.0,48.9,58.1,63.9,
910285,1291.0,1291.0,,104.0,116.0,36.4,43.4,47.4,
910290,1317.3,1317.3,,80.0,132.0,,,,
910315,1270.7,1270.7,,201.0,98.0,,,,
910326,4347.5,4347.5,,325.0,366.0,36.8,42.9,45.0,
910343,119.5,119.5,,7.0,14.0,23.9,34.6,38.8,
910344,20756.5,20756.5,,1558.0,1705.0,47.5,54.4,59.3,
910357,13927.0,13927.0,,1247.0,1127.0,,,,
910359,185.0,185.0,,15.0,20.0,35.9,44.5,52.0,
910371,10352.3,10352.3,,944.0,994.0,,,,
910374,4920.0,4920.0,,541.0,468.0,51.0,59.7,66.5,
910401,14768.0,14768.0,,1006.0,1395.0,,,,
910405,14620.0,14620.0,,1394.0,1530.0,33.9,38.5,41.6,
910407,5775.0,5775.0,,614.0,668.0,48.0,58.2,63.9,
910408,751.3,751.3,,104.0,72.0,,,,
910411,775.5,775.5,,109.0,94.0,42.8,51.8,56.9,
910415,181.5,181.5,,16.0,19.0,29.0,39.7,44.4,
910426,4641.0,4641.0,,516.0,589.0,48.9,61.8,67.7,
910443,1118.5,1118.5,,88.0,97.0,36.1,43.6,48.1,
910470,177.0,177.0,,18.0,19.0,30.7,39.5,44.5,
910481,273.0,273.0,,23.0,23.0,24.5,36.7,41.5,
910485,339.5,339.5,,50.0,28.0,36.3,43.7,48.6,
910488,1034.0,1034.0,,100.0,98.0,35.0,43.4,48.2,
910490,796.0,796.0,,67.0,64.0,25.9,34.1,38.8,
910492,961.7,961.7,,100.0,86.0,,,,
910496,2075.0,2075.0,,182.0,185.0,,,,
910516,94.0,94.0,,15.0,9.0,32.8,42.8,49.9,
910521,501.0,501.0,,33.0,47.0,34.8,44.1,48.8,
910536,500.3,500.3,,51.0,42.0,31.7,38.8,43.2,
910543,276.5,276.5,,43.0,35.0,34.5,41.7,46.2,
910546,318.0,318.0,,19.0,33.0,36.5,44.0,48.9,
910547,1504.0,1504.0,,106.0,162.0,45.0,53.9,59.8,
910549,896.3,896.3,,75.0,86.0,32.7,41.3,45.0,
910554,1678.0,1678.0,,167.0,171.0,32.7,39.9,44.1,
910560,5268.0,5268.0,,430.0,534.0,37.9,47.5,53.2,
910564,958.5,958.5,,207.0,138.0,37.2,49.0,54.8,
910574,372.0,372.0,,56.0,37.0,37.4,46.1,49.8,
910580,621.0,621.0,,70.0,64.0,35.5,43.2,47.0,
910585,145.0,145.0,,19.0,19.0,24.5,33.4,34.8,
910587,615.0,615.0,,216.0,106.0,26.5,41.4,48.5,
910602,1538.0,1538.0,,232.0,212.0,41.9,49.3,54.6,
910633,994.7,994.7,,117.0,109.0,,,,
910647,236.0,236.0,,39.0,32.0,37.2,48.4,53.7,
910648,3973.3,3973.3,,304.0,352.0,,,,
910652,1236.5,1236.5,,128.0,108.0,38.6,47.6,52.8,
910655,520.0,520.0,,74.0,57.0,25.2,33.8,38.2,
910660,1060.5,1060.5,,176.0,117.0,34.8,42.9,47.9,
910667,1176.3,1176.3,,92.0,124.0,,,,
910670,212.0,212.0,,38.0,46.0,39.6,51.7,54.6,
910701,2379.0,2379.0,,210.0,221.0,,,,
910729,1730.0,1730.0,,97.0,301.0,38.6,44.6,49.1,
910746,338.0,338.0,,44.0,34.0,38.6,47.6,53.5,
910759,368.5,368.5,,23.0,33.0,36.4,44.7,49.5,
910820,1805.0,1805.0,,172.0,158.0,39.5,48.3,53.3,
910838,913.0,913.0,,104.0,104.0,35.0,44.8,49.4,
910865,9006.0,9006.0,,1070.0,1031.0,51.0,59.5,66.1,
910894,25269.0,25269.0,,2092.0,2074.0,60.6,67.7,73.0,
910913,3438.0,3438.0,,196.0,280.0,40.9,47.3,51.2,
910916,6356.3,6356.3,,465.0,686.0,,,,
910919,9955.0,9955.0,,821.0,1015.0,,,,
910924,558.0,558.0,,75.0,52.0,36.7,46.2,51.3,
910943,1330.0,1330.0,,187.0,131.0,37.5,46.7,52.5,
910965,6596.0,6596.0,,680.0,626.0,42.3,48.5,54.4,
911006,440.0,440.0,,69.0,48.0,41.7,50.0,54.8,
911019,3226.7,3226.7,,248.0,399.0,,,,
911047,1330.0,1330.0,,187.0,131.0,37.5,46.7,52.5,
911087,15209.0,15209.0,,1419.0,1233.0,,,,
911113,525.7,525.7,,42.0,50.0,39.0,48.5,53.7,
911125,14538.0,14538.0,,1518.0,1692.0,49.2,58.3,64.4,
911129,16373.1,16276.6,16614.5,1342.0,1361.0,,,,
911140,580.0,580.0,,62.0,65.0,33.1,41.2,44.6,
911152,8312.0,9436.4,5501.0,910.0,771.0,,,,
911162,330.0,330.0,,58.0,32.0,35.2,46.9,51.2,
911171,8805.3,8805.3,,945.0,798.0,,,,
911172,8091.0,8091.0,,586.0,1148.0,,,,
911193,537.5,537.5,,76.0,86.0,33.5,43.3,48.2,
911198,7312.0,7312.0,,745.0,719.0,,,,
911207,23379.0,23379.0,,2512.0,2351.0,57.6,64.8,71.7,
911228,3565.0,3565.0,,306.0,270.0,,,,
911240,281.0,281.0,,20.0,27.0,39.0,48.7,53.9,
911252,136.5,136.5,,12.0,21.0,29.2,41.5,48.0,
911255,23638.0,23638.0,,2133.0,2074.0,55.2,62.5,68.1,
911262,304.0,304.0,,25.0,38.0,36.7,48.2,53.1,
911268,496.0,496.0,,33.0,47.0,37.2,46.7,52.3,
911271,663.0,663.0,,65.0,70.0,45.6,57.4,64.1,
911273,344.0,344.0,,46.0,36.0,32.5,44.7,50.0,
911280,643.7,643.7,,36.0,59.0,34.2,41.5,46.5,
911281,6463.3,6463.3,,549.0,571.0,,,,
911282,782.5,782.5,,93.0,95.0,30.2,37.7,42.0,
911284,12574.3,12574.3,,882.0,1177.0,,,,
911288,197.0,197.0,,19.0,29.0,30.5,44.0,49.6,
911289,10559.6,11844.2,7348.0,916.0,1218.0,,,,
911294,1539.0,1539.0,,132.0,103.0,40.1,57.9,67.0,
911341,1930.0,1930.0,,204.0,185.0,30.4,39.9,44.2,
911357,627.0,627.0,,148.0,109.0,34.3,43.7,49.0,
911366,3912.3,3912.3,,349.0,335.0,,,,
911377,242.0,242.0,,29.0,21.0,,,,
911395,1655.3,1655.3,,249.0,190.0,37.6,43.5,47.5,
911414,538.0,538.0,,45.0,67.0,37.4,47.9,53.6,
911415,3904.7,3904.7,,209.0,375.0,45.2,52.2,56.8,
911424,11791.1,12518.6,9972.5,860.0,1067.0,,,,
911431,6925.5,6925.5,,576.0,604.0,39.5,49.2,54.6,
911442,32808.0,32808.0,,2690.0,2800.0,54.4,61.3,66.2,
911443,502.0,502.0,,41.0,51.0,37.1,48.4,54.1,
911446,15512.0,15512.0,,1437.0,1142.0,,,,
911464,216.0,216.0,,26.0,21.0,36.8,47.9,54.3,
911468,218.0,218.0,,19.0,23.0,,,,
911469,12921.3,12921.3,,1274.0,997.0,,,,
911470,15774.7,15774.7,,1138.0,1256.0,,,,
911487,534.0,534.0,,59.0,74.0,39.2,49.6,56.4,
911488,9978.0,9978.0,,849.0,991.0,52.3,59.3,64.2,
911490,10940.0,10940.0,,967.0,1004.0,51.6,59.1,64.0,
911502,595.0,595.0,,100.0,88.0,37.9,48.9,54.6,
911509,689.0,689.0,,64.0,77.0,25.0,33.7,36.9,
911513,527.0,527.0,,56.0,63.0,,,,
911523,141.0,141.0,,15.0,18.0,,,,
911525,12141.0,12141.0,,1046.0,1021.0,,,,
911526,8321.7,8321.7,,522.0,888.0,,,,
911538,760.0,760.0,,127.0,105.0,29.8,39.0,43.5,
911550,18857.7,18857.7,,1758.0,1697.0,,,,
911558,322.0,322.0,,32.0,27.0,27.4,37.1,43.2,
911609,408.0,408.0,,35.0,35.0,25.7,34.3,38.8,
911643,14673.5,15141.5,13425.7,1160.0,1362.0,,,,
911644,14745.6,15837.2,12016.5,1284.0,1219.0,,,,
911685,444.0,444.0,,28.0,44.0,39.4,48.2,52.9,
911709,543.3,543.3,,84.0,68.0,32.8,41.1,44.6,
911712,226.0,226.0,,24.0,29.0,35.1,43.8,49.0,
911731,181.0,181.0,,15.0,25.0,40.3,54.1,63.0,
911733,258.0,258.0,,54.0,29.0,36.3,47.3,53.0,
911737,634.0,634.0,,57.0,76.0,34.2,46.8,53.6,
911803,2779.0,2779.0,,275.0,280.0,30.8,37.4,41.2,
911806,605.3,605.3,,74.0,75.0,37.6,46.5,52.1,
911842,1262.0,1262.0,,121.0,107.0,41.1,48.1,53.1,
911856,1042.0,1042.0,,105.0,97.0,,,,
911860,321.0,321.0,,21.0,39.0,37.6,48.7,53.6,
911875,268.0,268.0,,38.0,31.0,37.7,48.2,54.0,
911879,267.3,267.3,,31.0,28.0,32.8,43.4,49.7,
911885,28227.3,28227.3,,2545.0,2486.0,,,,
911887,1128.0,1128.0,,124.0,116.0,45.8,54.5,59.8,
911890,724.0,724.0,,95.0,72.0,35.7,44.1,49.7,
911897,685.0,685.0,,79.0,90.0,37.2,44.9,49.6,
911903,15752.7,15752.7,,1557.0,1164.0,,,,
911919,11156.0,11156.0,,833.0,774.0,53.9,59.8,64.6,
911957,151.0,151.0,,15.0,17.0,31.7,41.6,46.3,
912004,32062.0,32062.0,,2351.0,2726.0,63.3,69.9,74.7,
912005,358.0,358.0,,19.0,42.0,42.3,53.1,59.4,
912030,282.3,282.3,,39.0,36.0,31.5,39.3,43.8,
912101,1413.0,1413.0,,117.0,138.0,43.7,52.7,58.3,
912124,2106.7,2106.7,,202.0,183.0,43.1,52.5,58.0,
912130,609.0,609.0,,61.0,63.0,37.6,45.0,49.9,
912139,198.0,198.0,,12.0,20.0,37.3,44.7,48.8,
912158,280.0,280.0,,17.0,31.0,34.8,43.5,48.2,
912191,1106.3,1106.3,,149.0,105.0,,,,
912192,2458.0,2458.0,,298.0,184.0,,,,
912283,1822.3,1822.3,,134.0,228.0,,,,
912293,1431.0,1431.0,,158.0,114.0,37.2,46.6,51.4,
912302,834.3,998.4,424.0,73.0,86.0,,,,0.077
912303,526.7,526.7,,45.0,53.0,,,,
912311,7988.3,7988.3,,988.0,484.0,,,,
912324,1028.5,1028.5,,179.0,98.0,32.6,39.7,44.6,
912359,10695.0,10695.0,,781.0,754.0,47.9,55.0,59.4,
912379,36228.3,36228.3,,3184.0,3249.0,,,,
912385,1412.0,1412.0,,251.0,139.0,,,,
912392,1842.3,1842.3,,167.0,135.0,,,,
912398,477.5,477.5,,123.0,87.0,35.0,44.5,51.8,
912405,10575.0,10575.0,,708.0,787.0,53.9,62.7,67.8,
912406,1245.9,1490.0,635.5,141.0,132.0,,,,0.06
912427,2437.0,2437.0,,246.0,239.0,46.3,54.2,59.4,
912465,12160.4,11947.0,12694.0,782.0,1277.0,,,,
912470,183.0,183.0,,8.0,25.0,33.7,43.9,48.6,
912471,12739.0,12739.0,,618.0,1122.0,,,,
912504,17838.7,17838.7,,1524.0,1412.0,,,,
912505,759.0,759.0,,75.0,62.0,32.6,42.3,47.6,
912508,5028.0,5028.0,,427.0,492.0,44.4,52.8,58.3,
912512,1561.6,1842.4,859.5,174.0,185.0,41.4,52.2,58.5,
912527,8042.0,8042.0,,685.0,651.0,,,,
912534,6015.4,6253.6,5420.0,308.0,579.0,,,,0.069
912538,1342.0,1342.0,,93.0,118.0,36.4,43.4,47.3,
912561,16093.0,16093.0,,1103.0,1300.0,43.7,57.3,63.4,
912577,383.0,383.0,,58.0,50.0,40.8,51.2,54.9,
912596,21088.0,21088.0,,1464.0,1921.0,,,,
912613,445.0,445.0,,34.0,79.0,28.7,43.1,48.5,
912617,1414.0,1414.0,,94.0,99.0,,,,
912618,2600.6,3068.6,1430.5,241.0,282.0,43.5,52.8,58.7,
912633,10412.0,10412.0,,815.0,937.0,43.8,51.1,57.8,
912645,1022.5,1022.5,,65.0,104.0,40.9,51.8,58.3,
912655,186.7,186.7,,14.0,21.0,34.8,44.0,49.7,
912658,131.0,131.0,,14.0,12.0,27.5,37.5,42.2,
912663,1273.5,1273.5,,204.0,162.0,28.5,38.0,43.3,
912701,330.0,330.0,,29.0,35.0,32.3,42.4,47.9,
912721,376.0,376.0,,34.0,37.0,34.8,44.3,49.4,
912740,590.0,590.0,,76.0,65.0,39.5,46.1,49.3,
912746,421.0,421.0,,35.0,39.0,34.0,42.8,48.0,
912753,536.7,672.0,469.0,59.0,55.0,30.1,43.8,50.0,
912832,17848.0,17848.0,,1425.0,1508.0,51.4,59.5,65.0,
912833,4825.0,4825.0,,359.0,366.0,41.0,48.3,53.2,
912843,836.0,836.0,,65.0,78.0,32.0,41.1,44.6,
912844,322.7,322.7,,25.0,30.0,31.0,39.9,44.6,
912868,20741.0,20741.0,,1030.0,2001.0,,,,
912871,349.0,349.0,,106.0,59.0,32.5,42.6,49.8,
912884,21660.1,24205.8,15296.0,1899.0,1750.0,,,,
912888,21047.3,21047.3,,1980.0,1717.0,,,,
912892,528.0,528.0,,34.0,46.0,32.4,39.4,43.7,
912916,15329.3,15329.3,,907.0,1312.0,55.8,64.7,71.9,
912957,8776.3,8776.3,,415.0,825.0,,,,
912960,24978.7,24978.7,,2175.0,2065.0,48.1,56.6,61.4,
912979,1544.4,1732.0,1075.5,115.0,164.0,44.5,53.5,59.0,
912983,618.0,618.0,,58.0,72.0,29.3,37.7,42.4,
912991,338.0,338.0,,30.0,45.0,37.4,45.0,49.7,
913023,16878.7,16878.7,,854.0,1540.0,,,,
913043,4890.3,4890.3,,279.0,497.0,,,,
913046,29772.7,29772.7,,2583.0,2101.0,,,,
913098,16728.0,16728.0,,906.0,1483.0,,,,
913099,6488.7,6488.7,,602.0,531.0,,,,
913102,23421.0,23421.0,,1653.0,1570.0,,,,
913150,22754.0,24651.0,18011.5,1611.0,2013.0,,,,
913151,4501.7,4501.7,,287.0,392.0,45.0,52.8,58.0,
913167,22170.1,23563.2,18687.5,1531.0,1695.0,,,,
913179,4253.5,4253.5,,398.0,367.0,45.1,54.4,61.8,
913186,5299.0,5299.0,,282.0,422.0,,,,
913210,279.0,279.0,,19.0,30.0,26.5,34.2,38.9,
913211,6969.0,6969.0,,754.0,785.0,,,,
913225,797.0,797.0,,56.0,77.0,37.1,46.2,52.0,
913257,20113.7,20113.7,,1393.0,1635.0,,,,
913301,542.0,542.0,,30.0,47.0,43.7,54.2,59.4,
913306,21877.7,21877.7,,1618.0,1785.0,,,,
913308,920.0,920.0,,59.0,99.0,45.8,54.2,59.5,
913312,610.0,610.0,,30.0,65.0,33.1,43.3,49.7,
913314,9415.3,9415.3,,540.0,787.0,,,,
913334,19854.7,19854.7,,1124.0,1669.0,,,,
913337,1562.0,1562.0,,107.0,166.0,40.1,47.1,51.5,
913339,10900.7,10900.7,,807.0,992.0,,,,
913347,254.0,254.0,,28.0,27.0,42.7,53.5,61.7,
913360,1866.3,1866.3,,143.0,186.0,41.9,51.3,57.3,
913371,1366.7,1366.7,,78.0,207.0,35.8,47.9,54.3,
913415,2644.3,2644.3,,258.0,279.0,43.4,51.7,56.7,
913421,18478.7,18478.7,,1005.0,1689.0,,,,
913436,411.0,411.0,,34.0,42.0,38.6,47.9,53.3,
913444,560.0,560.0,,34.0,46.0,36.1,46.6,52.5,
913476,502.7,502.7,,31.0,46.0,35.8,46.2,52.9,
913479,39449.7,39449.7,,2718.0,2793.0,,,,
913486,224.0,224.0,,16.0,24.0,33.5,43.6,48.9,
913494,27753.0,27753.0,,1776.0,2066.0,,,,
913518,9955.0,9955.0,,763.0,868.0,49.9,57.6,62.7,
913522,900.0,900.0,,90.0,92.0,38.3,47.5,52.3,
913528,15402.3,15402.3,,848.0,1210.0,57.6,67.2,72.9,
913533,2222.3,2222.3,,166.0,160.0,,,,
913544,41447.0,41447.0,,2944.0,2851.0,,,,
913573,11195.5,11195.5,,558.0,1040.0,,,,
913620,2960.0,2960.0,,317.0,221.0,,,,
913632,426.0,426.0,,47.0,47.0,35.3,42.7,47.5,
913638,24921.7,24921.7,,1705.0,1841.0,,,,
913645,1638.0,1638.0,,129.0,121.0,40.3,49.6,54.5,
913646,1435.0,1435.0,,70.0,150.0,39.3,48.5,52.9,
913652,4714.0,4714.0,,270.0,420.0,,,,
913653,7579.3,7579.3,,529.0,547.0,,,,
913659,10676.7,10676.7,,678.0,822.0,,,,
913676,8570.7,8570.7,,558.0,724.0,,,,
913689,7369.7,7369.7,,399.0,577.0,,,,
913695,5345.3,5345.3,,307.0,460.0,,,,
913696,10033.0,10033.0,,514.0,819.0,,,,
913717,13370.3,13370.3,,879.0,877.0,,,,
913722,533.3,533.3,,29.0,54.0,34.9,44.5,51.3,
913731,12611.7,12611.7,,850.0,1707.0,57.1,66.4,71.8,
913739,1163.0,1163.0,,77.0,94.0,41.0,49.3,54.5,
913740,3049.5,3049.5,,204.0,277.0,40.2,49.2,54.5,
913743,6211.3,6211.3,,391.0,666.0,,,,
913753,1326.3,1326.3,,100.0,135.0,34.8,42.2,46.4,
913770,25643.3,25643.3,,2091.0,1874.0,,,,
913771,22096.5,22096.5,,1630.0,1539.0,54.8,65.0,72.0,
913772,11059.4,12612.0,7178.0,986.0,972.0,,,,
913788,12422.3,12422.3,,1280.0,937.0,,,,
913790,605.0,605.0,,40.0,61.0,33.1,43.8,49.3,
913799,3128.7,3128.7,,209.0,335.0,31.8,37.1,39.5,
913811,11156.7,11156.7,,862.0,869.0,,,,
913821,13748.3,13748.3,,635.0,1431.0,,,,
913823,15682.0,17217.0,11844.5,1174.0,1409.0,,,,0.097
913826,1565.5,1565.5,,153.0,158.0,44.0,54.5,61.8,
913833,4201.0,4201.0,,377.0,351.0,46.4,54.7,59.6,
913854,12981.3,12981.3,,748.0,1035.0,,,,
913880,10369.6,11414.6,7757.0,823.0,862.0,,,,
913885,15967.5,15967.5,,1067.0,1118.0,57.7,64.7,69.8,
913972,23177.0,23177.0,,1003.0,2339.0,,,,
913986,12120.3,12120.3,,829.0,953.0,,,,
913987,3501.0,3501.0,,185.0,283.0,,,,
913993,1372.7,1372.7,,105.0,113.0,26.3,33.8,38.7,
913998,299.3,299.3,,34.0,30.0,28.0,38.2,44.0,
914008,1831.3,1831.3,,142.0,163.0,29.5,34.8,39.0,
914011,7751.7,7751.7,,447.0,627.0,,,,
914023,744.0,744.0,,111.0,90.0,29.3,42.1,48.1,
914032,2269.7,2269.7,,211.0,209.0,30.5,36.8,39.6,
914037,12389.3,12389.3,,1387.0,764.0,,,,
914044,8709.3,8709.3,,496.0,836.0,,,,
914053,1093.7,1093.7,,76.0,97.0,42.7,51.8,56.9,
914070,1823.5,1823.5,,136.0,156.0,43.6,52.6,57.7,
914077,511.0,511.0,,44.0,45.0,33.9,43.5,48.5,
914084,25704.3,25704.3,,1706.0,1973.0,71.7,78.1,119.0,
914093,11821.7,12840.0,9276.0,865.0,989.0,,,,
914102,278.0,278.0,,13.0,27.0,25.6,34.3,38.8,
914112,10136.3,10136.3,,583.0,892.0,,,,
914114,1519.0,1519.0,,125.0,144.0,37.8,46.3,49.7,
914118,370.5,370.5,,29.0,47.0,38.4,45.0,51.6,
914120,1505.0,1505.0,,103.0,141.0,43.0,53.2,59.1,
914123,708.3,708.3,,82.0,79.0,41.9,51.5,57.5,
914143,1509.3,1509.3,,109.0,123.0,40.4,47.9,52.8,
914156,2068.0,2068.0,,182.0,195.0,41.2,48.5,53.1,
914160,266.0,266.0,,30.0,20.0,31.2,38.4,43.1,
914166,297.7,297.7,,26.0,26.0,31.4,38.7,43.0,
914176,822.0,822.0,,65.0,90.0,25.0,36.9,42.9,
914191,2195.0,2195.0,,141.0,182.0,39.7,48.2,53.8,
914193,829.7,829.7,,76.0,77.0,36.7,44.1,48.8,
914194,3486.0,3486.0,,241.0,305.0,,,,
914200,381.0,381.0,,30.0,37.0,42.5,52.8,57.3,
914210,2095.0,2095.0,,195.0,254.0,43.4,51.2,54.7,
914230,3723.0,3723.0,,268.0,343.0,45.4,54.4,59.6,
914231,13801.7,13801.7,,1005.0,1039.0,,,,
914254,1482.0,1482.0,,165.0,150.0,39.5,47.9,52.7,
914258,11336.0,11336.0,,756.0,955.0,,,,
914263,400.3,400.3,,44.0,35.0,35.2,46.7,52.4,
914271,4633.5,4633.5,,432.0,432.0,43.8,52.2,56.7,
914278,270.0,270.0,,19.0,26.0,33.6,43.5,48.8,
914281,692.0,692.0,,73.0,88.0,30.1,38.7,43.7,
914296,319.0,319.0,,32.0,29.0,43.4,53.4,58.6,
914302,383.0,383.0,,30.0,39.0,30.3,39.4,44.4,
914305,5662.7,5662.7,,494.0,506.0,,,,
914318,5093.0,5093.0,,336.0,428.0,,,,
914332,2251.7,2251.7,,155.0,186.0,,,,
914343,371.3,371.3,,31.0,37.0,31.8,40.0,47.9,
914347,8157.0,8157.0,,611.0,572.0,50.6,59.3,64.8,
914434,526.0,526.0,,39.0,47.0,33.6,44.0,49.7,
914437,3816.0,3816.0,,366.0,305.0,,,,
914443,470.3,470.3,,43.0,40.0,34.9,46.7,52.9,
914463,1397.6,1582.7,1120.0,163.0,144.0,44.3,52.0,56.6,
914467,854.0,854.0,,91.0,89.0,33.1,39.4,44.1,
914469,5892.0,5892.0,,524.0,533.0,45.6,53.5,58.5,
914475,7651.7,7651.7,,654.0,657.0,54.2,63.5,69.3,
914476,693.0,693.0,,75.0,68.0,26.6,33.8,37.0,
914495,678.0,678.0,,60.0,60.0,33.0,39.1,43.2,
914508,5029.0,5029.0,,387.0,453.0,40.5,48.9,54.1,
914519,536.5,536.5,,43.0,47.0,36.6,47.8,53.9,
914530,3996.5,3996.5,,371.0,363.0,40.9,47.9,52.2,
914559,895.7,895.7,,79.0,79.0,31.9,43.2,48.3,
914573,774.0,774.0,,57.0,83.0,35.2,43.6,49.0,
914579,646.3,646.3,,64.0,68.0,36.8,47.1,53.4,
914580,3362.0,3362.0,,260.0,342.0,40.7,49.7,54.8,
914588,419.0,419.0,,79.0,56.0,34.3,44.9,52.4,
914590,3869.0,3869.0,,319.0,338.0,32.3,38.4,41.6,
914598,259.3,259.3,,15.0,26.0,32.0,43.1,48.8,
914601,460.5,460.5,,33.0,41.0,34.5,43.1,47.6,
914612,1270.7,1270.7,,99.0,100.0,37.1,46.8,52.2,
914644,251.0,251.0,,17.0,31.0,26.7,34.7,41.4,
914647,447.7,447.7,,43.0,36.0,34.2,43.2,47.7,
914654,315.0,315.0,,28.0,30.0,27.0,34.9,39.8,
914661,306.8,335.0,278.5,20.0,31.0,33.0,42.8,47.9,
914679,207.3,207.3,,16.0,19.0,28.3,36.7,39.8,
914706,3800.5,3800.5,,312.0,320.0,39.8,48.4,53.3,
914711,630.0,630.0,,44.0,57.0,37.8,47.0,50.0,
914742,1175.8,1156.0,1195.5,75.0,99.0,39.8,49.1,54.2,
914763,258.5,258.5,,16.0,33.0,39.1,49.1,54.1,
914808,105.0,105.0,,14.0,13.0,30.0,34.9,39.0,
914826,1177.5,1177.5,,96.0,103.0,38.2,46.5,50.0,
914841,549.0,549.0,,35.0,65.0,28.8,39.7,44.7,
914856,10374.0,10374.0,,1276.0,631.0,,,,
914863,570.7,629.0,541.5,60.0,69.0,31.5,42.7,48.0,
914899,1257.0,1257.0,,108.0,126.0,30.1,37.3,41.6,
914923,1069.0,1069.0,,73.0,96.0,42.3,56.7,63.3,
1137589,4557.0,4557.0,,336.0,387.0,45.2,52.8,57.8,
1137599,796.0,796.0,,51.0,69.0,,,,
1137609,1814.0,1814.0,,185.0,168.0,33.8,43.4,48.4,
1137615,940.0,940.0,,112.0,83.0,38.9,47.3,53.1,
1137619,4495.0,4495.0,,487.0,450.0,31.5,37.7,39.9,
1137625,5131.0,5131.0,,462.0,493.0,,,,
1137639,1302.0,1302.0,,113.0,142.0,36.2,44.3,49.8,
1137641,843.0,843.0,,58.0,106.0,33.1,41.8,44.6,
1137642,5972.7,5972.7,,556.0,576.0,,,,
1137644,1893.7,1893.7,,187.0,232.0,,,,0.056
1137650,1213.0,1213.0,,163.0,145.0,34.5,43.2,48.0,
1137652,1194.0,1194.0,,158.0,119.0,34.2,43.2,47.8,
1137654,1097.0,1097.0,,127.0,102.0,40.0,49.5,54.9,
1137657,7354.0,7354.0,,720.0,686.0,,,,
1137669,871.0,871.0,,67.0,77.0,31.3,38.8,43.8,
1137674,4012.7,4012.7,,295.0,441.0,,,,
1137675,1649.0,1649.0,,152.0,176.0,30.8,38.5,43.6,
1137676,4155.0,4155.0,,356.0,510.0,28.8,37.1,39.9,
1137679,1731.0,1731.0,,265.0,202.0,33.4,39.4,43.6,
1137682,1757.0,1757.0,,121.0,170.0,36.1,44.5,49.7,
1137698,4424.0,4424.0,,509.0,363.0,,,,
1137707,2251.0,2251.0,,340.0,251.0,32.5,39.2,43.6,
1137710,1833.0,1833.0,,145.0,174.0,40.1,49.5,57.1,
1137714,1169.0,1169.0,,139.0,103.0,33.3,41.5,44.6,
1137720,9563.7,9563.7,,936.0,880.0,,,,
1137725,1612.7,1612.7,,152.0,156.0,35.1,44.2,49.2,
1137731,2144.0,2144.0,,232.0,260.0,31.4,38.0,41.9,
1137734,2163.0,2163.0,,296.0,265.0,32.3,39.2,43.6,
1137744,10248.0,10248.0,,911.0,1025.0,,,,
1137749,1078.0,1078.0,,109.0,108.0,34.4,43.6,49.1,
1137750,3777.0,3777.0,,339.0,439.0,31.2,38.3,42.3,
1137751,393.0,393.0,,30.0,62.0,30.6,37.9,40.0,
1137755,756.3,756.3,,50.0,89.0,28.7,36.2,39.9,
1137761,1493.0,1493.0,,109.0,175.0,32.9,39.4,43.7,
1137785,1435.0,1435.0,,145.0,152.0,36.5,46.2,51.6,
1137787,1303.0,1303.0,,161.0,135.0,26.9,33.3,36.4,
1137792,664.3,664.3,,128.0,74.0,38.8,46.8,51.1,
1137803,616.0,616.0,,72.0,65.0,33.8,43.3,47.9,
1137805,10850.3,10850.3,,700.0,945.0,,,,
1137813,5137.3,5137.3,,515.0,585.0,33.3,39.5,44.0,
1137816,492.0,492.0,,67.0,46.0,30.0,39.3,44.1,
1137828,409.0,409.0,,43.0,49.0,32.5,43.0,47.3,
1137833,3975.3,3975.3,,596.0,395.0,,,,
1137846,486.7,486.7,,51.0,46.0,33.7,43.2,47.8,
1137848,970.7,970.7,,88.0,146.0,38.1,44.2,48.6,
1137850,12956.0,12956.0,,1195.0,1040.0,,,,
1137851,1492.0,1492.0,,217.0,147.0,29.7,37.7,41.2,
1137853,2713.0,2713.0,,325.0,290.0,,,,
1137854,531.0,531.0,,94.0,45.0,38.2,48.0,53.3,
1137855,4097.3,4097.3,,313.0,477.0,,,,
1137875,640.0,640.0,,138.0,82.0,38.9,47.5,51.4,
1137883,2331.0,2331.0,,214.0,356.0,27.8,34.7,39.1,
1137884,10553.3,10553.3,,898.0,772.0,,,,
1137888,2243.0,2243.0,,247.0,256.0,38.1,47.1,51.9,
1137899,872.3,872.3,,140.0,133.0,35.3,42.4,46.3,
1137903,576.0,576.0,,59.0,46.0,35.4,44.1,49.3,
1137909,440.0,440.0,,42.0,42.0,32.3,38.9,42.9,
1137910,12411.7,12411.7,,925.0,1144.0,,,,
1137916,1585.0,1585.0,,228.0,178.0,38.7,44.7,49.4,
1137923,806.7,806.7,,114.0,126.0,34.8,42.5,46.8,
1137924,11821.3,11821.3,,1018.0,902.0,,,,
1137925,267.7,267.7,,33.0,49.0,25.7,34.2,38.6,
1137943,678.0,678.0,,62.0,56.0,27.9,34.0,37.2,
1137946,496.0,496.0,,47.0,47.0,31.8,38.6,43.0,
1137951,697.0,697.0,,87.0,76.0,28.2,34.7,39.1,
1137956,7133.7,7133.7,,531.0,579.0,39.9,44.9,49.4,
1137966,1690.0,1690.0,,219.0,180.0,29.9,37.6,39.9,
1137967,137.0,137.0,,15.0,24.0,28.2,39.0,43.5,
1137970,1423.0,1423.0,,179.0,160.0,23.9,31.8,34.2,
1137971,353.0,353.0,,42.0,37.0,32.0,40.0,44.6,
1137976,1943.0,1943.0,,296.0,192.0,32.0,38.2,41.9,
1137977,154.0,154.0,,11.0,16.0,28.8,38.7,43.1,
1137983,2222.7,2222.7,,241.0,268.0,37.1,44.2,49.0,
1137988,2305.0,2305.0,,377.0,230.0,31.0,37.7,41.4,
1137989,2665.0,2665.0,,515.0,329.0,34.7,39.8,44.3,
1137993,1993.0,1993.0,,225.0,194.0,34.2,43.9,48.9,
1137998,11957.3,12979.4,9402.0,1190.0,1056.0,,,,
1138002,2507.0,2507.0,,327.0,291.0,32.4,38.7,42.9,
1138011,2254.7,2254.7,,238.0,243.0,37.0,44.1,48.8,
1138012,2059.0,2059.0,,346.0,241.0,34.2,39.7,44.0,
1138027,1918.0,1918.0,,213.0,185.0,40.5,49.3,56.0,
1138034,3742.3,3742.3,,389.0,390.0,,,,
1138043,2636.0,2636.0,,311.0,268.0,39.2,48.2,53.1,
1138051,11789.3,11789.3,,843.0,1073.0,45.6,53.8,58.8,
1138052,1167.0,1167.0,,88.0,142.0,39.8,49.6,57.6,
1138060,2722.0,2722.0,,361.0,265.0,38.2,44.6,49.2,
1138061,3115.0,3115.0,,304.0,303.0,30.9,36.7,39.4,
1138071,15628.0,15628.0,,1058.0,1010.0,51.8,62.2,68.2,
1138075,823.0,823.0,,108.0,67.0,35.8,46.8,52.0,
1138080,16003.0,16003.0,,1245.0,1494.0,,,,
1138082,16111.0,16111.0,,1096.0,1187.0,52.3,59.4,64.4,
1138090,2505.0,2505.0,,253.0,258.0,36.1,44.6,49.5,
1138093,719.0,719.0,,79.0,64.0,39.6,49.4,56.8,
1138097,2048.0,2048.0,,230.0,212.0,42.1,50.0,54.9,
1138098,865.0,865.0,,74.0,98.0,33.5,43.9,49.0,
1138099,28052.0,28052.0,,1668.0,1851.0,53.0,64.6,73.6,
1138106,797.0,797.0,,107.0,68.0,40.6,49.2,54.9,
1138109,14467.7,15450.8,12010.0,1181.0,1263.0,,,,0.081
1138111,944.0,944.0,,194.0,117.0,24.1,37.5,43.1,
1138133,2278.0,2278.0,,188.0,216.0,31.0,36.7,39.7,
1138134,535.0,535.0,,45.0,49.0,35.4,47.4,53.7,
1138141,1531.0,1531.0,,172.0,140.0,37.4,44.6,49.2,
1138148,15824.0,15824.0,,1156.0,1431.0,,,,
1138155,1146.0,1146.0,,139.0,137.0,35.3,46.6,52.1,
1138162,5806.0,5806.0,,493.0,530.0,30.4,37.5,42.3,
1138163,15517.3,15517.3,,1323.0,1153.0,,,,
1138170,22472.0,22472.0,,1448.0,1729.0,,,,
1138172,305.0,305.0,,49.0,37.0,26.0,34.0,38.5,
1138177,2505.0,2505.0,,291.0,248.0,40.3,48.0,52.9,
1138180,1544.3,1544.3,,171.0,159.0,29.6,42.7,47.7,
1138183,16640.3,16640.3,,1172.0,1165.0,,,,
1138185,4687.7,4687.7,,464.0,436.0,,,,
1138186,4991.0,4991.0,,316.0,444.0,35.7,43.6,48.6,
1138188,1381.0,1381.0,,187.0,119.0,35.6,44.8,49.6,
1138191,2672.0,2672.0,,245.0,262.0,25.8,38.8,44.2,
1138192,2228.0,2228.0,,334.0,158.0,,,,
1138197,16579.3,16579.3,,1076.0,1084.0,,,,
1138198,1383.0,1383.0,,162.0,164.0,32.9,39.4,44.7,
1138207,1368.0,1368.0,,131.0,147.0,41.4,49.6,54.8,
1138210,714.0,714.0,,52.0,68.0,32.9,42.6,46.7,
1138214,31218.0,31218.0,,2274.0,2465.0,,,,
1138216,704.0,704.0,,100.0,67.0,35.5,44.2,49.0,
1138217,2155.0,2155.0,,199.0,215.0,38.4,46.1,49.7,
1138225,1487.7,1487.7,,160.0,148.0,39.9,48.8,53.6,
1138230,3926.0,3926.0,,368.0,376.0,33.5,42.8,48.1,
1138240,2099.3,2099.3,,218.0,200.0,43.2,51.3,57.0,
1138250,3307.0,3307.0,,315.0,398.0,30.5,37.0,39.6,
1138254,24661.0,24661.0,,1478.0,1644.0,44.0,54.3,61.2,
1138255,15401.7,15401.7,,1003.0,1187.0,,,,
1138261,555.0,555.0,,30.0,88.0,30.0,42.8,48.4,
1138268,1485.3,1485.3,,170.0,157.0,47.4,58.3,64.3,
1138270,13170.0,13170.0,,888.0,774.0,,,,
1138273,1140.3,1140.3,,114.0,123.0,37.7,46.9,52.1,
1138275,5122.0,5122.0,,487.0,519.0,27.1,34.4,38.6,
1138276,2266.0,2266.0,,293.0,226.0,41.5,49.6,54.7,
1138280,14502.3,14502.3,,858.0,1068.0,,,,
1138283,5251.0,5251.0,,517.0,530.0,21.6,29.7,33.7,
1138284,11236.0,11236.0,,654.0,756.0,40.1,54.8,62.2,
1138287,11811.3,11811.3,,766.0,695.0,,,,
1138288,4950.0,4950.0,,501.0,511.0,23.5,31.8,34.2,
1138295,1569.0,1569.0,,170.0,178.0,27.2,34.9,41.7,
1138297,5982.0,5982.0,,605.0,598.0,24.7,33.4,34.9,
1138300,13569.0,13569.0,,799.0,921.0,,,,
1138301,1160.0,1160.0,,132.0,117.0,38.9,47.4,52.7,
1138304,3034.0,3034.0,,182.0,381.0,37.0,46.4,51.7,
1138313,5696.0,5696.0,,601.0,569.0,22.4,31.2,34.0,
1138324,12264.7,12264.7,,909.0,1075.0,,,,
1138330,877.0,877.0,,90.0,93.0,34.6,47.1,52.9,
1138336,1182.0,1182.0,,141.0,134.0,38.4,47.0,51.1,
1138340,27983.5,27983.5,,2077.0,2179.0,38.0,48.8,54.8,
1138348,7727.0,7846.6,7428.0,447.0,500.0,,,,0.309
1138355,1124.0,1124.0,,92.0,113.0,27.6,36.4,41.0,
1138372,176.0,176.0,,18.0,18.0,30.5,39.4,44.3,
1138377,15538.0,15538.0,,923.0,1139.0,,,,
1138380,614.0,614.0,,78.0,45.0,29.5,37.0,39.7,
1138382,5814.3,5814.3,,419.0,552.0,,,,
1138386,749.0,749.0,,77.0,85.0,31.7,41.5,44.9,
1138394,3254.0,3254.0,,385.0,262.0,,,,
1138396,12819.0,13543.2,11008.5,1033.0,955.0,,,,0.113
1138403,25738.0,25738.0,,1545.0,1802.0,42.8,49.4,54.1,
1138405,644.0,644.0,,43.0,66.0,29.9,39.6,44.4,
1138421,435.0,435.0,,65.0,55.0,26.1,36.3,42.0,
1138430,8558.0,8558.0,,754.0,706.0,33.9,41.8,46.2,
1138435,1162.0,1162.0,,88.0,96.0,33.8,44.1,49.4,
1138448,4686.0,4686.0,,646.0,417.0,36.4,43.2,47.1,
1138451,209.0,209.0,,30.0,15.0,30.8,39.2,44.0,
1138464,4631.0,4631.0,,649.0,413.0,39.5,47.6,51.9,
1138465,1266.0,1266.0,,144.0,145.0,33.0,38.5,42.2,
1138474,10257.3,10257.3,,857.0,944.0,29.9,38.0,43.1,
1138483,712.7,712.7,,36.0,63.0,34.1,43.7,48.9,
1138491,1127.0,1127.0,,112.0,107.0,31.5,39.4,44.0,
1138494,1995.7,1995.7,,184.0,225.0,31.1,38.3,42.7,
1138502,1071.7,1071.7,,127.0,118.0,36.9,46.0,49.7,
1138504,4613.0,4613.0,,453.0,541.0,,,,
1138521,11283.7,11283.7,,934.0,962.0,43.8,56.6,62.6,
1138526,18383.3,18383.3,,1131.0,1543.0,,,,
1138532,3494.0,3494.0,,356.0,350.0,37.8,44.5,49.5,
1138544,1960.3,1960.3,,208.0,191.0,30.0,38.4,42.5,
1138563,13388.7,13388.7,,1385.0,970.0,,,,
1138568,1833.0,1833.0,,213.0,186.0,29.0,34.7,38.9,
1138571,1294.0,1294.0,,121.0,113.0,35.8,43.6,48.1,
1138589,2683.3,2683.3,,258.0,255.0,38.3,44.6,49.3,
1138591,1013.1,1123.4,737.5,91.0,100.0,34.2,43.8,49.0,
1138593,916.3,916.3,,94.0,89.0,35.1,43.5,48.4,
1138594,16104.3,16104.3,,1313.0,921.0,,,,
1138598,565.0,565.0,,53.0,51.0,34.2,44.0,49.4,
1138608,1025.3,1025.3,,145.0,121.0,38.3,46.4,52.2,
1138616,2518.0,2518.0,,336.0,230.0,33.2,42.2,46.5,
1138618,2643.7,2643.7,,252.0,280.0,33.7,39.3,43.3,
1138619,1571.3,1571.3,,110.0,226.0,37.4,46.5,51.8,
1138621,8772.0,8772.0,,740.0,656.0,41.2,48.4,53.1,
1138631,11056.7,11056.7,,761.0,890.0,,,,
1138637,2859.3,2859.3,,250.0,299.0,34.5,39.9,44.3,
1138638,367.0,367.0,,47.0,43.0,34.1,41.7,46.1,
1138649,1415.0,1415.0,,172.0,128.0,32.6,39.0,43.1,
1138651,2257.7,2257.7,,255.0,195.0,40.6,49.1,54.4,
1138652,2899.3,2899.3,,314.0,316.0,30.7,38.6,43.5,
1138658,18681.0,18681.0,,1189.0,1599.0,,,,
1138659,2902.3,2902.3,,226.0,313.0,32.6,38.6,42.5,
1138664,2850.3,2850.3,,247.0,258.0,29.0,37.1,41.0,
1138665,29654.7,29654.7,,2372.0,2295.0,,,,
1138668,956.7,956.7,,95.0,91.0,38.0,44.9,49.5,
1138683,1524.5,1524.5,,116.0,148.0,31.9,39.9,44.5,
1138684,2430.3,2430.3,,264.0,226.0,30.6,37.3,39.8,
1138685,2054.3,2054.3,,145.0,202.0,41.9,49.9,54.4,
1138689,15128.0,15128.0,,1097.0,1066.0,40.9,53.5,59.7,
1138694,1399.3,1399.3,,189.0,142.0,29.2,38.4,42.4,
1138700,1048.0,1048.0,,139.0,116.0,38.2,46.1,51.2,
1138707,17163.3,17163.3,,1136.0,1376.0,,,,
1138715,2613.2,3161.3,1791.0,279.0,304.0,41.6,49.7,56.1,
1138716,3187.0,3187.0,,341.0,297.0,,,,
1138736,1325.0,1600.3,912.0,146.0,157.0,39.1,47.3,52.0,
1138745,5856.0,5856.0,,447.0,496.0,,,,
1138746,16495.0,16495.0,,1402.0,1185.0,,,,
1138751,7161.0,7161.0,,735.0,872.0,30.7,35.0,39.0,
1138762,493.7,493.7,,62.0,66.0,26.9,34.2,39.3,
1138775,1133.0,1288.7,899.5,135.0,111.0,38.6,47.6,52.5,
1138778,9356.0,9356.0,,700.0,752.0,44.4,51.5,54.8,
1138792,953.0,953.0,,99.0,122.0,40.2,48.9,54.2,
1138796,13094.3,13094.3,,952.0,954.0,40.2,47.2,51.3,
1138809,2434.7,2434.7,,248.0,256.0,35.0,41.3,44.5,
1138810,13093.7,13093.7,,838.0,1170.0,,,,
1138824,2513.7,2513.7,,260.0,276.0,36.0,42.1,44.9,
1138840,2496.0,2496.0,,258.0,273.0,35.8,41.6,44.6,
1138841,1636.7,1636.7,,132.0,235.0,37.7,44.7,49.5,
1138844,5915.7,5915.7,,653.0,390.0,,,,
1138845,4347.7,4347.7,,426.0,492.0,42.2,49.4,54.7,
1138849,14424.1,14949.0,13112.0,1253.0,949.0,,,,
1138850,5494.7,5494.7,,521.0,436.0,,,,
1138859,2491.0,2491.0,,265.0,273.0,36.0,42.2,45.0,
1138860,12223.0,12223.0,,695.0,1253.0,40.1,47.7,52.1,
1138865,629.0,629.0,,60.0,71.0,38.1,48.2,53.7,
1138872,12491.6,13178.8,10773.5,846.0,1076.0,,,,
1138877,5204.3,5204.3,,402.0,611.0,,,,
1138879,6860.0,6860.0,,435.0,620.0,,,,
1138883,5328.0,5328.0,,465.0,448.0,,,,
1138898,3071.0,3071.0,,305.0,285.0,36.8,44.6,49.3,
1138924,22206.0,22206.0,,1563.0,1550.0,,,,
1138930,3093.7,3093.7,,326.0,364.0,42.3,49.4,54.8,
1138933,25198.0,25198.0,,1860.0,1766.0,,,,
1138951,462.0,462.0,,132.0,82.0,28.6,38.5,44.1,
1138962,600.0,600.0,,154.0,109.0,23.9,36.9,42.4,
1138987,3737.7,3737.7,,378.0,352.0,,,,
1138988,578.3,578.3,,116.0,47.0,32.5,43.7,49.2,
1139010,6809.3,6809.3,,626.0,708.0,38.5,46.5,49.8,
1139033,12734.0,12734.0,,927.0,945.0,45.5,52.8,57.5,
1139037,18699.7,18699.7,,1364.0,1244.0,,,,
1139044,1054.7,1054.7,,87.0,103.0,,,,
1139054,568.0,568.0,,58.0,59.0,33.4,42.7,47.5,
1139059,24132.7,24132.7,,1342.0,1988.0,,,,
1139081,15918.4,17449.6,12090.5,1010.0,1598.0,,,,
1139084,3949.3,3949.3,,537.0,419.0,40.7,47.9,52.6,
1139102,562.0,562.0,,61.0,52.0,26.2,33.9,38.2,
1139103,21671.9,22050.0,20726.5,1455.0,1439.0,50.4,58.3,63.7,
1139104,1745.3,1745.3,,174.0,181.0,34.3,45.0,51.4,
1139112,7199.7,7199.7,,424.0,627.0,,,,
1139136,550.0,550.0,,43.0,46.0,35.3,47.3,52.8,
1139138,17146.7,17146.7,,766.0,1460.0,,,,
1139141,3720.0,3720.0,,356.0,323.0,,,,
1139169,23638.7,23638.7,,1453.0,1803.0,38.1,46.8,50.0,
1139186,4413.3,4413.3,,352.0,385.0,,,,
1139187,27158.3,27158.3,,2725.0,2067.0,,,,
1139192,2309.0,2309.0,,284.0,225.0,35.6,43.2,47.4,
1139208,11528.3,11528.3,,774.0,884.0,,,,
1139211,3711.7,3711.7,,472.0,386.0,41.1,48.7,53.5,
1139229,1453.3,1453.3,,184.0,120.0,33.4,44.0,49.1,
1139250,3447.0,3447.0,,392.0,302.0,36.3,43.4,47.6,
1139251,3953.0,3953.0,,575.0,464.0,40.9,48.1,52.8,
1139252,436.3,436.3,,36.0,39.0,36.9,48.5,54.7,
1139253,19034.0,19034.0,,1184.0,1708.0,,,,
1139255,2038.7,2038.7,,279.0,213.0,37.3,44.3,48.6,
1139268,713.3,713.3,,50.0,79.0,30.4,38.3,42.8,
1139280,424.0,424.0,,26.0,47.0,27.4,37.2,42.5,
1139282,11529.3,11529.3,,986.0,945.0,,,,
1139290,2840.3,2840.3,,275.0,218.0,34.3,41.8,44.8,
1139311,503.3,503.3,,43.0,55.0,32.8,42.9,47.8,
1139315,1560.7,1560.7,,179.0,121.0,43.3,53.1,59.2,
1139330,4615.7,4615.7,,378.0,334.0,32.3,39.9,44.7,
1139331,18094.0,18094.0,,1043.0,1233.0,43.9,53.2,58.8,
1139332,20188.1,20981.8,18204.0,1440.0,1287.0,48.7,57.8,63.7,
1139340,414.7,414.7,,33.0,46.0,28.2,37.8,44.0,
1139342,2283.7,2283.7,,300.0,206.0,37.2,47.5,53.4,
1139346,2517.0,2517.0,,225.0,238.0,30.5,38.6,43.3,
1139351,428.3,428.3,,29.0,42.0,27.7,37.5,42.4,
1139355,1937.3,1937.3,,178.0,247.0,41.3,49.3,54.8,
1139356,11378.7,11378.7,,842.0,1306.0,,,,
1139360,2995.0,2995.0,,278.0,335.0,31.3,42.1,48.5,
1139361,3415.5,3415.5,,348.0,331.0,30.1,37.5,41.5,
1139365,537.0,537.0,,54.0,60.0,27.8,34.6,39.0,
1139369,19362.7,19362.7,,1291.0,1732.0,,,,
1139396,733.0,733.0,,40.0,62.0,28.9,36.5,39.8,
1139397,579.3,579.3,,69.0,62.0,26.2,35.0,39.7,
1139432,10540.1,10761.6,9986.5,861.0,814.0,,,,
1139433,1409.0,1409.0,,130.0,149.0,26.9,34.4,38.7,
1139438,3586.3,3586.3,,560.0,237.0,37.5,44.9,49.6,
1139444,887.5,887.5,,82.0,141.0,28.1,34.7,39.0,
1139445,438.7,438.7,,54.0,45.0,29.9,39.2,43.7,
1139447,599.0,599.0,,59.0,52.0,30.7,39.2,43.4,
1139472,10114.7,10114.7,,868.0,665.0,,,,
1139478,6917.0,6917.0,,486.0,486.0,,,,
1139479,509.7,509.7,,47.0,45.0,25.1,33.1,37.0,
1139491,812.3,812.3,,112.0,82.0,31.1,39.4,44.2,
1139496,11615.3,11615.3,,1297.0,827.0,,,,
1139497,10386.4,10643.0,9745.0,544.0,918.0,,,,
1139498,9799.3,9799.3,,680.0,899.0,,,,
1139505,7516.0,7516.0,,663.0,548.0,,,,
1139515,2457.8,2928.3,1752.0,333.0,253.0,30.5,36.9,39.6,
1139518,16023.0,16023.0,,1544.0,1033.0,,,,
1139522,1040.0,1040.0,,113.0,115.0,40.4,48.2,51.8,
1139530,1548.3,1548.3,,120.0,190.0,38.1,47.4,52.5,
1139531,577.7,577.7,,40.0,58.0,28.3,37.2,41.3,
1139533,301.0,301.0,,21.0,27.0,32.4,38.4,41.9,
1139544,9161.3,9161.3,,570.0,779.0,,,,
1139547,870.0,870.0,,124.0,90.0,33.0,39.8,44.8,
1139548,844.0,844.0,,101.0,84.0,30.7,37.0,39.4,
1139550,309.3,309.3,,18.0,32.0,29.6,38.3,43.5,
1139574,17707.7,17707.7,,1662.0,1137.0,,,,
1139581,20862.9,21486.8,19303.0,998.0,1698.0,,,,
1139583,731.0,731.0,,68.0,70.0,32.6,41.7,47.7,
1139588,20115.3,20115.3,,1510.0,1616.0,,,,
1139592,349.3,349.3,,23.0,37.0,31.9,38.1,42.0,
1139599,875.3,875.3,,133.0,91.0,33.4,41.5,44.8,
1139622,10451.3,10451.3,,679.0,891.0,,,,
1139623,3295.0,3295.0,,531.0,199.0,35.2,47.1,51.6,
1139625,900.7,900.7,,63.0,98.0,32.8,41.7,47.9,
1139630,915.0,915.0,,121.0,96.0,33.6,43.4,48.6,
1139632,1020.0,1020.0,,132.0,109.0,34.9,43.6,48.9,
1139635,1249.0,1249.0,,125.0,122.0,35.9,43.7,48.9,
1139645,17972.7,17972.7,,1080.0,1050.0,43.0,56.1,62.8,
1139648,14366.7,14366.7,,1463.0,850.0,,,,
1139649,1746.3,1746.3,,163.0,158.0,35.8,43.8,48.4,
1139651,373.0,373.0,,28.0,42.0,26.0,36.6,39.8,
1139652,236.0,236.0,,16.0,26.0,30.8,41.6,47.7,
1139655,1461.3,1461.3,,271.0,135.0,32.2,39.2,43.7,
1139666,1298.3,1298.3,,120.0,122.0,33.9,41.8,44.9,
1139687,340.0,340.0,,32.0,31.0,28.6,37.7,42.6,
1139689,1251.0,1251.0,,210.0,128.0,28.6,34.7,38.9,
1139696,1203.3,1203.3,,111.0,109.0,32.0,42.5,47.6,
1139698,407.0,407.0,,39.0,43.0,38.9,46.3,49.8,
1139714,2019.7,2019.7,,190.0,180.0,38.8,48.0,52.9,
1139723,674.7,674.7,,80.0,72.0,32.4,39.7,44.2,
1139757,17172.3,17172.3,,1293.0,1008.0,,,,
1139798,1785.7,1785.7,,163.0,168.0,32.0,38.6,42.5,
1139801,1024.0,1024.0,,107.0,128.0,32.5,39.5,44.1,
1139828,24576.0,24576.0,,1071.0,2039.0,,,,
1139888,1451.7,1451.7,,287.0,130.0,30.4,39.9,44.8,
1139889,14368.3,14368.3,,848.0,1026.0,44.5,52.6,57.9,
1139933,340.0,343.0,332.5,25.0,25.0,39.2,48.6,54.5,
1139955,1042.0,1042.0,,71.0,167.0,37.0,44.1,48.8,
1139983,222.0,222.0,,15.0,19.0,23.7,33.9,38.2,
1139984,20352.7,20352.7,,1402.0,1473.0,,,,
1139998,1801.7,1801.7,,429.0,99.0,36.1,43.2,48.0,
1140002,418.7,418.7,,31.0,41.0,25.8,33.8,36.7,
1140015,8530.0,8530.0,,620.0,465.0,35.9,44.7,50.0,
1140041,826.3,826.3,,63.0,82.0,,,,
1140049,1145.0,1145.0,,96.0,100.0,,,,
1140056,477.7,477.7,,45.0,50.0,29.6,38.4,42.8,
1140075,639.3,639.3,,62.0,65.0,29.9,39.5,49.5,
1140095,1068.0,1068.0,,73.0,169.0,35.0,42.7,47.1,
1140104,1263.7,1263.7,,234.0,110.0,30.5,41.1,46.2,
1140115,7940.3,7940.3,,682.0,541.0,,,,
1140129,335.7,335.7,,31.0,27.0,23.4,34.0,39.0,
1140130,7346.7,7346.7,,496.0,612.0,,,,
1140144,1340.3,1340.3,,135.0,129.0,29.3,36.2,39.2,
1140168,468.0,468.0,,55.0,65.0,28.8,36.8,41.2,
1140171,1922.7,1922.7,,196.0,208.0,36.9,43.9,48.4,
1140184,461.0,461.0,,31.0,47.0,28.4,36.6,39.4,
1140193,465.0,465.0,,47.0,57.0,28.5,35.0,39.3,
1140199,1053.7,1053.7,,54.0,178.0,32.4,39.4,44.0,
1140204,193.3,193.3,,17.0,19.0,31.0,39.7,44.2,
1140214,311.0,311.0,,31.0,30.0,24.9,36.6,39.7,
1140215,16497.0,16497.0,,1725.0,951.0,,,,
1140229,7690.0,7690.0,,366.0,660.0,,,,
1140235,468.0,468.0,,32.0,47.0,27.1,33.8,37.3,
1140236,470.0,470.0,,33.0,56.0,34.8,47.3,53.9,
1140237,1019.0,1019.0,,48.0,179.0,29.2,34.1,37.7,
1140246,354.0,364.0,339.0,25.0,36.0,36.1,47.0,53.3,
1140278,882.0,882.0,,83.0,101.0,30.3,36.1,39.0,
1140329,1803.5,1803.5,,141.0,199.0,30.6,37.7,41.9,
1140346,979.0,979.0,,88.0,117.0,28.5,34.3,37.6,
1140360,448.0,448.0,,65.0,50.0,34.0,42.1,46.7,
1140362,892.0,892.0,,59.0,78.0,34.0,43.6,49.0,
1140375,2333.3,2333.3,,220.0,240.0,32.3,42.2,46.7,
1140397,331.0,331.0,,39.0,27.0,25.4,33.9,38.5,
1140400,622.7,622.7,,70.0,62.0,28.1,38.5,43.9,
1140413,663.3,663.3,,51.0,92.0,32.0,38.4,43.2,
1140420,1875.0,1875.0,,188.0,212.0,27.7,36.6,42.2,
1140428,7660.0,7660.0,,749.0,489.0,,,,
1140441,13747.7,13747.7,,692.0,1207.0,,,,
1140465,18352.0,18352.0,,1443.0,1104.0,,,,
1140505,93.0,93.0,,10.0,11.0,20.8,29.1,31.9,
1140537,759.0,759.0,,41.0,98.0,29.1,43.8,48.6,
1140543,5020.3,5020.3,,407.0,419.0,38.5,44.8,49.4,
1140548,14874.7,14874.7,,741.0,1373.0,,,,
1140574,38735.0,38735.0,,2052.0,2962.0,42.8,53.2,58.9,
1140577,221.0,221.0,,32.0,28.0,28.4,36.5,39.6,
1140594,185.3,201.5,169.0,19.0,22.0,24.8,34.2,38.4,
1140608,593.3,593.3,,86.0,54.0,21.1,33.5,39.0,
1140612,1382.0,1382.0,,131.0,132.0,,,,
1140615,568.0,568.0,,77.0,66.0,29.2,37.3,42.2,
1140618,3679.3,3679.3,,552.0,214.0,,,,
1140627,405.7,405.7,,24.0,28.0,34.9,44.8,51.8,
1140629,15908.7,15908.7,,1583.0,877.0,,,,
1140646,2075.8,2219.3,1860.5,226.0,227.0,31.1,38.0,42.1,
1140658,1275.8,1391.0,1103.0,128.0,118.0,33.3,41.7,45.0,
1140673,14808.7,14808.7,,758.0,1427.0,,,,
1140675,1409.0,1409.0,,109.0,105.0,32.7,41.3,46.3,
1140687,1231.0,1231.0,,110.0,118.0,37.6,46.5,53.3,
1140703,595.3,595.3,,63.0,53.0,23.5,34.0,39.0,
1140705,11292.0,,11292.0,,,,,,
1140709,1505.7,1505.7,,136.0,141.0,27.7,34.1,37.4,
1140712,7261.3,7261.3,,431.0,601.0,,,,
1140724,890.0,890.0,,52.0,135.0,33.5,39.2,43.2,
1140725,10854.0,10854.0,,1156.0,627.0,,,,
1140726,1945.0,1945.0,,123.0,205.0,,,,
1140746,6659.0,6659.0,,675.0,621.0,,,,
1140775,11709.7,11767.6,11565.0,641.0,991.0,,,,
1140782,443.2,476.3,393.5,39.0,47.0,26.2,34.8,39.6,
1140787,11870.7,11870.7,,713.0,721.0,31.1,41.5,44.9,
1140808,7265.4,7676.2,6238.5,517.0,724.0,,,,
1140818,6086.0,6470.4,5125.0,421.0,451.0,,,,
1140828,2921.3,2921.3,,384.0,184.0,,,,
1140829,47288.7,47288.7,,3090.0,3431.0,32.8,44.6,49.9,
1140855,9196.9,9646.2,8073.5,784.0,627.0,,,,
1140862,3421.3,3421.3,,303.0,285.0,,,,
1140902,26633.3,26633.3,,1149.0,2237.0,,,,
1140903,593.3,593.3,,74.0,61.0,27.3,34.1,38.6,
1140906,20361.0,20361.0,,1346.0,1542.0,,,,
1140907,14834.7,14834.7,,1260.0,1211.0,,,,
1140934,467.0,467.0,,65.0,64.0,24.8,29.8,33.7,
1140936,1574.3,1722.2,1204.5,135.0,176.0,21.7,29.3,33.7,
1140949,800.1,876.4,609.5,74.0,96.0,24.6,32.6,36.3,
1140966,1168.0,1168.0,,104.0,137.0,22.1,29.4,33.8,
1141006,2684.0,2684.0,,317.0,199.0,,,,
1141012,661.7,661.7,,42.0,79.0,26.9,34.1,38.6,
1141015,2650.3,2650.3,,174.0,206.0,31.4,39.6,44.3,
1141031,2443.7,2443.7,,222.0,288.0,32.4,38.8,43.2,
1141075,2493.0,2493.0,,231.0,294.0,32.4,38.7,42.8,
1141077,3606.0,3606.0,,308.0,367.0,27.3,33.1,34.8,
1141083,273.7,273.7,,25.0,25.0,34.6,47.1,53.7,
1141093,9852.0,9852.0,,985.0,691.0,,,,
1141094,6608.7,6608.7,,740.0,465.0,,,,
1141095,1568.7,1568.7,,143.0,190.0,32.2,41.4,47.6,
1141098,348.7,398.6,224.0,32.0,45.0,36.0,43.7,48.6,
1141099,13961.0,13961.0,,1005.0,1198.0,,,,
1141110,9440.3,9440.3,,478.0,760.0,,,,
1141126,810.7,810.7,,96.0,80.0,29.2,37.3,39.9,
1141148,3538.3,3538.3,,350.0,323.0,,,,
1141152,905.0,905.0,,70.0,95.0,,,,
1141155,503.0,503.0,,46.0,52.0,35.7,43.7,48.1,
1141166,2674.0,2674.0,,249.0,257.0,29.1,34.6,38.8,
1141177,638.0,638.0,,53.0,59.0,35.6,43.7,48.6,
1141197,2196.0,2196.0,,206.0,242.0,29.4,37.1,39.9,
1141207,9836.3,9836.3,,688.0,739.0,43.1,52.3,57.7,
1141210,19430.1,19569.0,19083.0,1154.0,1135.0,56.7,64.9,69.8,
1141218,572.0,572.0,,47.0,61.0,32.9,40.0,44.6,
1141237,378.7,378.7,,30.0,45.0,30.1,39.2,46.2,
1141251,1077.0,1077.0,,88.0,127.0,28.3,34.7,39.1,
1141256,3072.3,3165.0,3026.0,243.0,268.0,26.4,36.0,39.9,
1141268,4574.7,4574.7,,351.0,315.0,,,,
1141273,2017.3,2017.3,,178.0,182.0,26.9,34.4,38.9,
1141292,13091.0,13091.0,,776.0,1235.0,,,,
1141309,1816.0,1816.0,,105.0,136.0,32.2,42.0,47.0,
1141314,586.0,586.0,,84.0,56.0,27.9,34.7,39.0,
1141342,6312.3,6312.3,,345.0,573.0,,,,
1141345,212.7,212.7,,17.0,21.0,24.6,34.1,38.9,
1141378,10117.3,10117.3,,705.0,964.0,,,,
1141385,13148.3,13148.3,,1160.0,903.0,,,,
1141389,25229.3,25229.3,,1913.0,1658.0,,,,
1141462,245.7,245.7,,20.0,24.0,23.5,34.2,38.9,
1141490,968.0,968.0,,89.0,98.0,32.7,41.8,46.5,
1141503,298.5,298.5,,57.0,44.0,31.3,39.5,46.5,
1141533,1546.0,1546.0,,145.0,131.0,36.8,44.8,49.6,
1141535,16812.0,16812.0,,1043.0,1162.0,49.7,58.9,64.9,
1141561,462.3,462.3,,37.0,44.0,27.6,37.6,42.4,
1141598,342.0,342.0,,30.0,42.0,31.4,38.9,43.6,
1141613,2946.3,2946.3,,248.0,282.0,21.4,28.2,29.8,
1141623,411.0,411.0,,31.0,43.0,34.2,44.6,49.8,
1141647,795.3,795.3,,127.0,67.0,31.3,38.4,42.4,
1141651,931.0,931.0,,69.0,86.0,25.2,37.6,42.6,
1141657,460.0,460.0,,43.0,39.0,30.3,39.1,44.0,
1141663,32913.7,35432.0,26618.0,2250.0,2400.0,31.2,39.3,44.5,
1141677,612.7,612.7,,48.0,62.0,30.3,38.5,43.1,
1141678,7680.7,7680.7,,434.0,523.0,,,,
1141693,5623.0,5623.0,,596.0,517.0,28.8,36.1,39.6,
1141694,3042.7,3042.7,,311.0,397.0,29.5,36.7,42.1,
1141701,824.0,824.0,,150.0,53.0,31.5,38.7,42.8,
1141702,797.7,797.7,,123.0,66.0,29.6,36.8,39.9,
1141707,14489.7,14489.7,,1082.0,1198.0,45.2,54.0,59.6,
1141715,256.7,256.7,,16.0,31.0,,,,
1141758,2186.7,2186.7,,236.0,203.0,,,,
1141765,4093.0,4093.0,,269.0,359.0,,,,
1141768,1283.7,1283.7,,93.0,137.0,,,,
1141776,12587.0,12587.0,,582.0,1471.0,,,,
1141784,9531.0,9531.0,,566.0,732.0,34.8,42.4,44.9,
1141817,23004.3,23004.3,,1953.0,1421.0,,,,
1141823,782.3,782.3,,57.0,79.0,32.5,42.2,47.0,
1141835,691.0,691.0,,53.0,74.0,30.3,38.6,43.2,
1141856,6069.7,6069.7,,459.0,347.0,,,,
1141860,1024.0,1024.0,,82.0,108.0,33.0,42.9,48.5,
1141871,497.3,497.3,,27.0,70.0,32.9,42.7,47.4,
1141880,2854.0,2854.0,,308.0,295.0,,,,
1141881,472.7,472.7,,32.0,38.0,28.3,38.8,44.0,
1141895,7165.3,7165.3,,772.0,487.0,,,,
1141900,11112.7,11112.7,,976.0,796.0,,,,
1141907,5679.3,5679.3,,429.0,436.0,36.9,44.0,48.6,
1141910,286.0,286.0,,21.0,33.0,29.1,38.5,43.1,
1141946,16727.0,16727.0,,850.0,1035.0,,,,
1141947,3194.0,3194.0,,193.0,195.0,,,,
1141959,364.0,364.0,,23.0,45.0,25.9,37.8,42.1,
1141960,386.6,416.4,312.0,56.0,38.0,,,,
1141962,1823.0,1823.0,,135.0,160.0,32.7,39.7,43.8,
1141989,29772.5,29772.5,,1987.0,2415.0,75.7,79.8,132.6,
1141990,9506.0,9506.0,,1084.0,607.0,,,,
1141992,794.0,794.0,,60.0,62.0,17.7,27.8,32.5,
1142037,8039.7,8039.7,,459.0,825.0,,,,
1142068,8677.3,8677.3,,784.0,734.0,,,,
1142083,1882.3,1882.3,,195.0,153.0,,,,
1142085,1866.3,1866.3,,104.0,220.0,30.3,37.0,39.8,
1142105,499.0,499.0,,34.0,48.0,27.2,38.8,44.7,
1142126,637.7,637.7,,55.0,60.0,31.9,41.9,47.1,
1142152,5450.3,6312.5,4588.0,304.0,913.0,,,,
1142163,7551.3,7551.3,,333.0,921.0,,,,
1142166,1606.0,1606.0,,121.0,142.0,32.9,42.5,47.3,
1142193,9846.0,9846.0,,793.0,836.0,,,,
1142194,14890.7,14948.2,14747.0,834.0,992.0,37.8,44.7,49.6,
1142261,814.0,814.0,,83.0,86.0,32.2,42.3,46.4,
1142280,13427.7,13427.7,,1022.0,1106.0,46.1,54.5,59.9,
1142287,1362.5,1362.5,,101.0,124.0,31.9,38.9,43.4,
1142295,925.0,925.0,,64.0,87.0,27.0,41.6,49.0,
1142298,9421.0,9421.0,,508.0,721.0,,,,
1142323,12004.3,12004.3,,1208.0,917.0,,,,
1142341,370.0,370.0,,31.0,33.0,25.0,34.3,39.0,
1142342,9708.3,9708.3,,592.0,766.0,,,,
1142347,15663.0,15663.0,,1233.0,1167.0,47.7,59.0,67.3,
1142355,6722.7,6722.7,,333.0,798.0,,,,
1142361,30616.3,30616.3,,1760.0,2064.0,,,,
1142364,1465.3,1465.3,,122.0,153.0,21.7,31.9,37.9,
1142380,2757.0,2757.0,,227.0,283.0,34.5,41.7,45.0,
1142396,7937.0,7937.0,,345.0,833.0,,,,
1142409,4146.3,4146.3,,664.0,310.0,,,,
1142415,18579.1,18581.4,18573.5,998.0,1249.0,42.7,49.9,54.9,
1142436,95.5,95.5,,5.0,9.0,26.6,39.5,44.9,
1142450,20432.3,20432.3,,1268.0,1442.0,39.4,48.4,53.6,
1142453,33723.0,33723.0,,2451.0,2581.0,,,,
1142454,462.7,462.7,,32.0,55.0,24.8,34.2,39.0,
1142464,8908.7,8908.7,,802.0,560.0,,,,
1142468,3680.5,4153.5,3207.5,256.0,347.0,,,,
1142479,250.0,250.0,,59.0,38.0,26.3,34.0,38.0,
1142503,13381.0,13381.0,,966.0,1008.0,,,,
1142510,10566.7,10566.7,,570.0,862.0,,,,
1142512,14965.6,14749.3,15542.7,1285.0,872.0,,,,
1142529,2104.0,2104.0,,110.0,187.0,27.6,33.8,36.7,
1142540,9421.3,9421.3,,567.0,658.0,,,,
1142554,7314.7,7314.7,,649.0,487.0,,,,
1142556,6725.0,6725.0,,262.0,627.0,,,,
1142562,4209.4,4282.6,4026.5,235.0,374.0,,,,
1142563,4321.3,4321.3,,266.0,375.0,,,,
1142564,13751.7,13751.7,,634.0,925.0,,,,
1142568,6837.1,7224.4,5869.0,538.0,539.0,36.4,43.9,48.8,
1142605,1976.0,1976.0,,221.0,182.0,33.4,39.2,43.5,
1142630,4424.3,4424.3,,382.0,285.0,,,,
1142642,2983.0,2983.0,,198.0,243.0,26.5,37.6,42.6,
1142647,3661.7,3661.7,,311.0,369.0,31.8,39.0,43.6,
1142662,507.0,507.0,,43.0,42.0,36.9,47.5,54.0,
1142672,14949.7,14949.7,,1292.0,759.0,,,,
1142720,12743.7,11887.6,15026.7,521.0,876.0,,,,
1142724,14309.0,14788.0,13111.5,851.0,1006.0,39.2,47.6,52.7,
1142795,2438.7,2438.7,,179.0,183.0,,,,
1142799,1015.7,1015.7,,59.0,126.0,33.0,41.2,44.8,
1142809,850.3,806.5,938.0,83.0,73.0,29.4,37.7,41.9,
1142815,13446.7,13446.7,,720.0,1042.0,37.3,44.3,49.0,
1142821,12679.3,12679.3,,738.0,1178.0,,,,
1142822,8825.3,8825.3,,678.0,684.0,,,,
1142831,370.0,370.0,,31.0,35.0,24.6,33.1,39.5,
1142843,3842.3,3842.3,,346.0,291.0,38.8,51.3,59.2,
1142852,44.0,44.0,,3.0,5.0,16.6,27.1,32.1,
1142866,1478.7,1478.7,,119.0,108.0,,,,
1142869,15597.7,15597.7,,1287.0,977.0,,,,
1142870,11275.0,11275.0,,431.0,944.0,,,,
1142880,4280.0,4280.0,,363.0,434.0,48.1,54.9,61.6,
1142909,120.7,120.7,,7.0,15.0,18.2,28.0,32.3,
1142911,715.0,715.0,,104.0,78.0,35.3,44.3,49.4,
1142917,65.5,65.5,,3.0,9.0,14.3,24.1,31.3,
1142919,13605.0,13605.0,,1294.0,928.0,,,,
1142937,7141.3,7141.3,,280.0,813.0,,,,
1142940,2647.0,2647.0,,206.0,288.0,,,,
1142973,3241.3,3241.3,,260.0,303.0,32.8,42.9,48.3,
1142977,866.2,890.6,801.2,67.0,66.0,,,,
1142978,10427.7,10427.7,,515.0,1597.0,50.4,58.7,64.2,
1143004,2583.3,2583.3,,271.0,274.0,27.8,34.7,38.9,
1143051,453.3,453.3,,49.0,38.0,,,,
1143060,17132.5,17132.5,,1282.0,1377.0,38.6,49.3,56.7,
1143070,973.0,973.0,,67.0,72.0,27.5,34.6,39.1,
1143079,9465.7,9328.4,9809.0,926.0,585.0,,,,
1143085,10702.7,10702.7,,526.0,846.0,,,,
1143099,9299.3,9299.3,,1065.0,674.0,,,,
1143120,12697.3,12701.6,12686.5,625.0,756.0,38.2,44.5,49.5,
1143128,16501.0,16501.0,,959.0,1196.0,29.1,37.0,39.6,
1143129,2683.0,2683.0,,238.0,287.0,24.8,33.4,37.1,
1143130,1823.3,1823.3,,203.0,147.0,36.1,44.1,49.1,
1143141,564.7,564.7,,29.0,54.0,24.2,32.6,36.3,
1143154,903.3,903.3,,62.0,113.0,29.8,37.7,41.4,
1143160,12636.0,12636.0,,1388.0,650.0,,,,
1143163,9526.3,9526.3,,852.0,725.0,,,,
1143164,12512.7,12512.7,,561.0,918.0,,,,
1143165,626.0,626.0,,54.0,71.0,27.6,36.9,41.9,
1143172,881.7,881.7,,47.0,90.0,28.3,34.3,38.4,
1143194,9953.3,9953.3,,1073.0,628.0,,,,
1143201,957.0,957.0,,52.0,108.0,31.7,41.6,47.7,
1143206,10835.3,10835.3,,411.0,1031.0,,,,
1143217,10548.0,10548.0,,460.0,921.0,,,,
1143238,14461.0,14461.0,,1147.0,1166.0,45.0,53.7,59.3,
1143248,10612.9,10081.2,11942.0,549.0,795.0,,,,
1143283,12541.1,12565.4,12480.5,708.0,709.0,37.8,47.4,52.4,
1143303,2352.0,2352.0,,187.0,199.0,29.5,38.4,43.7,
1143325,14608.0,14608.0,,933.0,1073.0,,,,
1143326,523.3,523.3,,55.0,40.0,23.6,32.1,34.7,
1143367,554.5,554.5,,54.0,59.0,38.4,46.9,49.9,
1143387,7075.3,7075.3,,864.0,636.0,,,,
1143400,19476.3,19476.3,,1415.0,1397.0,,,,
1143401,11729.3,12078.0,10857.5,674.0,790.0,41.2,48.7,53.7,
1143413,2178.0,2102.5,2329.0,175.0,177.0,27.0,34.1,38.8,
1143424,555.0,555.0,,65.0,58.0,32.9,43.0,48.6,
1143425,2689.7,2689.7,,272.0,264.0,26.0,36.7,41.3,
1143441,470.0,470.0,,20.0,58.0,31.9,42.0,48.1,
1143477,6939.3,6939.3,,421.0,821.0,,,,
1143480,354.7,354.7,,53.0,27.0,30.9,41.9,47.8,
1143495,8854.3,8854.3,,895.0,589.0,,,,
1143498,8958.7,8958.7,,344.0,831.0,,,,
1143508,10154.3,10154.3,,462.0,906.0,,,,
1143534,7195.0,7195.0,,654.0,464.0,,,,
1143548,26969.3,26969.3,,1042.0,2282.0,,,,
1143569,698.7,698.7,,59.0,72.0,34.7,43.8,49.6,
1143576,8332.6,7798.4,9668.0,335.0,653.0,,,,
1143580,16198.7,16198.7,,1010.0,1221.0,,,,
1143587,7110.6,7294.6,6650.5,426.0,507.0,36.4,43.9,48.7,
1143611,812.0,812.0,,72.0,91.0,30.0,38.9,44.6,
1143623,10738.3,10738.3,,968.0,556.0,,,,
1143660,13499.0,13499.0,,719.0,918.0,30.7,41.5,46.7,
1143674,2530.7,2530.7,,238.0,235.0,30.2,39.9,44.8,
1143676,762.0,762.0,,54.0,77.0,23.8,32.5,37.0,
1143701,2098.3,2098.3,,286.0,236.0,30.5,38.6,43.4,
1143729,6855.0,6855.0,,546.0,642.0,,,,
1143731,686.7,686.7,,57.0,65.0,32.4,39.7,44.2,
1143766,10955.3,10989.0,10871.0,600.0,627.0,32.9,42.8,48.8,
1143800,9104.3,9104.3,,801.0,590.0,,,,
1143820,10231.0,10231.0,,499.0,811.0,,,,
1143821,10704.7,10704.7,,479.0,1011.0,,,,
1143835,2194.7,2194.7,,160.0,206.0,35.2,43.0,47.9,
1143847,4055.0,4055.0,,227.0,552.0,,,,
1143907,498.5,498.5,,37.0,50.0,39.2,47.6,52.2,
1143914,918.7,905.0,946.0,59.0,72.0,29.1,37.4,42.0,
1143957,901.8,1068.0,652.5,106.0,105.0,40.1,47.6,50.0,
1143977,17247.0,19063.6,12705.5,1423.0,1464.0,,,,
1143991,16290.0,16290.0,,962.0,1003.0,32.7,42.9,48.5,
1144002,1737.3,1737.3,,125.0,162.0,23.0,31.4,34.6,
1144008,2058.0,2058.0,,182.0,198.0,30.3,37.6,41.5,
1144022,8471.3,8471.3,,825.0,509.0,,,,
1144031,12454.7,12454.7,,543.0,1182.0,,,,
1144042,1311.3,1311.3,,121.0,121.0,23.6,32.5,36.5,
1144048,1052.2,1222.3,797.0,110.0,115.0,38.8,47.3,52.0,
1144076,6888.7,7376.6,5669.0,601.0,540.0,,,,0.077
1144111,787.3,787.3,,43.0,112.0,25.4,33.6,36.8,
1144126,3900.0,3900.0,,197.0,756.0,,,,
1144158,922.7,922.7,,71.0,83.0,28.3,36.4,39.5,
1144172,10942.7,10582.8,11842.5,589.0,880.0,,,,
1144187,14649.0,14649.0,,838.0,1022.0,,,,
1144217,3495.0,3495.0,,653.0,279.0,,,,
1144219,11446.0,11660.6,10909.5,975.0,712.0,,,,
1144234,3764.7,3764.7,,323.0,277.0,,,,
1144258,12288.9,12281.4,12307.5,981.0,1049.0,,,,
1144296,6720.0,6720.0,,587.0,670.0,27.9,34.4,38.6,
1144303,3847.3,3847.3,,316.0,303.0,43.6,54.2,59.0,
1144305,871.7,871.7,,81.0,149.0,17.5,28.0,32.9,
1144315,694.7,694.7,,45.0,80.0,,,,
1144380,1575.0,1575.0,,167.0,126.0,,,,
1144384,6807.0,6807.0,,500.0,494.0,,,,
1144405,287.0,287.0,,26.0,24.0,26.5,36.2,41.8,
1144414,1771.7,1771.7,,185.0,150.0,27.9,34.1,38.9,
1144423,2711.5,2711.5,,242.0,278.0,28.7,38.2,42.6,
1144424,3766.0,3766.0,,270.0,323.0,,,,0.088
1144426,761.0,761.0,,41.0,54.0,27.2,36.3,40.0,
1144428,3139.0,3139.0,,250.0,235.0,20.3,32.2,38.2,
1144444,1440.0,1440.0,,99.0,169.0,30.5,38.5,43.2,
1144458,241.3,241.3,,21.0,21.0,25.8,34.4,38.8,
1144460,1630.3,1630.3,,114.0,165.0,,,,
1144464,2391.3,2391.3,,104.0,180.0,20.9,29.8,34.4,
1144515,869.0,869.0,,59.0,74.0,26.3,34.6,39.2,
1144540,12223.6,12223.6,,843.0,760.0,,,,0.053
1144557,543.3,543.3,,44.0,43.0,32.5,41.4,46.0,
1144558,274.7,274.7,,17.0,28.0,25.1,41.4,47.8,
1144586,1360.0,1360.0,,155.0,111.0,28.6,34.5,38.3,
1144604,2539.6,2565.0,2476.0,133.0,215.0,22.8,32.6,35.0,
1144615,19485.0,19485.0,,2066.0,1222.0,,,,
1144653,8982.0,8982.0,,511.0,675.0,31.1,39.3,43.8,
1144656,1549.5,1549.5,,93.0,125.0,25.4,34.3,42.3,
1144690,7407.0,7407.0,,756.0,491.0,,,,
1144723,5763.3,5763.3,,277.0,534.0,,,,
1144726,2330.6,2213.3,2741.0,99.0,180.0,15.8,27.8,33.1,
1144728,1040.3,1040.3,,87.0,99.0,27.1,33.7,38.1,
1144753,6974.0,6974.0,,553.0,556.0,,,,
1144765,735.5,735.5,,65.0,64.0,27.5,34.1,38.1,
1144776,812.5,812.5,,78.0,60.0,25.5,33.8,39.0,
1144784,11372.3,11372.3,,552.0,801.0,49.5,57.7,62.6,
1144803,11191.7,11191.7,,585.0,765.0,,,,
1144816,5328.3,5328.3,,363.0,610.0,,,,
1144819,5953.0,5953.0,,404.0,435.0,,,,
1144843,257.3,257.3,,7.0,24.0,24.1,34.4,39.4,
1144859,8983.7,10889.4,4219.5,798.0,897.0,,,,
1144871,357.3,357.3,,21.0,38.0,26.9,34.4,38.8,
1144893,11033.3,11828.6,9045.0,1200.0,1169.0,,,,
1144905,10629.3,11345.2,8839.5,954.0,1035.0,,,,
1144927,229.7,229.7,,14.0,30.0,19.2,29.9,34.4,
1144943,18565.0,18565.0,,1824.0,1190.0,,,,
1144964,10886.0,10886.0,,746.0,619.0,,,,
1144988,1151.7,1151.7,,90.0,113.0,35.0,44.0,49.9,
1145010,4277.6,4277.6,,207.0,354.0,,,,0.218
1145014,8750.7,9368.0,7207.5,744.0,829.0,,,,
1145031,734.3,734.3,,58.0,70.0,25.6,33.3,37.4,
1145037,1422.0,1422.0,,144.0,121.0,,,,
1145054,26744.7,26744.7,,1811.0,1861.0,,,,
1145064,8819.3,8819.3,,467.0,538.0,37.1,46.3,51.9,
1145067,13975.7,13975.7,,729.0,998.0,,,,
1145097,13481.0,13481.0,,1384.0,1234.0,,,,
1145141,7887.0,7887.0,,431.0,448.0,33.6,42.7,47.7,
1145190,13937.0,13937.0,,747.0,1512.0,,,,
1145198,1045.3,1045.3,,77.0,70.0,38.3,48.4,54.3,
1145202,13760.0,13760.0,,1054.0,954.0,,,,
1145206,509.4,533.8,448.5,41.0,53.0,22.8,31.3,34.8,
1145215,844.9,873.6,773.0,62.0,74.0,24.6,34.3,41.8,
1145239,2172.3,2172.3,,124.0,191.0,28.8,39.4,46.5,
1145241,15456.3,15456.3,,1673.0,1225.0,,,,
1145245,7849.3,7849.3,,430.0,632.0,,,,
1145261,10233.0,10233.0,,947.0,843.0,37.6,46.2,51.3,
1145285,7743.8,8468.0,7019.5,613.0,653.0,,,,
1145286,56681.3,56681.3,,3730.0,3516.0,,,,
1145341,4944.6,5176.2,4365.5,54.0,389.0,,,,0.035
1145354,1569.3,1569.3,,171.0,188.0,28.4,34.2,37.9,
1145359,458.7,458.7,,26.0,60.0,29.1,37.5,42.0,
1145361,202.0,202.0,,10.0,24.0,23.0,33.4,37.6,
1145366,13181.3,13181.3,,697.0,1498.0,,,,
1145369,18852.9,20740.6,14133.5,1910.0,2128.0,,,,
1145390,4436.3,4436.3,,237.0,455.0,,,,
1145414,858.0,858.0,,115.0,96.0,26.9,36.1,39.9,
1145433,51465.0,51465.0,,3428.0,3286.0,,,,
1145471,323.3,323.3,,20.0,35.0,28.1,37.7,42.9,
1145494,13315.0,13315.0,,1285.0,1018.0,,,,
1145495,15537.7,15537.7,,1258.0,1300.0,,,,
1145511,14979.7,14979.7,,1002.0,1045.0,40.9,49.2,54.4,
1145571,1630.0,1630.0,,132.0,129.0,31.2,38.4,42.7,
1145573,4458.3,4458.3,,280.0,428.0,,,,
1145587,4362.7,4362.7,,297.0,296.0,,,,
1145616,5028.3,5028.3,,308.0,309.0,41.2,48.9,53.8,
1145624,2207.0,2207.0,,175.0,163.0,38.0,47.8,53.6,
1145635,46441.3,46441.3,,2792.0,2867.0,,,,
1145638,314.7,314.7,,47.0,27.0,29.0,39.0,43.9,
1145716,8031.3,8031.3,,409.0,552.0,37.5,47.8,53.8,
1145733,11817.8,11817.8,,970.0,1204.0,,,,0.267
1145749,375.0,375.0,,29.0,36.0,,,,0.06
1145783,8613.3,8613.3,,493.0,642.0,,,,
1145790,1349.3,1349.3,,65.0,126.0,34.2,43.7,49.2,
1145796,35.0,35.0,,3.0,4.0,25.8,31.8,34.2,
1145812,8337.3,8337.3,,470.0,761.0,,,,
1145856,15150.4,15150.4,,835.0,872.0,34.1,42.3,47.8,
1145872,1236.7,1145.0,1420.0,67.0,91.0,25.4,33.0,35.0,
1145876,792.3,792.3,,97.0,89.0,26.4,33.8,36.8,
1145909,188.0,188.0,,21.0,18.0,31.9,41.7,46.4,
1145912,8183.4,8573.2,7209.0,487.0,573.0,,,,
1145935,14529.3,14529.3,,785.0,1317.0,,,,
1145936,5305.7,5305.7,,342.0,385.0,30.3,38.5,43.6,
1145964,4997.7,4997.7,,227.0,398.0,,,,
1145971,3980.0,3980.0,,284.0,329.0,33.1,39.9,44.6,
1145975,1982.3,1982.3,,118.0,188.0,,,,
1146011,15299.1,15287.9,15329.0,992.0,1195.0,,,,
1146026,1541.0,1541.0,,176.0,146.0,37.2,44.5,49.4,
1146057,7950.5,8255.5,7645.5,815.0,432.0,,,,
1146072,1987.3,1987.3,,94.0,219.0,43.7,52.1,57.8,
1146082,470.0,470.0,,41.0,46.0,16.7,27.8,38.3,
1146089,1623.0,1623.0,,159.0,144.0,33.1,40.0,44.5,
1146129,50.0,50.0,,6.0,4.0,33.8,49.1,58.0,
1146149,674.3,674.3,,48.0,61.0,30.1,38.7,43.5,
1146181,10979.0,10979.0,,849.0,900.0,,,,
1146186,3664.3,3664.3,,243.0,373.0,25.3,33.3,37.1,
1146202,9703.0,9703.0,,258.0,1848.0,,,,
1146204,17531.7,17531.7,,1476.0,1188.0,,,,
1146206,5691.0,5691.0,,362.0,447.0,,,,
1146213,11826.3,11826.3,,1109.0,733.0,,,,
1146218,1386.7,1386.7,,115.0,160.0,33.5,42.9,48.7,
1146241,28523.7,28523.7,,1957.0,1874.0,50.8,60.0,66.4,
1146265,2751.7,2751.7,,124.0,216.0,30.0,38.5,43.3,
1146286,17313.9,17261.8,17444.0,874.0,1088.0,41.7,49.9,56.1,
1146294,339.3,347.5,323.0,23.0,30.0,19.3,28.0,31.3,
1146312,4105.0,4105.0,,205.0,367.0,,,,
1146327,6894.0,6894.0,,551.0,605.0,37.5,43.8,48.3,
1146332,14038.4,14945.8,11770.0,1141.0,1203.0,,,,
1146344,3769.0,3769.0,,304.0,334.0,27.8,34.9,39.3,
1146365,18046.3,18046.3,,1044.0,1216.0,38.5,47.0,51.8,
1146369,22037.7,22037.7,,1326.0,1349.0,,,,0.146
1146375,1757.1,1852.5,1518.8,92.0,172.0,,,,0.06
1146388,4871.9,4914.0,4766.5,251.0,396.0,27.7,34.5,39.0,
1146396,3228.0,3228.0,,280.0,306.0,35.0,43.3,48.1,
1146404,10548.3,10548.3,,1070.0,590.0,,,,
1146414,2682.0,2682.0,,215.0,245.0,34.8,42.5,46.6,
1146415,1824.9,1853.6,1753.0,109.0,206.0,26.8,36.4,41.1,
1146432,389.0,389.0,,36.0,64.0,33.4,43.4,48.7,
1146446,10015.7,10015.7,,431.0,728.0,,,,
1146458,3394.9,3473.4,3198.5,205.0,254.0,34.8,43.3,48.1,
1146468,4559.3,4559.3,,259.0,320.0,,,,
1146485,3752.7,3752.7,,270.0,346.0,35.0,44.1,49.3,
1146486,363.7,363.7,,39.0,34.0,27.9,37.8,42.9,
1146494,3086.0,3086.0,,244.0,267.0,25.0,32.0,34.6,
1146495,3848.7,3848.7,,293.0,302.0,33.0,39.4,44.0,
1146501,17196.0,17196.0,,1067.0,1166.0,,,,
1146504,88.3,88.3,,7.0,7.0,15.2,24.7,29.5,
1146507,5101.3,4774.0,5756.0,227.0,382.0,25.7,33.6,37.8,
1146546,2618.0,2618.0,,225.0,258.0,,,,
1146554,757.7,757.7,,40.0,88.0,24.6,33.4,37.5,
1146570,7489.5,6770.5,8208.5,419.0,524.0,,,,
1146579,8387.6,8387.6,,418.0,620.0,33.7,41.8,47.0,
1146580,1663.3,1663.3,,137.0,156.0,32.9,39.4,43.9,
1146600,4371.0,4371.0,,227.0,398.0,,,,
1146609,8623.5,8575.5,8671.5,751.0,549.0,,,,
1146655,9493.3,9493.3,,1019.0,822.0,,,,
1146674,5452.3,5452.3,,343.0,538.0,,,,
1146709,1486.7,1486.7,,124.0,103.0,24.1,32.6,37.1,
1146721,3850.3,3850.3,,359.0,290.0,,,,
1146723,821.7,821.7,,80.0,63.0,32.8,41.8,46.3,
1146741,25549.0,25549.0,,1642.0,2369.0,,,,
1146756,933.7,933.7,,57.0,78.0,22.0,32.6,34.8,
1146774,356.7,347.5,375.0,21.0,33.0,24.6,32.9,36.7,
1146779,7497.0,7497.0,,452.0,678.0,,,,
1146793,13633.7,13633.7,,868.0,846.0,,,,
1146815,957.3,957.3,,78.0,82.0,27.0,34.1,38.2,
1146828,756.0,756.0,,72.0,64.0,21.6,32.6,36.2,
1146834,9137.3,9137.3,,536.0,1517.0,,,,
1146836,2056.0,2056.0,,176.0,160.0,27.7,34.8,39.4,
1146841,4267.7,4267.7,,257.0,332.0,21.9,29.2,33.7,
1146853,47896.0,47896.0,,3110.0,2819.0,,,,
1146860,9237.4,9221.6,9277.0,549.0,545.0,33.6,42.7,47.8,
1146871,2656.3,2656.3,,159.0,182.0,28.8,36.6,39.9,
1146904,6301.5,6334.0,6269.0,415.0,513.0,,,,
1146906,10057.7,10057.7,,720.0,691.0,33.2,42.3,47.1,
1146916,4357.3,4357.3,,289.0,345.0,27.6,36.0,39.5,
1146918,8777.0,8708.5,8845.5,629.0,551.0,,,,
1146936,1055.0,1055.0,,85.0,85.0,25.5,36.1,39.9,
1146997,43678.0,43678.0,,2054.0,3021.0,,,,
1146998,7116.0,7116.0,,390.0,470.0,,,,
1147008,12692.5,,12692.5,,,59.8,68.8,74.4,
1147019,9858.3,9858.3,,1184.0,969.0,,,,
1147026,22371.0,22371.0,,2135.0,1485.0,,,,
1147040,18771.3,18771.3,,1295.0,1505.0,,,,
1147042,8130.0,8130.0,,411.0,425.0,36.4,44.2,49.2,
1147102,21986.0,21986.0,,1349.0,1320.0,,,,0.181
1147124,7534.7,7534.7,,626.0,632.0,41.3,48.3,52.9,
1147135,24515.0,24515.0,,1175.0,3475.0,,,,
1147136,5378.3,5378.3,,480.0,446.0,,,,
1147141,6704.7,6704.7,,776.0,369.0,,,,
1147153,2689.0,2689.0,,313.0,234.0,,,,
1147157,22554.3,22554.3,,1597.0,2338.0,,,,
1147165,7483.0,7483.0,,556.0,404.0,,,,
1147171,23303.0,23303.0,,2018.0,1992.0,52.2,61.4,66.6,
1147196,22277.0,22277.0,,1511.0,1786.0,48.8,59.3,64.5,
1147197,3572.0,3572.0,,362.0,322.0,,,,
1147209,19131.0,19131.0,,1153.0,1565.0,52.7,59.9,64.5,
1147216,10716.0,10716.0,,805.0,849.0,51.4,60.0,64.8,
1147267,11278.0,11278.0,,772.0,898.0,,,,
1147278,2887.0,2887.0,,148.0,220.0,,,,
1147283,14468.7,14468.7,,657.0,2319.0,,,,
1147284,12117.3,12117.3,,760.0,1173.0,,,,
1147346,7163.3,7163.3,,640.0,574.0,,,,
1147352,13759.0,13759.0,,688.0,760.0,36.9,43.9,49.0,
1147378,12264.0,12264.0,,571.0,854.0,,,,
1147433,32138.3,32138.3,,1665.0,3267.0,,,,
1147439,11092.3,11092.3,,504.0,674.0,,,,
1147551,22594.0,22594.0,,1323.0,2438.0,,,,
2006451,14188.7,14188.7,,1237.0,1318.0,,,,
2111674,29608.3,29608.3,,1716.0,1792.0,64.8,73.0,79.1,
2119589,15604.3,15604.3,,1135.0,1301.0,49.9,58.4,63.7,
2119854,2648.7,2648.7,,232.0,301.0,,,,
2127493,160.0,160.0,,27.0,16.0,41.3,48.8,52.8,
2146224,3019.7,3019.7,,273.0,285.0,42.2,49.3,54.5,
2161547,160.0,160.0,,27.0,16.0,41.3,48.8,52.8,
2184375,2492.7,2492.7,,303.0,229.0,46.0,53.1,57.7,
2195885,13041.0,13041.0,,642.0,1104.0,,,,
2214973,271.3,271.3,,18.0,30.0,25.4,34.5,39.7,
2215072,27281.0,27281.0,,1815.0,1958.0,44.5,56.0,62.0,
2215096,11132.7,11132.7,,651.0,1493.0,,,,
2216140,8187.0,8187.0,,472.0,763.0,,,,
2216170,9563.7,9563.7,,759.0,800.0,,,,
2216186,8972.3,8972.3,,481.0,859.0,,,,
2216248,19830.0,19830.0,,2583.0,1169.0,,,,
2219434,2307.0,2307.0,,222.0,241.0,40.3,48.0,53.1,
2219485,4691.3,4691.3,,582.0,493.0,,,,0.083
2236397,2407.0,2407.0,,220.0,176.0,43.4,51.6,57.8,
2250094,762.3,762.3,,83.0,104.0,30.0,39.3,44.3,
2261357,134.0,134.0,,6.0,16.0,28.6,38.8,43.4,
2261451,2029.0,2029.0,,281.0,226.0,36.3,44.1,48.9,
2271414,14332.0,14332.0,,1144.0,1196.0,42.0,51.6,57.2,
2271438,1876.0,1876.0,,166.0,179.0,,,,0.041
2283499,304.0,304.0,,21.0,29.0,27.5,36.7,41.6,
2286552,18292.0,18292.0,,1346.0,1413.0,48.6,58.3,64.0,
2286559,19724.9,22223.6,13894.7,1375.0,1674.0,,,,
2291972,3329.3,3329.3,,439.0,223.0,,,,
2295440,2491.0,2491.0,,202.0,209.0,27.2,34.8,39.9,
2297577,798.0,798.0,,64.0,63.0,36.0,42.9,47.2,
2302182,505.0,505.0,,32.0,73.0,34.5,43.4,48.1,
2302332,9249.3,9249.3,,652.0,611.0,,,,
2311874,31916.0,31916.0,,1945.0,2506.0,,,,
2311881,18788.7,18788.7,,1464.0,1289.0,,,,
2312030,5848.0,5848.0,,414.0,486.0,,,,
2312055,15817.0,15817.0,,1377.0,1173.0,,,,
2322874,3035.3,3035.3,,162.0,268.0,25.9,33.6,37.3,
2326208,18371.0,18371.0,,1106.0,1122.0,40.5,52.3,58.9,
2334784,8879.3,9187.8,8108.0,571.0,658.0,39.1,45.0,49.5,
2350865,722.7,722.7,,123.0,101.0,34.1,42.7,47.5,
2360239,1549.3,1549.3,,140.0,144.0,,,,
2360243,1314.7,1314.7,,181.0,123.0,43.1,51.6,56.6,
2364217,1677.7,1677.7,,169.0,212.0,37.5,46.0,49.8,
2364275,327.7,327.7,,41.0,33.0,31.2,38.2,41.8,
2364382,18403.0,18403.0,,1143.0,1437.0,50.5,62.5,68.3,
2364618,200.7,200.7,,20.0,17.0,29.3,37.0,39.4,
2364668,937.3,937.3,,86.0,155.0,32.9,38.8,42.6,
2370044,22113.0,22590.2,20920.0,1386.0,1569.0,61.9,71.6,78.4,
2374877,12434.7,12434.7,,990.0,1009.0,,,,
2375302,5190.3,5190.3,,420.0,416.0,40.0,47.3,51.9,
2375336,1137.7,1137.7,,63.0,142.0,28.9,34.9,39.2,
2375497,906.7,906.7,,108.0,70.0,30.2,37.9,42.5,
2375694,773.0,773.0,,81.0,70.0,42.9,52.2,56.4,
2375729,2576.6,2971.0,1590.5,188.0,234.0,52.6,61.6,67.7,
2376168,21084.7,21084.7,,1671.0,1571.0,36.5,47.9,53.1,
2377569,2944.0,2944.0,,204.0,247.0,,,,
2377633,6602.0,6602.0,,757.0,598.0,29.4,34.5,38.5,
2385742,18402.0,18402.0,,1289.0,1555.0,45.6,53.4,58.5,
2385779,6342.3,6342.3,,326.0,509.0,,,,
2408386,1099.0,1099.0,,106.0,115.0,40.7,49.2,54.2,
2413116,1565.3,1565.3,,160.0,188.0,,,,
2413120,5716.7,5716.7,,510.0,709.0,,,,
2426219,8535.0,8535.0,,885.0,691.0,,,,
2426407,8364.6,8685.8,7561.5,600.0,690.0,40.7,47.8,51.9,
2426655,1875.3,1875.3,,123.0,190.0,17.3,26.5,31.3,
2458256,10622.7,10622.7,,1252.0,674.0,,,,
2489590,2712.3,2712.3,,195.0,220.0,35.3,42.4,45.0,
2489981,6401.0,6401.0,,588.0,616.0,35.5,44.4,49.1,
2542939,3804.7,3804.7,,267.0,392.0,35.6,43.9,49.3,
2555858,2462.7,2462.7,,185.0,275.0,32.4,38.8,43.3,
2597802,34545.7,34545.7,,2361.0,2401.0,,,,
2625664,10023.3,10023.3,,605.0,787.0,,,,
2642478,1262.7,1262.7,,185.0,186.0,37.9,46.8,52.6,
2642482,421.5,421.5,,86.0,45.0,25.5,33.4,38.1,
2676198,5130.0,5130.0,,467.0,400.0,,,,
2676282,695.0,695.0,,101.0,70.0,43.4,51.8,56.5,
2676307,1194.7,1194.7,,109.0,95.0,32.9,39.6,44.0,
2676387,13642.7,13642.7,,1302.0,1118.0,53.2,61.3,66.6,
2687559,2055.3,2055.3,,199.0,158.0,,,,
2688858,1405.0,1405.0,,177.0,122.0,,,,
2689028,57596.0,57596.0,,4474.0,4326.0,,,,
2689046,30536.0,30536.0,,3177.0,1659.0,,,,
2689152,2052.7,2052.7,,140.0,162.0,,,,
2689186,3513.7,3513.7,,301.0,293.0,46.0,53.7,59.1,
2689969,6839.0,6839.0,,714.0,701.0,39.6,47.1,51.4,
2690043,7609.0,7609.0,,818.0,858.0,38.1,44.8,49.7,
2751064,2724.0,2724.0,,205.0,222.0,27.2,34.8,39.2,
2798981,3042.3,3042.3,,176.0,284.0,,,,
2809337,942.3,942.3,,80.0,90.0,22.4,32.6,37.3,
2809364,738.3,738.3,,57.0,62.0,27.9,37.4,41.9,
2809720,1548.3,1548.3,,104.0,133.0,,,,
2809783,41300.7,41300.7,,2326.0,2836.0,,,,
2809972,9833.0,9833.0,,457.0,1052.0,,,,
2820403,83.0,83.0,,6.0,10.0,29.9,41.9,48.3,
2820671,681.7,688.5,668.0,51.0,73.0,21.0,29.2,33.3,
2820773,19077.0,19077.0,,1145.0,1618.0,47.4,54.4,59.4,
2820803,18445.7,18445.7,,1563.0,1724.0,49.8,58.0,63.4,
2820898,707.0,707.0,,59.0,64.0,38.6,47.5,52.3,
2821086,10324.7,10324.7,,909.0,589.0,,,,
2821261,3615.7,3615.7,,307.0,361.0,41.4,48.5,53.3,
2824768,335.3,335.3,,57.0,34.0,32.0,41.8,47.3,
2836236,870.3,906.5,798.0,62.0,118.0,21.7,31.7,34.7,
2839436,501.0,512.5,478.0,34.0,47.0,23.0,31.7,34.5,
2842418,684.0,687.5,677.0,46.0,60.0,27.3,34.2,38.4,
2842508,8066.0,8066.0,,664.0,848.0,38.8,48.1,54.1,
2854059,32157.3,32157.3,,1567.0,2383.0,,,,
2874263,1959.0,1959.0,,168.0,164.0,38.4,48.2,52.9,
2874285,2546.0,2546.0,,209.0,225.0,37.9,46.0,49.8,
2884176,7603.7,7603.7,,700.0,511.0,,,,
2884227,9532.7,9532.7,,632.0,721.0,,,,
2884350,7494.0,7494.0,,414.0,425.0,30.1,41.7,47.3,
2884353,6931.3,6931.3,,358.0,402.0,30.8,42.1,48.3,
2884873,1849.5,1849.5,,220.0,178.0,38.0,47.0,52.8,
2893381,10115.7,10115.7,,620.0,940.0,,,,
2893418,2123.2,2123.2,,166.0,176.0,,,,0.071
2893461,9335.0,9335.0,,1100.0,623.0,,,,
2893636,4595.3,4595.3,,402.0,424.0,,,,
2893805,7587.3,7587.3,,397.0,704.0,52.7,59.9,66.3,
2903362,3896.0,3896.0,,403.0,352.0,43.7,54.5,59.5,
2903468,3184.0,3184.0,,254.0,343.0,36.0,44.8,49.8,
2903472,7935.3,7935.3,,642.0,674.0,39.3,46.8,51.7,
2904679,1524.3,1524.3,,117.0,126.0,,,,
2904680,635.0,635.0,,51.0,60.0,24.6,33.9,38.3,
2905626,14133.7,14133.7,,932.0,1131.0,,,,
2905837,15036.3,15036.3,,1081.0,1036.0,,,,
2917480,1119.0,1119.0,,112.0,87.0,33.6,42.6,46.9,
2917523,219.0,219.0,,23.0,22.0,18.3,27.6,29.8,
2917726,20209.5,20209.5,,1589.0,1675.0,62.4,71.2,78.3,
2917728,17750.7,17750.7,,1121.0,1168.0,,,,
2920354,7898.7,7898.7,,701.0,773.0,,,,
2920360,20545.0,20545.0,,1575.0,1547.0,,,,
2920545,2713.0,2713.0,,236.0,274.0,45.7,53.8,59.7,
2920777,4561.0,4561.0,,303.0,406.0,,,,
2921059,1359.0,1359.0,,209.0,143.0,30.0,37.0,39.9,
2944411,702.3,702.3,,55.0,55.0,37.0,46.6,49.9,
2945620,229.5,229.5,,32.0,24.0,31.4,39.2,44.1,
2950062,1380.3,1380.3,,110.0,138.0,,,,
2967295,13672.7,13672.7,,931.0,1233.0,,,,
2967336,7442.0,7442.0,,802.0,577.0,,,,
2967346,1196.0,1196.0,,159.0,118.0,36.8,44.2,48.8,
2981064,2149.0,2149.0,,300.0,235.0,43.6,52.8,58.3,
2981200,98.5,98.5,,16.0,17.0,14.6,23.3,24.9,
2984597,1934.3,1934.3,,169.0,161.0,,,,
2984771,2307.0,2307.0,,314.0,231.0,43.4,52.3,57.8,
2986349,4695.0,4695.0,,360.0,404.0,39.6,47.2,51.6,
2991651,9479.0,9479.0,,642.0,1052.0,,,,
2992089,6086.8,6716.5,5457.0,885.0,390.0,,,,
3008327,955.5,955.5,,120.0,118.0,41.1,48.5,53.4,
3008328,1062.0,1062.0,,219.0,112.0,44.8,52.8,57.7,
3011699,26612.4,27003.8,25634.0,1583.0,1793.0,53.0,62.6,68.7,
3016148,346.0,346.0,,33.0,36.0,35.0,41.6,44.4,
3031353,2183.0,2183.0,,227.0,221.0,35.1,43.4,48.1,
3031663,1860.0,1860.0,,199.0,173.0,38.2,46.7,51.7,
3040726,624.0,624.0,,45.0,76.0,31.2,39.0,43.7,
3040786,1212.0,1212.0,,98.0,127.0,32.9,39.5,44.1,
3049194,1391.0,1391.0,,168.0,131.0,41.5,49.0,53.8,
3049683,4075.3,4075.3,,345.0,331.0,39.3,46.1,49.6,
3051492,3732.3,3732.3,,359.0,242.0,,,,
3051493,3031.7,3031.7,,206.0,273.0,37.2,43.7,49.1,
3051494,3333.0,3333.0,,314.0,261.0,,,,
3054043,4105.0,4105.0,,364.0,364.0,36.9,44.7,49.4,
3057642,7180.7,7180.7,,506.0,887.0,,,,
3065726,2768.0,2768.0,,371.0,264.0,38.1,45.0,50.0,
3065748,11800.6,12133.2,10969.0,777.0,767.0,,,,
3065754,14717.3,14717.3,,672.0,993.0,,,,
3065779,2883.0,2883.0,,270.0,261.0,32.2,38.8,42.9,
3065783,2937.5,2937.5,,303.0,270.0,32.9,39.4,43.9,
3065787,2515.5,2515.5,,288.0,211.0,36.6,43.7,48.1,
3065863,1883.0,1883.0,,141.0,190.0,45.5,53.6,58.8,
3072670,545.7,545.7,,39.0,46.0,32.7,42.2,47.0,
3072730,2767.5,2767.5,,255.0,226.0,37.0,43.7,48.1,
3072773,5674.7,5674.7,,413.0,631.0,,,,
3072790,2911.7,2911.7,,259.0,241.0,,,,
3072827,1874.0,1874.0,,181.0,221.0,31.8,39.1,44.0,
3072834,7288.0,7288.0,,603.0,739.0,,,,
3082650,2289.7,2289.7,,205.0,202.0,39.6,47.7,52.0,
3083026,1412.0,1412.0,,102.0,112.0,34.8,43.2,47.9,
3083027,2234.0,2234.0,,202.0,204.0,58.8,68.1,74.0,
3086202,14857.0,14857.0,,1141.0,1345.0,,,,
3088146,1487.0,1487.0,,228.0,149.0,40.0,48.3,53.4,
3093106,774.0,774.0,,67.0,70.0,42.4,49.8,54.7,
3093170,357.0,357.0,,31.0,1.0,35.8,47.6,53.4,
3093392,788.0,788.0,,82.0,84.0,38.0,44.6,48.9,
3102849,2009.7,2009.7,,210.0,224.0,38.2,44.3,48.6,
3104642,2000.5,2000.5,,156.0,205.0,35.4,47.7,52.4,
3107766,1865.3,1865.3,,168.0,169.0,39.5,46.5,49.9,
3111364,1792.3,1792.3,,158.0,193.0,,,,
3111476,989.7,989.7,,103.0,100.0,36.7,44.2,48.8,
3111557,1950.0,1950.0,,257.0,218.0,39.2,47.9,53.2,
3111593,623.7,623.7,,91.0,46.0,27.7,34.6,38.6,
3115705,1339.3,1339.3,,152.0,180.0,30.8,37.2,39.9,
3121347,7109.3,7109.3,,607.0,723.0,,,,
3121399,326.3,326.3,,82.0,70.0,28.3,35.0,39.7,
3121452,5545.7,5545.7,,579.0,620.0,59.7,66.9,71.7,
3125849,16698.0,16698.0,,1121.0,1385.0,53.8,64.1,68.8,
3130453,980.0,980.0,,83.0,79.0,27.2,38.1,43.1,
3130598,6861.0,6861.0,,522.0,539.0,30.6,39.1,43.6,
3130612,1398.7,1398.7,,117.0,151.0,31.9,38.4,42.2,
3147580,5870.0,5870.0,,607.0,461.0,32.8,39.9,44.2,
3154256,6331.6,6624.0,5600.5,429.0,405.0,34.8,42.6,48.0,
3177633,1309.0,1309.0,,92.0,95.0,18.7,27.5,31.7,
3202160,2749.3,2749.3,,271.0,276.0,32.0,38.7,42.8,
3202233,1067.0,1067.0,,75.0,120.0,37.5,46.7,51.7,
3202314,942.7,942.7,,50.0,118.0,31.8,38.2,41.4,
3202433,1246.0,1246.0,,78.0,152.0,29.1,34.6,38.7,
3216951,12451.7,12451.7,,859.0,1180.0,,,,
3232728,15189.7,15189.7,,922.0,1086.0,,,,
3232748,15747.7,15747.7,,1096.0,1308.0,,,,
3232919,1387.3,1387.3,,111.0,132.0,26.1,34.3,39.1,
3244642,870.7,870.7,,98.0,114.0,30.2,38.2,42.8,
3244690,543.0,543.0,,74.0,47.0,39.9,46.9,51.2,
3244890,2388.3,2388.3,,275.0,231.0,31.1,38.8,43.4,
3244933,215.0,215.0,,16.0,23.0,36.9,47.9,54.0,
3246804,957.0,957.0,,133.0,83.0,40.5,49.2,54.0,
3252289,1010.0,1010.0,,154.0,126.0,40.5,52.1,58.6,
3252682,2085.0,2085.0,,228.0,231.0,37.1,44.8,51.2,
3256251,8100.0,8100.0,,739.0,684.0,,,,
3259848,9400.0,9400.0,,743.0,984.0,,,,
3267181,780.0,780.0,,93.0,82.0,36.8,44.2,49.0,
3272063,9537.3,9537.3,,617.0,844.0,,,,
3307061,198.5,198.5,,13.0,23.0,34.1,44.4,49.4,
3326891,2545.3,2545.3,,189.0,192.0,41.1,49.5,54.6,
3326929,13019.0,13019.0,,983.0,966.0,,,,
3326992,17661.3,17661.3,,1335.0,1265.0,,,,
3327026,1059.0,1059.0,,156.0,112.0,28.8,34.8,39.0,
3327053,20877.0,20877.0,,1180.0,1894.0,,,,
3327055,25698.0,25698.0,,1699.0,1958.0,58.2,68.1,74.4,
3327137,6474.3,6474.3,,362.0,641.0,,,,
3327208,24679.3,24679.3,,2270.0,1531.0,,,,
3331569,605.0,605.0,,54.0,76.0,39.9,48.6,53.8,
3337339,2089.7,2089.7,,200.0,201.0,40.7,47.7,51.5,
3337466,155.0,155.0,,14.0,11.0,24.8,34.3,39.4,
3337527,2376.0,2620.8,1764.0,173.0,221.0,27.8,37.1,41.9,
3354603,43430.3,43430.3,,2995.0,3015.0,,,,
3369767,35746.0,35746.0,,2634.0,2661.0,,,,
3369787,13013.3,13013.3,,1307.0,766.0,,,,
3369829,40245.0,40245.0,,2917.0,2876.0,,,,
3386535,167.0,167.0,,15.0,20.0,27.0,37.5,41.4,
3386795,6287.0,6287.0,,297.0,656.0,,,,
3386806,670.0,670.0,,80.0,73.0,37.4,46.0,49.9,
3440718,28295.3,28295.3,,1826.0,1680.0,41.5,55.0,64.4,
3440737,20678.0,20678.0,,1665.0,1393.0,,,,
3440739,1688.3,1688.3,,102.0,154.0,35.1,44.9,51.2,
3440791,1448.3,1448.3,,89.0,137.0,38.2,47.1,52.3,
3461579,22174.7,22174.7,,1130.0,2328.0,,,,
3484509,19575.7,19575.7,,971.0,2222.0,,,,
3484534,42619.3,43942.9,40413.3,3017.0,3162.0,,,,
3497164,25311.0,25311.0,,1528.0,1619.0,53.6,63.6,69.2,
3497264,40687.0,40687.0,,2833.0,3374.0,,,,
3497265,18274.0,18274.0,,1923.0,1121.0,,,,
3497322,33347.3,33347.3,,2121.0,2153.0,,,,
3497808,16218.7,16218.7,,1008.0,1372.0,,,,
3503080,8274.7,8274.7,,781.0,590.0,,,,
3521896,343.0,343.0,,32.0,28.0,21.1,28.3,32.4,
3563761,1449.0,1449.0,,170.0,142.0,44.3,56.1,62.5,
3563796,397.0,397.0,,43.0,60.0,41.1,51.5,57.1,
3569437,11514.0,11514.0,,1410.0,991.0,,,,
3599986,15495.4,17521.4,10430.5,1466.0,1411.0,,,,
3614181,877.3,877.3,,117.0,78.0,19.4,28.1,31.4,
3633174,2255.0,2255.0,,98.0,493.0,,,,
3633443,30850.3,30850.3,,1615.0,2197.0,,,,
3633500,20708.7,20708.7,,1565.0,1314.0,,,,
3671662,31430.3,31430.3,,1870.0,2224.0,,,,
3671663,32862.3,32862.3,,2003.0,2270.0,,,,
3675265,3464.0,3464.0,,238.0,314.0,,,,
3719548,2232.0,2232.0,,128.0,188.0,,,,
3735806,496.0,496.0,,47.0,55.0,35.5,43.9,49.0,
3739890,11480.3,11480.3,,563.0,711.0,,,,
3766807,37543.3,37543.3,,2972.0,2810.0,,,,
3766842,19666.0,19666.0,,1656.0,1500.0,,,,
3800927,54856.0,54856.0,,4691.0,4658.0,62.7,73.1,79.3,
3814295,363.3,363.3,,24.0,30.0,26.3,34.6,39.4,
3814811,24206.3,24206.3,,2465.0,1842.0,,,,
3814960,18887.3,18887.3,,1357.0,1624.0,,,,
3829223,13651.0,14171.6,12349.5,1046.0,1146.0,63.1,71.8,77.8,
3829272,8928.3,8928.3,,722.0,728.0,,,,
3829409,9448.0,9448.0,,645.0,757.0,,,,
3841896,12201.7,12353.8,11821.5,525.0,1244.0,,,,
3842020,5871.0,5871.0,,693.0,483.0,,,,
3872911,12593.3,12593.3,,791.0,1091.0,,,,
3872912,8865.0,8865.0,,653.0,750.0,44.2,49.8,56.3,
3890945,6682.0,6682.0,,471.0,548.0,33.9,41.4,44.8,
3897184,14546.0,14546.0,,1568.0,903.0,,,,
3897484,468.3,468.3,,59.0,44.0,29.8,41.6,46.3,
3897559,1254.3,1254.3,,98.0,97.0,,,,
3897681,6931.0,6931.0,,444.0,507.0,45.2,53.2,58.4,
3897788,328.0,328.0,,25.0,33.0,25.5,32.8,34.8,
3905080,720.0,720.0,,71.0,76.0,31.4,38.5,42.7,
3948466,24954.7,24954.7,,2100.0,2070.0,55.9,64.0,69.1,
3959332,3802.1,3862.2,3652.0,243.0,246.0,,,,0.176
3959348,811.0,811.0,,50.0,77.0,20.6,29.9,34.6,
3959496,11016.0,11016.0,,707.0,848.0,40.3,48.7,53.8,
3969571,4517.0,4825.7,4054.0,304.0,365.0,32.7,39.8,44.5,
3969874,17121.0,17121.0,,1508.0,1644.0,,,,
3994385,5392.6,5392.6,,300.0,317.0,,,,0.033
4015060,9485.3,10433.8,7114.0,1262.0,666.0,,,,
4023418,9725.7,9725.7,,578.0,765.0,,,,
4030552,28064.3,28064.3,,1985.0,2222.0,31.3,43.2,49.1,
4030663,4957.0,4957.0,,559.0,329.0,,,,
4050629,787.7,787.7,,46.0,78.0,26.6,33.9,38.0,
4110391,1581.0,1581.0,,112.0,133.0,40.7,48.1,52.6,
4124713,2217.0,2217.0,,210.0,200.0,40.5,49.5,54.8,
4132242,1014.0,1014.0,,120.0,114.0,35.1,43.2,48.3,
4153039,438.7,438.7,,28.0,51.0,30.6,39.3,44.5,
4153067,9286.7,9286.7,,1116.0,605.0,,,,
4153077,22174.7,22174.7,,1517.0,1546.0,62.6,69.8,76.5,
4153965,18314.3,18314.3,,1865.0,1539.0,,,,
4173387,23005.7,23005.7,,1360.0,1768.0,,,,
4206469,6640.0,6640.0,,534.0,606.0,45.9,52.3,57.0,
4206638,1596.3,1596.3,,242.0,190.0,45.8,54.5,60.0,
4223571,13144.7,13175.6,13067.5,1131.0,752.0,,,,
4228470,29673.7,29673.7,,2219.0,2276.0,,,,
4228718,20506.0,20506.0,,2524.0,1147.0,,,,
4232512,647.0,647.0,,46.0,61.0,36.5,44.0,48.9,
4232679,301.0,301.0,,43.0,31.0,32.6,39.7,44.7,
4257358,7776.0,7776.0,,541.0,550.0,,,,
4257384,10568.0,10568.0,,487.0,994.0,,,,
4257405,5050.0,5050.0,,258.0,527.0,,,,
4306558,2780.0,2780.0,,274.0,304.0,37.4,44.1,48.8,
4309348,2214.0,2214.0,,134.0,182.0,42.7,49.7,54.3,
4330138,2668.7,2668.7,,528.0,285.0,,,,
4333290,1869.0,1869.0,,143.0,175.0,,,,
4336107,24080.7,24080.7,,1624.0,1645.0,,,,
4336386,23667.7,23667.7,,1485.0,1755.0,43.7,52.9,58.4,
4347047,114.7,114.7,,8.0,10.0,23.5,34.6,41.7,
4355284,14882.0,14882.0,,1321.0,1277.0,57.2,67.4,73.7,
4368146,32949.3,32949.3,,2106.0,2404.0,53.7,59.7,64.7,
4368192,22949.0,22949.0,,1514.0,1966.0,,,,
4368195,44823.3,44823.3,,2954.0,3193.0,,,,
4374686,1355.0,1355.0,,148.0,152.0,34.4,39.5,43.7,
4378194,4936.7,5023.4,4720.0,316.0,414.0,,,,
4382042,18911.7,18911.7,,1415.0,1529.0,,,,
4417422,16741.0,17420.6,15042.0,742.0,1727.0,,,,
4429233,39206.7,39206.7,,2612.0,2947.0,,,,
4435020,36709.3,36709.3,,2525.0,2692.0,,,,
4435728,965.0,965.0,,85.0,131.0,,,,0.038
4436223,22431.0,22431.0,,1607.0,1906.0,,,,
4476173,24376.3,24376.3,,1452.0,1345.0,45.2,56.1,62.5,
4512492,12980.0,12980.0,,1230.0,905.0,61.3,69.7,76.0,
4515411,22196.4,22791.0,20710.0,2209.0,1491.0,,,,
4570662,15729.3,15729.3,,1665.0,1350.0,,,,
4570674,26945.3,26945.3,,2348.0,2469.0,,,,
4570685,6806.0,6806.0,,457.0,491.0,50.3,62.3,68.5,
4570695,11233.0,11233.0,,1022.0,991.0,63.4,70.0,76.1,
4570759,4355.0,4355.0,,515.0,339.0,,,,
4605051,19444.3,19444.3,,991.0,1999.0,,,,
4616704,14453.3,14453.3,,1767.0,784.0,,,,
4645038,11991.7,11991.7,,654.0,925.0,,,,
4684710,16693.7,16693.7,,996.0,1442.0,,,,
4684751,8699.9,8908.6,8178.0,578.0,637.0,,,,
4697714,12397.0,12397.0,,1278.0,754.0,,,,
4709499,13251.3,13251.3,,1261.0,1232.0,52.3,61.9,66.8,
4709500,19994.7,22331.4,14153.0,1996.0,2399.0,,,,
4709506,5716.0,5716.0,,441.0,564.0,40.3,47.2,49.7,
4709511,5018.0,5018.0,,353.0,480.0,37.4,47.0,52.4,
4709536,22513.7,22513.7,,1526.0,1715.0,55.3,63.8,69.4,
4720106,1492.0,1492.0,,186.0,104.0,38.9,46.4,49.9,
4723654,39123.7,39123.7,,2678.0,2863.0,,,,
4723667,1233.0,1233.0,,99.0,114.0,40.7,48.6,53.6,
4744579,837.0,837.0,,98.0,88.0,39.5,48.8,54.0,
4786610,644.7,644.7,,66.0,78.0,29.5,37.4,39.9,
4786672,10260.3,10260.3,,1194.0,871.0,,,,
4792368,6889.0,6889.0,,577.0,663.0,,,,
4792397,11730.3,11730.3,,775.0,1310.0,,,,
4792401,9406.0,9406.0,,948.0,865.0,51.1,58.9,63.9,
4807577,18593.7,18593.7,,1290.0,1582.0,,,,
4831556,35257.3,35257.3,,2796.0,3095.0,,,,
4833213,20476.0,20476.0,,1465.0,1646.0,,,,
4833329,2815.5,2815.5,,249.0,301.0,,,,
4840421,305.0,305.0,,25.0,28.0,17.5,27.3,31.7,
4840625,13851.6,14902.8,12099.7,1471.0,1027.0,,,,
4840733,11512.0,11512.0,,1251.0,807.0,,,,
4840740,1191.0,1191.0,,91.0,119.0,,,,
4845560,6873.3,6873.3,,492.0,541.0,,,,
4845565,2544.3,2544.3,,168.0,192.0,22.7,31.5,34.6,
4845569,633.7,633.7,,52.0,66.0,14.1,23.7,28.9,
4876070,44570.7,44570.7,,3082.0,3068.0,,,,
4876103,16343.3,16343.3,,1468.0,1096.0,,,,
4885295,2787.0,2787.0,,348.0,336.0,35.4,43.4,47.8,
4885338,1568.0,1568.0,,179.0,194.0,30.5,37.1,42.6,
4889373,14617.0,15561.4,12256.0,1249.0,1376.0,,,,0.026
4889971,2004.0,2004.0,,241.0,190.0,44.6,53.2,58.5,
4895516,2934.3,2934.3,,277.0,429.0,61.2,68.8,74.6,
4895534,67.3,67.3,,7.0,6.0,,,,
4907227,13950.0,13950.0,,677.0,1053.0,,,,
4907335,2910.3,2910.3,,320.0,239.0,,,,
4907540,853.7,853.7,,55.0,84.0,23.9,31.2,34.5,
4920122,8450.0,8450.0,,972.0,685.0,,,,
4940064,15567.7,15567.7,,1196.0,1202.0,51.1,59.1,64.5,
4940118,6566.7,6566.7,,898.0,381.0,,,,
4954980,9794.7,9794.7,,829.0,770.0,,,,
4968499,9469.7,9469.7,,948.0,615.0,,,,
4975185,13310.1,14196.4,11094.5,897.0,1630.0,,,,
4989811,7856.3,7856.3,,505.0,556.0,37.7,47.8,52.7,
4989825,9696.3,9696.3,,754.0,696.0,41.3,49.9,55.0,
4989914,258.0,258.0,,26.0,23.0,31.4,38.6,43.3,
4989940,8165.0,8165.0,,531.0,468.0,26.6,42.1,51.4,
4989955,2566.0,2566.0,,286.0,262.0,41.6,48.9,53.7,
4995842,13476.3,13476.3,,985.0,1157.0,,,,
4995843,12322.7,12322.7,,1405.0,820.0,,,,
5000479,1729.0,1729.0,,121.0,167.0,42.9,52.5,57.6,
5016225,2117.0,2117.0,,192.0,164.0,42.0,49.4,54.6,
5016334,3099.3,3099.3,,207.0,293.0,,,,
5024208,2708.0,2708.0,,262.0,233.0,37.5,44.1,49.1,
5024262,21266.0,21266.0,,1570.0,1794.0,,,,
5047759,9861.3,9861.3,,689.0,961.0,,,,
5066228,2564.3,2564.3,,191.0,207.0,33.6,39.9,44.7,
5066262,26099.4,27683.8,22138.5,1489.0,2594.0,,,,
5070474,7710.3,7710.3,,896.0,577.0,,,,
5070480,175.7,175.7,,13.0,14.0,27.9,37.9,43.2,
5070578,8287.0,8287.0,,590.0,700.0,54.7,63.7,69.3,
5070621,11984.3,11984.3,,873.0,946.0,,,,
5070833,12997.7,12997.7,,1106.0,1095.0,,,,
5087274,15659.3,15659.3,,1145.0,1320.0,,,,
5101510,1596.3,1596.3,,112.0,130.0,41.1,48.9,54.2,
5102026,13353.7,13353.7,,1263.0,1138.0,,,,
5145162,5717.3,5717.3,,809.0,437.0,,,,
5145339,232.0,232.0,,70.0,45.0,26.4,33.5,37.7,
5158941,10624.7,10624.7,,919.0,1081.0,,,,
5171281,406.0,406.0,,69.0,51.0,31.3,41.6,46.7,
5200648,5581.0,5581.0,,413.0,510.0,35.4,43.6,48.0,
5200661,18458.3,18458.3,,1582.0,1423.0,,,,
5200664,322.0,322.0,,13.0,21.0,33.6,44.1,48.7,
5200705,26004.0,26004.0,,1843.0,1750.0,49.4,59.5,66.7,
5200718,9384.0,9384.0,,902.0,894.0,50.2,57.8,62.8,
5200728,3511.3,3511.3,,328.0,350.0,,,,
5200830,1091.0,1091.0,,153.0,103.0,41.0,48.8,53.7,
5222646,124.0,124.0,,10.0,10.0,27.0,33.6,37.3,
5266155,21044.4,21997.8,18661.0,1662.0,1820.0,,,,
5266630,3655.7,3655.7,,247.0,367.0,,,,
5273417,6026.3,6026.3,,600.0,648.0,40.6,47.2,51.3,
5273439,7314.0,7314.0,,800.0,718.0,43.6,51.4,56.6,
5281643,8264.0,8264.0,,683.0,824.0,46.0,53.2,57.7,
5290012,527.7,527.7,,41.0,54.0,32.1,39.1,43.4,
5296758,938.0,938.0,,115.0,97.0,30.9,37.8,39.9,
5307255,11760.9,12568.2,9742.5,1140.0,1033.0,,,,
5329728,3003.0,3003.0,,354.0,186.0,,,,
5336642,31586.3,31586.3,,2349.0,1943.0,,,,
5336708,27861.7,27861.7,,1961.0,1908.0,,,,
5336931,2716.5,2716.5,,360.0,261.0,49.4,57.6,62.9,
5343334,4090.0,4090.0,,162.0,470.0,,,,
5343631,24015.3,24015.3,,1849.0,2168.0,,,,
5343655,21658.3,21658.3,,1765.0,1859.0,50.7,57.8,62.8,
5350220,12636.0,12636.0,,987.0,1207.0,44.6,54.2,59.2,
5353541,16199.4,16720.4,14897.0,916.0,1258.0,41.5,48.0,51.6,
5353566,25963.0,25963.0,,1923.0,2109.0,66.2,73.5,79.2,
5353610,5380.3,5380.3,,369.0,436.0,42.8,49.1,53.8,
5353614,6318.0,6318.0,,430.0,546.0,39.8,47.4,52.2,
5353633,18662.3,18662.3,,1109.0,1962.0,,,,
5359296,1061.0,1061.0,,77.0,96.0,36.4,43.7,47.9,
5370146,4780.0,4780.0,,360.0,485.0,44.9,52.6,58.0,
5378156,2813.3,2813.3,,245.0,254.0,,,,
5378159,5881.7,5881.7,,421.0,548.0,,,,
5386858,9816.0,9816.0,,691.0,805.0,42.3,51.2,56.1,
5386873,1623.0,1623.0,,107.0,48.0,33.9,42.9,47.8,
5391254,374.0,374.0,,22.0,33.0,30.9,43.3,49.7,
5391282,16371.0,16371.0,,1317.0,1341.0,58.0,66.5,71.6,
5413210,24222.3,24222.3,,1826.0,1998.0,,,,
5413225,22111.0,22111.0,,2087.0,1331.0,,,,
5413270,12814.7,12814.7,,1027.0,877.0,,,,
5439677,13322.0,13322.0,,1025.0,1028.0,,,,
5439687,1525.0,1525.0,,137.0,214.0,,,,
5439765,18482.0,18482.0,,1247.0,1260.0,55.2,64.3,71.3,
5444633,19189.3,19189.3,,864.0,2076.0,,,,
5458002,45673.3,45673.3,,2851.0,3349.0,,,,
5478971,1473.7,1926.6,341.5,125.0,258.0,,,,0.178
5479011,12527.7,12527.7,,1273.0,946.0,,,,
5482850,28005.0,28005.0,,1880.0,2127.0,71.7,77.8,117.5,
5504128,4003.7,4003.7,,339.0,342.0,44.5,52.1,57.0,
5504514,3638.3,3638.3,,216.0,322.0,,,,
5520409,11202.0,11202.0,,964.0,1093.0,,,,
5524307,20672.0,20672.0,,1638.0,1907.0,54.8,63.0,68.4,
5524341,21514.0,21514.0,,1731.0,1873.0,55.2,63.8,69.4,
5568478,17906.7,17906.7,,1194.0,1280.0,,,,
5581059,1264.0,1264.0,,140.0,148.0,24.1,32.8,36.2,
5581068,806.3,806.3,,110.0,96.0,28.5,36.4,39.8,
5588225,1907.3,1907.3,,228.0,192.0,38.4,46.1,49.9,
5588283,1669.0,1669.0,,72.0,164.0,47.3,56.4,62.5,
5588352,1838.0,1838.0,,161.0,176.0,32.0,38.7,43.3,
5604460,9825.0,10502.0,8132.5,578.0,1179.0,,,,
5611751,13750.7,13750.7,,1038.0,1091.0,,,,
5611768,2152.0,2152.0,,157.0,203.0,39.8,51.0,57.1,
5625173,1823.3,1823.3,,158.0,194.0,,,,
5625175,8909.0,8909.0,,732.0,870.0,,,,
5650639,2260.7,2260.7,,120.0,238.0,,,,
5656576,422.3,422.3,,28.0,47.0,34.0,43.5,49.1,
5656582,263.7,263.7,,16.0,26.0,34.0,44.1,49.8,
5662786,642.0,642.0,,58.0,91.0,32.0,39.2,44.4,
5662807,3367.0,3367.0,,430.0,358.0,46.8,54.9,61.9,
5663083,2612.0,2612.0,,366.0,274.0,44.1,51.8,56.8,
5668930,15164.0,15164.0,,828.0,1249.0,,,,
5674847,1540.3,1540.3,,122.0,113.0,43.8,52.3,57.6,
5674870,7425.3,7425.3,,635.0,484.0,,,,
5674924,16749.3,16749.3,,1035.0,1426.0,,,,
5704640,320.0,320.0,,23.0,43.0,34.5,42.7,48.3,
5704657,1711.1,1939.0,1141.5,155.0,187.0,42.2,49.1,53.7,
5704662,667.0,667.0,,83.0,71.0,42.5,52.3,58.3,
5716516,10381.0,10381.0,,848.0,888.0,47.9,54.4,59.5,
5716518,6625.0,6625.0,,561.0,635.0,49.4,57.3,62.7,
5716519,8612.0,8612.0,,701.0,766.0,,,,
5716520,10279.3,10279.3,,816.0,869.0,,,,
5729401,804.7,804.7,,53.0,78.0,,,,0.044
5738167,31364.3,31364.3,,2052.0,2313.0,,,,
5788492,18061.7,18061.7,,1217.0,1220.0,47.3,56.6,62.2,
5788493,10524.3,10524.3,,733.0,718.0,39.7,47.8,52.3,
5788494,6522.4,6943.8,5469.0,567.0,507.0,,,,0.067
5819510,1911.0,1911.0,,179.0,185.0,36.5,43.5,48.1,
5826158,22490.0,22490.0,,1792.0,1926.0,,,,
5826175,16663.7,16663.7,,975.0,935.0,44.0,56.8,65.0,
5843813,20709.7,20709.7,,1220.0,1545.0,,,,
5849817,14990.0,,14990.0,,,,,,
5853647,6494.3,6494.3,,483.0,610.0,,,,
5853716,11187.3,11187.3,,1060.0,1032.0,,,,
5866210,19917.0,19917.0,,1614.0,1634.0,,,,
5868170,9640.7,10126.6,8426.0,609.0,777.0,,,,
5868308,3532.0,3532.0,,288.0,468.0,39.1,46.5,51.7,
5944815,2398.1,2574.2,1958.0,181.0,229.0,25.0,32.9,37.1,
5944988,2204.0,2204.0,,227.0,258.0,31.9,37.7,41.0,
5945227,25982.0,25982.0,,1978.0,2329.0,,,,
5945988,1364.3,1364.3,,90.0,113.0,40.0,49.6,56.6,
5999107,7554.4,7581.2,7487.5,463.0,490.0,39.2,46.2,49.5,
5999109,6124.0,6124.0,,442.0,454.0,36.5,43.6,47.9,
5999112,15950.9,16495.8,14588.5,1356.0,1118.0,,,,
6002161,29313.3,29313.3,,2237.0,2691.0,,,,
6005898,2802.3,2802.3,,297.0,230.0,,,,
6044946,11515.3,11515.3,,846.0,911.0,,,,
6051905,11254.7,11769.2,9968.5,740.0,1177.0,,,,
6052170,12920.3,12920.3,,1285.0,924.0,,,,
6052173,12183.7,12183.7,,732.0,1178.0,,,,
6052297,20378.0,20378.0,,1335.0,1466.0,,,,
6058164,17977.7,17977.7,,1020.0,1293.0,,,,
6058215,22019.3,22019.3,,1704.0,1563.0,,,,
6082108,4242.0,4242.0,,305.0,334.0,25.0,33.3,37.9,
6088358,19233.7,19587.2,18350.0,1494.0,1477.0,,,,
6138279,14700.7,14700.7,,1012.0,1244.0,,,,
6144845,1500.0,1500.0,,90.0,132.0,40.9,49.4,54.6,
6148490,16441.3,16441.3,,1048.0,1312.0,,,,
6148565,41495.7,41495.7,,3213.0,3298.0,,,,
6151149,13815.9,13254.8,15218.5,1166.0,1089.0,,,,
6151494,129.7,129.7,,10.0,14.0,,,,0.069
6172462,16692.3,16692.3,,2355.0,1273.0,,,,
6173966,2837.7,2837.7,,201.0,237.0,,,,
6184045,3809.0,3877.4,3638.0,355.0,348.0,37.8,46.3,51.7,
6195737,12321.3,12321.3,,1043.0,839.0,,,,
6208975,17511.3,17511.3,,1123.0,1277.0,,,,
6208980,58239.0,58239.0,,5124.0,5106.0,,,,
6242227,1400.3,1400.3,,130.0,128.0,39.0,48.1,53.3,
6242278,1372.7,1372.7,,123.0,137.0,33.3,41.3,46.0,
6242279,1205.0,1205.0,,66.0,120.0,31.5,38.7,43.0,
6242369,2195.5,2195.5,,185.0,184.0,34.6,43.4,48.5,
6242399,1834.7,1834.7,,131.0,161.0,,,,
6242498,11856.7,11856.7,,924.0,992.0,,,,
6261355,2002.5,2002.5,,334.0,162.0,36.9,44.4,49.0,
6275626,2278.3,2278.3,,96.0,588.0,,,,
6275627,3028.0,3028.0,,291.0,586.0,64.3,73.3,79.0,
6275631,1481.3,1481.3,,101.0,197.0,54.0,64.1,69.7,
6282904,732.0,732.0,,88.0,92.0,35.4,43.8,48.6,
6291701,4228.0,4228.0,,361.0,345.0,57.5,67.6,72.9,
6291702,4211.0,4211.0,,357.0,359.0,57.6,67.7,72.6,
6291751,3619.7,3619.7,,367.0,261.0,,,,
6291757,3184.7,3184.7,,329.0,252.0,,,,
6291804,4437.3,4437.3,,395.0,370.0,,,,
6291825,8164.0,8164.0,,769.0,761.0,56.6,64.8,71.5,
6291949,1582.5,1582.5,,102.0,202.0,33.7,41.9,46.4,
6291950,1586.0,1586.0,,130.0,208.0,38.0,47.6,52.6,
6294638,13045.3,13045.3,,668.0,1544.0,,,,
6313056,15477.7,16531.6,12843.0,1211.0,1354.0,,,,
6314757,16779.3,16779.3,,951.0,1247.0,32.8,42.7,48.2,
6322173,13302.6,13962.2,12203.3,1087.0,982.0,,,,
6332527,1341.0,1341.0,,253.0,143.0,36.1,44.4,49.7,
6332557,17237.7,17237.7,,948.0,1508.0,,,,
6332605,16493.0,16493.0,,999.0,1322.0,,,,
6338808,14130.7,14130.7,,714.0,1317.0,,,,
6341027,10964.0,10964.0,,793.0,848.0,51.8,61.4,66.4,
6341033,9256.0,9256.0,,525.0,753.0,,,,
6341291,7104.3,7104.3,,373.0,708.0,,,,
6345158,19846.7,20596.4,17972.5,1816.0,1236.0,,,,
6349680,474.0,474.0,,70.0,28.0,,,,
6349684,6947.7,6947.7,,812.0,820.0,,,,
6349869,10386.0,10386.0,,589.0,809.0,51.2,58.3,63.4,
6349934,55344.7,55344.7,,3592.0,3482.0,,,,
6349994,5137.3,5137.3,,515.0,585.0,33.3,39.5,44.0,
6355162,1358.0,1358.0,,144.0,121.0,36.2,43.3,47.3,
6355883,546.5,546.5,,54.0,48.0,22.9,29.7,34.2,
6362435,859.3,859.3,,92.0,104.0,36.7,44.5,49.7,
6362827,10447.7,10447.7,,685.0,975.0,,,,
6375088,25898.7,25898.7,,2034.0,2189.0,49.2,57.4,62.5,
6387832,196.0,196.0,,24.0,19.0,31.9,38.8,42.7,
6388011,17547.0,17547.0,,1268.0,1439.0,,,,
6388018,28464.0,28464.0,,2029.0,1863.0,,,,
6408248,22330.3,22330.3,,2325.0,1480.0,,,,
6427437,12316.0,12316.0,,1259.0,815.0,,,,
6427485,13971.0,13971.0,,961.0,1133.0,,,,
6427669,1492.3,1492.3,,84.0,145.0,27.2,34.9,42.5,
6427772,890.7,890.7,,99.0,81.0,33.7,42.6,47.1,
6436410,20439.7,20439.7,,1375.0,1324.0,,,,
6444532,16153.3,17878.0,11841.5,1709.0,1247.0,,,,
6444533,15544.3,15544.3,,652.0,1493.0,,,,
6453264,320.0,320.0,,37.0,34.0,33.8,43.1,47.9,
6453312,15000.0,15000.0,,1890.0,870.0,,,,
6453313,13499.0,13499.0,,596.0,1345.0,,,,
6461264,5306.0,5306.0,,452.0,438.0,52.6,59.8,66.8,
6476403,720.0,720.0,,52.0,64.0,26.0,34.0,38.3,
6494983,459.0,459.0,,39.0,54.0,30.3,39.0,44.0,
6511794,12023.0,12023.0,,685.0,1087.0,,,,
6522371,2211.0,2211.0,,211.0,236.0,18.0,29.6,34.6,
6522404,9863.3,9863.3,,537.0,774.0,,,,
6522409,628.0,628.0,,37.0,62.0,29.9,39.2,44.4,
6522648,34903.7,34903.7,,2415.0,2603.0,,,,
6522916,548.5,548.5,,57.0,48.0,19.6,29.2,33.5,
6535081,6289.3,6289.3,,269.0,587.0,,,,
6535342,21223.3,21223.3,,1320.0,1331.0,,,,
6535347,1670.0,1670.0,,103.0,136.0,45.1,52.4,57.6,
6547241,7968.0,7968.0,,652.0,849.0,42.2,52.6,57.4,
6570176,318.0,318.0,,39.0,42.0,21.8,32.7,37.7,
6597992,364.3,364.3,,23.0,31.0,,,,
6619772,560.3,560.3,,46.0,52.0,27.3,34.8,39.4,
6620281,6566.7,6566.7,,421.0,493.0,31.8,38.5,42.5,
6624394,3956.9,4239.6,3250.0,345.0,243.0,,,,0.126
6628474,6547.0,6547.0,,800.0,419.0,,,,
6682257,17584.7,17584.7,,1158.0,1379.0,,,,
6686424,12558.7,12558.7,,675.0,1091.0,,,,
6706072,16688.3,16688.3,,1450.0,1251.0,,,,
6709987,2372.0,2372.0,,153.0,208.0,30.5,39.4,46.2,
6710177,19710.3,19710.3,,1344.0,1395.0,,,,
6727829,4937.3,4937.3,,350.0,431.0,,,,
6733590,9278.5,9278.5,,888.0,1097.0,49.1,57.1,62.1,
6735853,3695.0,3695.0,,435.0,361.0,41.5,48.1,52.5,
6735887,7216.3,7216.3,,528.0,695.0,,,,
6738419,729.0,729.0,,55.0,74.0,41.0,51.3,57.4,
6738458,7109.0,7109.0,,699.0,721.0,36.5,43.2,46.4,
6765655,9694.5,9694.5,,921.0,894.0,44.6,52.4,57.0,
6765759,18897.7,18897.7,,1322.0,1283.0,33.8,43.5,48.8,
6772022,14810.7,14810.7,,1247.0,1237.0,,,,
6786837,16738.0,16738.0,,907.0,1740.0,,,,
6793439,16530.7,16530.7,,1613.0,1152.0,,,,
6820992,2016.0,2016.0,,201.0,194.0,,,,
6821006,1202.0,1202.0,,65.0,126.0,41.0,49.5,54.5,
6821010,1544.0,1544.0,,87.0,164.0,43.8,51.1,54.7,
6837652,14153.7,14153.7,,717.0,1313.0,,,,
6837741,6431.0,6431.0,,720.0,389.0,,,,
6837743,8368.0,8368.0,,567.0,782.0,,,,
6837747,10902.0,10902.0,,569.0,875.0,,,,
6853470,11126.0,11126.0,,347.0,910.0,,,,
6853471,3528.0,3528.0,,365.0,192.0,,,,
6853472,1217.0,1217.0,,54.0,106.0,,,,
6853473,9883.0,9883.0,,736.0,1104.0,,,,
6853474,34875.0,34875.0,,2103.0,2551.0,,,,
6868880,3511.0,3511.0,,315.0,430.0,34.8,42.4,47.0,
6868897,5521.3,5521.3,,417.0,485.0,,,,
6878665,328.0,328.0,,25.0,35.0,27.7,38.4,43.0,
6942608,470.0,470.0,,30.0,44.0,21.3,29.9,36.1,
6942628,482.0,482.0,,76.0,50.0,35.8,43.4,48.4,
6942976,2731.0,2731.0,,259.0,286.0,39.4,47.4,51.9,
6943002,1271.4,1392.8,968.0,109.0,179.0,67.9,74.9,106.5,
6947330,4185.0,4185.0,,447.0,322.0,,,,
6947359,11670.3,11670.3,,907.0,963.0,48.4,56.3,61.4,
6947363,3068.1,3254.7,2601.5,130.0,313.0,,,,0.087
6947367,9446.3,9446.3,,709.0,835.0,57.1,64.3,69.8,
6963114,28710.3,28710.3,,2093.0,2508.0,,,,
7009490,14535.0,14535.0,,1142.0,1190.0,64.3,72.9,78.1,
7017604,24675.3,24675.3,,1609.0,1830.0,,,,
7027930,4299.0,4299.0,,405.0,365.0,,,,
7033919,5852.5,5852.5,,536.0,517.0,44.6,51.2,54.7,
7033940,5638.0,5638.0,,443.0,525.0,31.2,38.3,42.7,
7033953,6586.5,6586.5,,465.0,569.0,38.0,44.5,49.1,
7033975,1434.0,1434.0,,193.0,152.0,32.6,38.5,43.1,
7042131,3026.3,3026.3,,225.0,326.0,,,,
7062864,3123.0,3123.0,,277.0,338.0,42.0,49.2,54.1,
7062950,5220.3,5220.3,,369.0,405.0,38.0,44.7,49.6,
7062958,1435.3,1435.3,,96.0,205.0,28.1,34.2,38.9,
7062996,28360.7,28360.7,,2130.0,2693.0,,,,
7063031,2495.6,2961.2,1331.5,209.0,211.0,46.4,57.1,63.4,
7063044,6801.7,6801.7,,397.0,818.0,,,,
7063113,11446.0,11446.0,,921.0,925.0,,,,
7063369,6220.0,6220.0,,462.0,569.0,,,,
7074274,23165.0,23165.0,,1773.0,2123.0,56.9,64.2,69.3,
7074419,3842.5,3842.5,,318.0,356.0,34.6,42.9,48.4,
7094712,217.0,217.0,,17.0,24.0,37.8,48.3,54.6,
7094826,16999.0,16999.0,,1422.0,1194.0,,,,
7094858,19357.7,19357.7,,1492.0,1615.0,,,,
7094869,3188.0,3188.0,,303.0,270.0,41.6,49.7,57.7,
7102975,15713.7,15713.7,,928.0,1068.0,,,,0.199
7103121,1034.0,1034.0,,153.0,105.0,28.4,36.7,39.8,
7103299,543.0,543.0,,43.0,54.0,34.5,44.2,49.4,
7103337,16684.0,16684.0,,1291.0,1202.0,,,,
7110841,2191.7,2191.7,,305.0,237.0,32.8,39.1,43.7,
7110986,1820.0,1820.0,,179.0,159.0,37.5,46.6,52.7,
7118468,2605.0,2605.0,,283.0,248.0,36.3,43.9,48.8,
7122890,201.0,201.0,,31.0,20.0,35.6,46.6,54.3,
7123096,8699.0,8699.0,,980.0,723.0,40.0,47.6,52.5,
7129939,729.0,729.0,,227.0,96.0,31.3,39.8,46.3,
7130412,1075.0,1075.0,,108.0,87.0,33.8,39.7,44.3,
7130472,1615.0,1615.0,,156.0,156.0,34.1,41.6,46.4,
7130962,230.0,230.0,,21.0,26.0,31.6,41.5,46.3,
7130992,5146.5,5146.5,,497.0,607.0,39.6,46.6,51.1,
7131140,497.0,497.0,,64.0,45.0,34.8,47.8,54.6,
7131350,24762.0,24762.0,,1565.0,1545.0,,,,
7131408,961.3,961.3,,76.0,89.0,32.4,39.1,43.7,
7131429,26509.7,26509.7,,1840.0,1621.0,,,,
7154430,517.0,517.0,,66.0,59.0,38.5,46.9,51.5,
7154616,52144.9,53939.4,47658.5,3274.0,3411.0,,,,
7154698,8551.0,8551.0,,552.0,565.0,,,,
7154834,19171.7,19171.7,,1086.0,1729.0,,,,
7154855,428.0,428.0,,34.0,33.0,34.7,43.9,49.1,
7154887,285.0,285.0,,24.0,27.0,32.1,42.8,49.0,
7155172,2653.3,2653.3,,208.0,230.0,,,,
7155206,183.0,183.0,,18.0,19.0,24.0,34.1,39.7,
7155222,3956.0,3956.0,,256.0,373.0,,,,
7155256,39174.3,39174.3,,2941.0,3208.0,,,,
7155727,18228.9,20126.0,13486.0,1517.0,1374.0,,,,
7156908,2843.0,2843.0,,289.0,283.0,43.8,51.5,57.0,
7157310,379.0,379.0,,32.0,37.0,41.9,49.5,58.3,
7157468,4631.0,4631.0,,616.0,600.0,40.4,48.7,53.5,
7157932,8766.0,8766.0,,841.0,751.0,32.5,41.0,44.7,
7171584,1244.0,1244.0,,96.0,131.0,,,,
7171789,7696.0,7696.0,,786.0,775.0,36.3,43.6,47.8,
7171807,23905.1,24512.4,22387.0,1783.0,1619.0,,,,
7179805,18461.0,18461.0,,969.0,1377.0,,,,
7179817,37141.7,37141.7,,2173.0,2707.0,,,,
7195447,628.7,637.0,608.0,48.0,64.0,30.5,38.9,44.1,
7195478,36.5,36.5,,2.0,5.0,,,,
7195574,1217.0,1289.8,1035.0,118.0,116.0,38.7,48.8,54.3,
7195601,28477.7,28477.7,,2279.0,1826.0,,,,
7195625,14223.0,14223.0,,1137.0,1133.0,,,,
7195703,664.0,664.0,,63.0,64.0,30.9,43.1,47.9,
7195880,591.5,591.5,,68.0,63.0,33.1,43.5,48.7,
7195905,24083.7,24083.7,,1316.0,1859.0,,,,
7195911,27023.3,27023.3,,2225.0,1753.0,,,,
7196256,2034.0,2153.4,1735.5,247.0,192.0,,,,
7204482,15679.0,15679.0,,1117.0,1269.0,,,,
7204490,5146.7,5146.7,,352.0,408.0,,,,
7206743,9233.0,9233.0,,773.0,902.0,45.8,54.0,59.3,
7206810,10680.7,10680.7,,741.0,762.0,47.0,54.1,59.2,
7210828,182.5,182.5,,19.0,21.0,36.3,44.0,48.3,
7210859,3714.0,3714.0,,332.0,358.0,44.1,51.4,54.8,
7210867,3509.0,3509.0,,224.0,303.0,,,,
7211068,11021.0,11021.0,,776.0,838.0,,,,
7219321,2362.0,2362.0,,183.0,236.0,42.9,52.6,57.7,
7225873,430.0,430.0,,36.0,50.0,28.0,37.4,40.0,
7226130,15639.3,15639.3,,1101.0,1157.0,45.5,53.0,58.1,
7226317,8424.7,8424.7,,556.0,612.0,,,,
7226461,5742.7,5742.7,,410.0,500.0,44.9,51.9,56.5,
7230848,1379.0,1379.0,,136.0,130.0,35.4,42.7,46.8,
7240735,3619.7,3619.7,,225.0,282.0,,,,
7245828,8743.0,8743.0,,522.0,789.0,,,,
7254137,3880.0,3880.0,,558.0,370.0,36.4,44.8,49.8,
7254144,198.3,198.3,,10.0,30.0,,,,
7254155,17818.0,17818.0,,1370.0,1189.0,,,,
7254238,1325.7,1325.7,,196.0,152.0,28.4,34.9,40.0,
7257385,1942.7,1942.7,,177.0,170.0,,,,
7257434,628.7,628.7,,53.0,58.0,33.4,42.3,46.9,
7262532,15204.6,15622.6,14159.5,1319.0,958.0,,,,
7262650,11183.0,11183.0,,817.0,892.0,50.9,59.0,64.5,
7262750,1660.3,1660.3,,234.0,184.0,38.0,46.8,51.1,
7262833,20570.7,20570.7,,1840.0,1783.0,,,,
7273118,4322.3,4322.3,,352.0,348.0,24.1,32.0,34.7,
7273135,7688.8,7688.8,,643.0,653.0,28.4,37.8,42.0,
7273310,7014.0,7014.0,,630.0,485.0,,,,
7273443,1852.0,1852.0,,219.0,217.0,32.8,39.8,44.6,
7273539,8253.7,8253.7,,819.0,735.0,,,,
7273554,7174.0,7174.0,,700.0,621.0,45.1,51.4,54.9,
7273722,23176.0,23176.0,,2163.0,2023.0,,,,
7273832,582.7,582.7,,61.0,50.0,28.1,37.4,42.6,
7273833,12242.0,12242.0,,725.0,732.0,39.0,48.0,53.7,
7273868,16175.7,16175.7,,795.0,1360.0,,,,
7274021,10609.0,10609.0,,530.0,675.0,35.6,43.4,48.3,
7274062,7850.0,7850.0,,634.0,726.0,46.5,53.0,58.3,
7274121,4975.7,4975.7,,409.0,438.0,,,,
7274374,823.5,823.5,,153.0,114.0,39.4,48.8,54.5,
7274517,15373.0,15373.0,,839.0,997.0,33.3,43.5,52.4,
7274839,15035.3,15035.3,,692.0,1187.0,,,,
7283686,9333.0,9333.0,,608.0,718.0,,,,
7283690,745.5,745.5,,64.0,86.0,32.3,39.2,43.6,
7284304,664.0,664.0,,104.0,58.0,29.1,37.4,39.9,
7288128,2290.3,2290.3,,244.0,228.0,,,,
7296113,931.0,931.0,,66.0,90.0,40.1,48.3,53.3,
7296132,14404.7,14404.7,,1370.0,1401.0,46.9,53.9,59.0,
7304546,10825.7,10825.7,,796.0,1024.0,50.4,57.8,62.7,
7304588,15637.7,15637.7,,1471.0,1630.0,53.4,59.8,66.0,
7304828,1042.0,1042.0,,66.0,104.0,39.9,48.4,53.7,
7315521,804.0,804.0,,81.0,89.0,39.2,47.7,52.9,
7323490,675.3,675.3,,41.0,71.0,42.1,51.8,56.6,
7323729,10859.0,10859.0,,819.0,776.0,,,,
7323813,7496.7,8471.4,5060.0,665.0,695.0,54.5,64.2,69.6,
7323838,7497.0,7497.0,,576.0,584.0,51.7,61.2,67.1,
7323858,895.7,895.7,,86.0,104.0,40.2,48.1,52.8,
7323985,5737.0,5737.0,,355.0,596.0,,,,
7324227,7964.7,7964.7,,593.0,541.0,34.3,42.4,46.1,
7324803,12799.7,12799.7,,1352.0,800.0,,,,
7325462,11766.3,11766.3,,775.0,1188.0,,,,
7326383,196.0,196.0,,26.0,24.0,33.0,42.7,47.3,
7336739,43681.0,43681.0,,2964.0,3820.0,,,,
7344228,1228.0,1228.0,,204.0,148.0,41.5,49.1,53.7,
7344337,1069.0,1069.0,,199.0,96.0,43.1,57.1,62.7,
7344368,1381.0,1381.0,,138.0,165.0,40.5,49.3,54.3,
7348642,10138.0,10138.0,,980.0,724.0,,,,
7348654,4691.7,4691.7,,614.0,383.0,,,,
7348685,4469.0,4469.0,,392.0,375.0,,,,
7348725,3715.0,3715.0,,225.0,304.0,,,,
7348958,452.0,452.0,,44.0,46.0,38.0,47.8,53.2,
7349036,368.0,368.0,,54.0,69.0,37.4,47.7,53.0,
7349052,447.5,447.5,,47.0,47.0,25.2,38.1,43.7,
7359478,4662.3,4662.3,,425.0,400.0,28.9,37.1,41.0,
7359575,29318.5,29318.5,,2230.0,2450.0,59.3,68.5,74.0,
7368397,439.0,439.0,,47.0,49.0,35.2,44.8,51.2,
7368398,2125.3,2125.3,,212.0,200.0,35.7,42.8,47.2,
7368537,5594.0,5594.0,,459.0,537.0,28.1,34.7,39.0,
7368587,2034.7,2034.7,,254.0,211.0,38.1,46.5,51.1,
7368906,712.0,712.0,,45.0,70.0,31.7,42.4,47.7,
7368985,11307.0,11307.0,,867.0,690.0,43.6,49.7,54.2,
7369111,13121.7,13121.7,,942.0,824.0,48.3,56.6,61.5,
7369138,5726.0,5726.0,,350.0,449.0,43.8,52.4,57.2,
7369375,231.0,231.0,,32.0,25.0,25.9,36.7,39.8,
7369428,11323.7,11323.7,,953.0,835.0,,,,
7369481,663.0,663.0,,47.0,70.0,40.6,52.6,58.7,
7369521,13615.0,13615.0,,922.0,946.0,47.1,54.2,59.3,
7369625,25945.3,25945.3,,1942.0,2358.0,,,,
7370298,403.3,403.3,,36.0,59.0,38.7,47.7,56.8,
7389569,13506.7,13506.7,,798.0,1037.0,,,,
7389622,460.0,460.0,,41.0,41.0,29.8,41.8,47.6,
7389724,1523.0,1523.0,,96.0,200.0,40.3,49.1,54.2,
7399132,1111.3,1111.3,,106.0,127.0,38.4,49.2,54.9,
7399196,8468.0,8468.0,,618.0,657.0,58.3,68.2,73.8,
7399432,1261.3,1261.3,,115.0,111.0,33.5,41.8,46.1,
7423333,1150.5,1150.5,,97.0,105.0,36.6,47.5,53.3,
7423521,885.7,885.7,,75.0,73.0,40.1,49.5,54.8,
7423543,31281.3,31281.3,,2528.0,2366.0,,,,
7423566,14472.3,14472.3,,1738.0,848.0,,,,
7423615,1685.0,1685.0,,198.0,152.0,37.9,46.3,51.6,
7424895,10104.7,10104.7,,838.0,816.0,50.4,58.3,63.4,
7448908,1418.3,1418.3,,141.0,126.0,33.4,39.7,44.1,
7448919,11791.0,11791.0,,1065.0,1125.0,,,,
7448922,20797.7,20797.7,,1474.0,1704.0,51.6,58.9,64.2,
7457739,9903.7,9903.7,,680.0,855.0,49.8,59.4,64.6,
7457874,5379.0,5379.0,,264.0,459.0,36.3,44.0,49.0,
7466844,1161.0,1161.0,,75.0,149.0,32.3,38.8,43.4,
7466899,17008.7,17008.7,,1376.0,1220.0,41.5,49.8,54.5,
7471599,990.0,990.0,,127.0,99.0,37.0,43.9,49.1,
7471653,4956.0,4956.0,,426.0,430.0,44.4,53.4,58.8,
7471720,15304.3,15304.3,,1116.0,1208.0,,,,
7471766,9860.5,9860.5,,601.0,811.0,58.2,67.4,72.9,
7471822,961.3,961.3,,97.0,84.0,41.2,49.7,56.0,
7471864,3352.0,3352.0,,225.0,289.0,44.2,52.6,57.8,
7471922,8779.5,8779.5,,816.0,789.0,52.0,59.6,64.9,
7472031,12368.7,12368.7,,1172.0,980.0,,,,
7472038,20616.0,20616.0,,1238.0,1882.0,50.5,58.3,63.3,
7485270,4782.7,4782.7,,376.0,586.0,50.0,57.7,62.3,
7485308,9591.7,9591.7,,976.0,608.0,,,,
7487869,2452.7,2452.7,,227.0,252.0,,,,
7497255,3827.7,3827.7,,262.0,381.0,,,,
7514761,5381.0,5381.0,,445.0,501.0,48.8,56.3,61.1,
7514841,1324.0,1324.0,,104.0,148.0,35.3,42.2,45.0,
7514889,16792.7,16792.7,,946.0,1898.0,,,,
7514954,14981.6,15988.4,12464.5,1160.0,1606.0,,,,
7514972,919.0,919.0,,68.0,88.0,38.8,47.9,53.0,
7514990,13681.0,13681.0,,1076.0,1121.0,,,,
7514996,4595.7,4595.7,,366.0,530.0,,,,
7515081,15249.3,16078.0,13177.5,1412.0,1282.0,,,,
7515109,879.0,879.0,,163.0,148.0,36.3,46.5,49.8,
7515151,933.0,933.0,,96.0,107.0,44.0,53.2,58.3,
7522558,1500.0,1500.0,,117.0,139.0,32.4,38.8,43.1,
7522996,375.0,375.0,,28.0,42.0,24.4,33.9,38.8,
7523032,494.3,494.3,,42.0,48.0,38.3,48.2,54.2,
7523052,549.0,549.0,,51.0,47.0,34.4,43.8,48.8,
7523481,486.0,486.0,,44.0,64.0,29.9,38.4,43.0,
7536793,488.0,488.0,,25.0,48.0,29.7,38.2,42.7,
7552900,8977.0,9044.8,8841.5,842.0,542.0,,,,
7553396,16124.3,16124.3,,799.0,1476.0,,,,
7553518,2662.0,2662.0,,208.0,243.0,37.0,47.7,52.9,
7553534,6336.3,6336.3,,512.0,555.0,40.8,48.5,53.6,
7553535,5018.7,5018.7,,379.0,384.0,37.3,47.8,52.8,
7553651,1686.0,1686.0,,129.0,143.0,31.6,38.3,42.2,
7553670,1987.3,1987.3,,166.0,173.0,29.5,34.9,39.2,
7553722,2393.0,2393.0,,151.0,171.0,31.5,39.8,44.5,
7553726,3150.7,3150.7,,199.0,284.0,36.0,44.1,49.4,
7553761,1670.0,1670.0,,98.0,138.0,45.7,54.4,59.6,
7553950,4180.0,4180.0,,243.0,453.0,26.6,34.4,38.4,
7560913,9513.0,9513.0,,792.0,757.0,51.0,63.3,68.8,
7560915,1752.7,1752.7,,126.0,149.0,31.3,38.2,42.8,
7560984,454.0,454.0,,33.0,39.0,29.9,38.7,43.4,
7561024,13235.3,13235.3,,1140.0,1152.0,45.6,56.1,62.4,
7568731,2771.0,2771.0,,244.0,240.0,38.8,46.6,51.7,
7569233,15427.7,15427.7,,761.0,1384.0,,,,
7569286,14501.3,14501.3,,836.0,1177.0,,,,
7569339,1194.0,1194.0,,85.0,89.0,39.8,48.3,53.0,
7569524,6685.0,6685.0,,438.0,524.0,,,,
7569551,19033.6,20724.4,14806.5,1477.0,2178.0,,,,
7569831,663.3,663.3,,50.0,61.0,37.2,46.7,52.0,
7569910,1907.3,1907.3,,162.0,170.0,35.3,42.8,47.4,
7569980,3012.7,3012.7,,216.0,319.0,28.9,34.4,38.6,
7570019,2148.0,2148.0,,252.0,190.0,42.4,52.2,58.7,
7570046,1763.0,1763.0,,169.0,167.0,43.2,53.5,59.8,
7570303,8640.9,8389.4,8955.3,525.0,672.0,,,,
7570330,709.3,709.3,,50.0,66.0,36.8,45.0,51.6,
7570341,961.7,961.7,,98.0,101.0,30.7,38.6,43.3,
7570434,8798.0,8798.0,,585.0,757.0,,,,
7570894,20200.7,20200.7,,1374.0,1367.0,,,,
7570969,12452.0,12452.0,,764.0,784.0,,,,
7571477,4289.7,4289.7,,231.0,343.0,,,,
7571512,1193.0,1193.0,,108.0,119.0,45.3,54.5,61.7,
7571677,923.0,923.0,,75.0,100.0,33.6,41.9,46.3,
7576184,354.0,354.0,,16.0,33.0,22.7,32.3,34.5,
7576237,1019.0,1019.0,,61.0,75.0,43.0,53.1,58.6,
7576548,2868.0,2868.0,,145.0,338.0,,,,
7576601,8799.0,8799.0,,654.0,927.0,,,,
7576882,15419.0,15419.0,,1011.0,979.0,50.3,58.0,63.2,
7576983,18099.3,18099.3,,1323.0,1503.0,,,,
7576995,8415.0,8415.0,,947.0,517.0,,,,
7576999,13584.0,13584.0,,891.0,853.0,42.7,49.2,53.8,
7577021,15014.0,15014.0,,1075.0,998.0,,,,
7577035,12568.3,12568.3,,970.0,843.0,,,,
7583073,636.5,636.5,,38.0,67.0,30.5,39.8,44.9,
7583330,408.7,408.7,,35.0,41.0,,,,
7583524,13126.0,13126.0,,1024.0,1195.0,42.5,53.0,58.2,
7586064,1379.3,1379.3,,165.0,144.0,33.0,40.0,44.7,
7586419,8794.7,8794.7,,648.0,733.0,,,,
7617736,16087.5,16087.5,,1099.0,1105.0,52.3,59.2,64.2,
7632468,16324.0,16324.0,,1089.0,1065.0,51.8,58.2,62.9,
7632578,8318.0,8318.0,,651.0,750.0,35.6,41.9,44.9,
7632816,4671.0,4671.0,,239.0,387.0,,,,0.102
7635751,501.0,501.0,,28.0,47.0,31.6,39.4,44.8,
7635788,7957.0,7957.0,,945.0,505.0,,,,
7636691,6152.0,6152.0,,769.0,348.0,,,,
7640147,23547.0,23547.0,,1399.0,1523.0,37.2,47.2,52.1,
7640173,723.5,723.5,,77.0,69.0,18.1,28.1,31.9,
7640421,681.3,681.3,,42.0,70.0,37.4,46.1,49.9,
7640461,11563.0,11563.0,,700.0,1582.0,,,,
7640500,593.5,593.5,,56.0,60.0,32.5,39.4,44.4,
7640687,11201.7,11201.7,,884.0,694.0,,,,
7640718,536.7,536.7,,64.0,70.0,37.3,44.4,49.2,
7640928,601.5,601.5,,72.0,49.0,32.6,39.6,44.1,
7641161,496.0,496.0,,68.0,43.0,31.7,39.5,44.1,
7641209,371.7,371.7,,28.0,47.0,34.7,44.2,51.3,
7641278,18240.3,18240.3,,1383.0,1294.0,,,,
7641374,769.3,769.3,,31.0,176.0,29.1,36.5,39.7,
7641403,352.0,352.0,,24.0,37.0,29.0,43.9,51.9,
7641410,16423.0,16423.0,,962.0,1680.0,,,,
7641507,421.0,421.0,,38.0,31.0,38.6,49.4,54.7,
7641647,610.3,610.3,,57.0,62.0,36.6,44.4,49.6,
7641688,592.3,592.3,,98.0,60.0,32.1,42.6,47.6,
7641805,2168.0,2168.0,,153.0,222.0,41.7,49.4,54.6,
7641836,21024.7,21024.7,,1306.0,1475.0,54.0,64.1,69.9,
7641862,8848.0,8848.0,,894.0,967.0,47.0,54.0,58.8,
7641868,22994.0,22994.0,,1745.0,1960.0,,,,
7641869,11854.0,,11854.0,,,,,,
7641989,7871.7,7871.7,,760.0,526.0,,,,
7642005,7692.0,7692.0,,407.0,629.0,,,,
7642139,689.0,689.0,,74.0,67.0,31.2,39.2,43.9,
7642179,1841.0,1841.0,,160.0,168.0,38.3,46.5,49.9,
7642191,1476.0,1476.0,,101.0,150.0,41.9,49.1,53.4,
7642374,589.5,589.5,,64.0,60.0,35.6,43.4,48.4,
7642375,6116.0,6116.0,,291.0,549.0,,,,
7642393,5451.7,5451.7,,651.0,352.0,,,,
7642443,1164.0,1164.0,,92.0,113.0,44.0,53.5,58.7,
7642507,1313.7,1313.7,,71.0,261.0,40.4,48.2,53.0,
7642521,664.0,664.0,,57.0,55.0,35.3,43.5,48.8,
7649612,4172.0,4288.4,3881.0,305.0,298.0,,,,0.061
7649820,15200.7,15200.7,,1028.0,1061.0,,,,
7649840,556.0,556.0,,58.0,60.0,33.1,42.3,46.3,
7650408,32295.7,32295.7,,2340.0,2552.0,,,,
7650534,16961.9,17970.4,14440.5,975.0,1169.0,44.0,49.8,54.7,
7650549,901.7,901.7,,69.0,81.0,25.1,32.7,34.9,
7650703,7456.3,7456.3,,300.0,874.0,,,,
7651198,1261.0,1261.0,,120.0,135.0,32.6,41.1,44.5,
7664542,2389.3,2389.3,,171.0,330.0,34.5,44.0,49.4,
7664579,2907.0,2907.0,,134.0,248.0,,,,0.097
7664627,805.3,805.3,,48.0,68.0,,,,0.051
7665302,842.3,842.3,,61.0,88.0,38.6,50.0,57.1,
7665456,314.0,314.0,,23.0,32.0,37.0,47.6,53.7,
7665502,413.0,413.0,,42.0,36.0,37.3,47.7,53.1,
7665593,1063.0,1063.0,,65.0,150.0,35.2,42.9,47.7,
7666586,5231.7,5231.7,,615.0,336.0,,,,
7667011,5682.0,5682.0,,632.0,554.0,40.4,49.6,54.9,
7667127,2274.3,2274.3,,246.0,377.0,40.7,48.6,53.8,
7667502,1002.3,1002.3,,92.0,101.0,41.8,51.4,56.8,
7667869,4766.3,4766.3,,274.0,528.0,,,,
7668027,7932.0,7932.0,,520.0,623.0,,,,
7668082,16979.3,16979.3,,1137.0,1311.0,,,,
7673901,8880.0,8880.0,,390.0,883.0,,,,
7683896,8804.7,8804.7,,418.0,618.0,,,,
7684041,398.0,398.0,,41.0,40.0,34.6,44.3,51.1,
7684063,31.3,31.3,,3.0,4.0,11.3,17.3,21.6,
7684078,486.0,486.0,,31.0,40.0,36.9,46.8,51.9,
7684141,10200.3,10200.3,,724.0,798.0,,,,
7684251,1913.3,1913.3,,239.0,152.0,,,,
7684278,1871.3,1871.3,,173.0,169.0,26.0,33.4,37.3,
7685099,8056.0,8056.0,,802.0,497.0,,,,
7695261,413.0,413.0,,42.0,34.0,34.8,43.8,49.2,
7705499,699.0,699.0,,54.0,58.0,33.7,44.0,51.3,
7705588,183.0,183.0,,17.0,17.0,33.6,41.5,44.2,
7705626,2031.7,2031.7,,164.0,218.0,29.9,37.0,39.7,
7730035,17070.0,17070.0,,1296.0,1288.0,,,,
7730086,12750.3,12750.3,,652.0,798.0,,,,
7730110,673.0,673.0,,30.0,48.0,24.6,33.7,38.4,
7730155,14640.3,14640.3,,1476.0,879.0,,,,
7730197,115.3,115.3,,7.0,11.0,17.2,27.8,31.7,
7730328,4424.9,4579.2,4039.0,249.0,329.0,,,,0.098
7730338,6873.3,6941.2,6703.5,328.0,403.0,29.9,38.0,43.8,
7731360,10661.3,10661.3,,1034.0,662.0,,,,
7731365,22860.3,22860.3,,1631.0,1626.0,,,,
7731405,3641.7,3641.7,,229.0,439.0,33.6,39.9,44.6,
7731502,182.0,182.0,,8.0,31.0,34.5,47.9,53.0,
7731514,20799.7,20799.7,,1146.0,1254.0,,,,
7731628,503.0,503.0,,45.0,44.0,20.9,37.7,44.3,
7731629,171.0,171.0,,10.0,21.0,34.8,48.2,53.1,
7741312,19085.3,19085.3,,1629.0,1481.0,,,,
7753807,7809.7,7809.7,,450.0,673.0,,,,
7753851,5837.0,5837.0,,644.0,549.0,47.1,54.2,59.0,
7753909,33784.7,33784.7,,2447.0,2955.0,,,,
7754001,11647.7,11647.7,,826.0,779.0,,,,
7754013,649.7,649.7,,120.0,90.0,26.7,37.1,41.3,
7754038,19398.0,19398.0,,1210.0,1290.0,,,,
7754446,1020.0,1020.0,,48.0,95.0,35.0,43.2,47.9,
7754671,791.3,791.3,,126.0,116.0,30.8,38.6,43.1,
7754919,1455.7,1455.7,,116.0,86.0,31.3,39.9,45.0,
7754954,2695.3,2695.3,,157.0,329.0,,,,
7754955,3593.7,3636.8,3486.0,180.0,208.0,,,,0.125
7762595,533.5,533.5,,71.0,60.0,30.8,39.7,44.4,
7762643,674.0,674.0,,88.0,64.0,33.5,42.3,44.9,
7762725,5861.6,6432.0,4435.5,400.0,473.0,,,,0.159
7762728,13988.0,13988.0,,831.0,1127.0,,,,
7762735,3881.0,3881.0,,216.0,266.0,,,,
7762738,8166.0,8302.2,7825.5,471.0,449.0,31.2,41.3,47.5,
7762758,11448.0,11448.0,,656.0,741.0,,,,
7762785,6750.6,7161.0,5724.5,465.0,495.0,33.9,42.3,47.7,
7762807,19859.0,19859.0,,1559.0,1244.0,,,,
7762832,7599.0,7579.4,7648.0,477.0,564.0,,,,
7763003,10054.4,10228.0,9620.5,518.0,550.0,29.4,39.0,46.1,
7776844,4108.7,4108.7,,350.0,420.0,36.4,44.1,48.9,
7777036,609.0,609.0,,43.0,55.0,31.3,39.5,45.0,
7777264,28015.0,28062.6,27896.0,1712.0,1594.0,41.9,52.9,59.4,
7777300,537.3,537.3,,62.0,55.0,32.0,39.8,44.5,
7784581,30475.6,31341.6,28310.5,2010.0,2159.0,53.2,63.4,69.0,
7785209,324.0,324.0,,16.0,29.0,36.0,44.8,51.3,
7785329,461.3,461.3,,43.0,45.0,32.8,42.3,47.7,
7785487,508.0,508.0,,54.0,57.0,25.9,34.6,39.6,
7785534,2509.0,2509.0,,196.0,214.0,40.7,48.9,53.9,
7785544,2328.7,2328.7,,222.0,198.0,34.5,43.4,48.7,
7791767,28353.0,28353.0,,1819.0,2230.0,53.0,61.7,66.6,
7791786,15404.0,16281.6,13210.0,1272.0,1220.0,,,,
7791810,14016.0,14016.0,,948.0,1072.0,49.3,56.5,59.9,
7791879,794.3,794.3,,47.0,87.0,28.1,34.8,39.2,
7792009,15854.7,15854.7,,1048.0,1174.0,,,,
7792035,2085.0,2085.0,,168.0,206.0,36.5,44.4,49.4,
7792046,1546.0,1546.0,,126.0,133.0,44.5,52.2,57.6,
7792266,8012.5,8838.5,7186.5,658.0,520.0,,,,
7792326,2597.7,2597.7,,278.0,244.0,43.3,51.2,55.0,
7792375,853.0,853.0,,77.0,84.0,,,,
7792399,2384.0,2384.0,,205.0,250.0,32.0,39.9,44.5,
7792400,4818.1,5030.0,4288.5,263.0,383.0,,,,0.054
7792579,10392.5,11121.5,9663.5,612.0,881.0,,,,
7792635,2454.4,2620.8,2038.5,240.0,152.0,,,,0.114
7792644,7570.7,7570.7,,644.0,594.0,,,,
7792691,12917.0,12917.0,,1067.0,862.0,,,,
7792694,56945.7,56945.7,,3753.0,3685.0,,,,
7792697,24222.3,24222.3,,2183.0,1368.0,,,,
7792702,20821.1,21581.6,18920.0,1125.0,2379.0,,,,
7792833,651.0,651.0,,48.0,64.0,37.4,46.4,52.4,
7793107,15334.0,16504.0,12409.0,1151.0,1275.0,,,,
7793309,28738.0,28988.8,28111.0,1954.0,1639.0,39.7,52.4,59.7,
7793442,679.0,679.0,,77.0,58.0,40.6,51.9,58.8,
7793604,477.0,477.0,,32.0,79.0,35.1,43.8,49.1,
7794196,1049.0,1049.0,,174.0,142.0,37.0,46.2,51.2,
7794221,984.0,984.0,,126.0,129.0,34.8,43.0,48.2,
7794316,1114.0,1114.0,,225.0,134.0,37.3,46.7,51.9,
7794335,1503.0,1503.0,,278.0,174.0,37.5,47.0,51.9,
7794347,1347.0,1347.0,,126.0,121.0,45.4,56.0,62.5,
7794364,17349.3,17349.3,,1587.0,1144.0,,,,
7794393,8685.0,8685.0,,945.0,833.0,42.8,49.8,54.8,
7794416,5651.0,5651.0,,679.0,344.0,,,,
7794467,6862.5,6862.5,,545.0,581.0,44.1,51.5,56.6,
7794509,13855.7,13855.7,,967.0,1257.0,74.1,79.2,125.6,
7794729,526.0,526.0,,59.0,44.0,36.7,48.1,54.7,
7794782,5277.3,5277.3,,292.0,476.0,,,,
7794841,440.0,440.0,,38.0,47.0,41.4,52.7,58.7,
7794907,627.0,627.0,,35.0,104.0,38.9,47.8,53.3,
7795113,247.3,247.3,,21.0,25.0,33.0,43.9,49.0,
7795670,7709.0,7709.0,,640.0,727.0,27.9,34.4,38.6,
7795771,326.0,326.0,,24.0,39.0,40.0,48.8,54.6,
7795783,527.3,527.3,,32.0,49.0,37.6,47.2,52.4,
7796027,383.0,383.0,,43.0,32.0,,,,0.046
7796095,3840.9,4064.8,3281.0,186.0,462.0,,,,
7796354,7989.3,7989.3,,566.0,585.0,,,,
7796486,8952.0,8952.0,,528.0,774.0,,,,
7796515,430.0,430.0,,41.0,34.0,32.5,39.9,44.3,
7796589,498.3,498.3,,39.0,49.0,29.6,38.6,43.2,
7804841,1924.2,1849.5,2111.0,117.0,165.0,,,,0.048
7806911,5867.7,5867.7,,462.0,615.0,,,,
7806932,19247.3,19247.3,,1194.0,1560.0,,,,
7807039,878.3,878.3,,89.0,87.0,22.8,29.4,38.6,
7807257,338.0,338.0,,44.0,32.0,37.3,47.8,53.6,
7807292,821.0,821.0,,107.0,79.0,36.9,43.3,47.7,
7807325,628.0,628.0,,65.0,67.0,42.9,52.7,58.3,
7807391,10381.9,10665.2,9673.5,632.0,823.0,38.4,44.8,49.4,
7807449,898.7,898.7,,128.0,90.0,39.7,48.6,54.4,
7807934,17573.7,17573.7,,1271.0,1359.0,,,,
7807961,16313.7,16313.7,,1104.0,1306.0,,,,
7808317,564.5,564.5,,45.0,56.0,38.7,47.2,52.6,
7808416,626.0,626.0,,70.0,47.0,,,,
7808493,880.3,880.3,,52.0,89.0,24.9,32.4,35.0,
7808605,1502.0,1502.0,,167.0,145.0,26.1,33.7,37.8,
7808681,7459.0,7459.0,,633.0,559.0,,,,
7808760,777.0,777.0,,87.0,72.0,34.1,43.4,48.1,
7808875,616.0,616.0,,54.0,56.0,35.8,46.0,51.9,
7846103,555.0,555.0,,51.0,51.0,30.2,39.9,44.8,
7846127,5456.7,5456.7,,301.0,479.0,,,,
7846146,5519.0,5519.0,,542.0,466.0,,,,
7846221,7391.0,7391.0,,742.0,646.0,48.4,54.5,59.2,
7846386,1517.5,1517.5,,159.0,161.0,33.9,43.3,48.8,
7846484,9040.3,9040.3,,687.0,822.0,43.4,49.4,54.0,
7846747,4800.3,4800.3,,306.0,450.0,,,,
7847374,18717.0,19749.5,16652.0,1844.0,1372.0,,,,
7847513,12617.5,12617.5,,813.0,929.0,45.4,53.5,58.8,
7847640,11093.3,11093.3,,731.0,826.0,42.6,51.2,57.6,
7847768,19572.3,19572.3,,1344.0,1355.0,,,,
7848282,8950.0,8950.0,,572.0,795.0,45.9,53.7,58.3,
7848308,9346.7,9346.7,,619.0,697.0,,,,
7850028,21606.7,21606.7,,1765.0,1287.0,,,,
7853079,7186.0,7186.0,,665.0,626.0,47.3,54.0,59.0,
7853562,8236.0,8236.0,,839.0,691.0,47.8,54.2,59.1,
7862471,1036.5,1036.5,,108.0,104.0,32.1,41.5,44.9,
7862559,933.0,933.0,,90.0,72.0,39.9,47.8,52.4,
7862626,20636.7,20636.7,,1624.0,1402.0,,,,
7862855,869.0,869.0,,81.0,67.0,34.0,42.9,48.3,
7862971,457.0,457.0,,48.0,43.0,32.5,41.5,46.2,
7872162,7612.0,7612.0,,617.0,581.0,48.7,57.4,63.3,
7872179,8858.3,8858.3,,812.0,807.0,41.3,49.0,54.0,
7872187,8453.7,8453.7,,564.0,726.0,45.0,53.3,58.3,
7872220,377.0,377.0,,34.0,43.0,33.5,41.9,44.9,
7872269,828.5,828.5,,108.0,96.0,34.2,42.7,47.7,
7883745,915.3,915.3,,101.0,92.0,30.2,37.3,39.9,
7883897,3956.0,3956.0,,463.0,386.0,,,,
7890949,247.7,247.7,,31.0,27.0,29.9,38.8,43.9,
7929250,9343.7,9343.7,,761.0,733.0,,,,
7929254,6043.3,6043.3,,358.0,523.0,,,,
7929262,7458.0,7458.0,,494.0,585.0,,,,
7929431,18260.0,18260.0,,1110.0,1219.0,,,,
7929445,5999.0,5999.0,,449.0,530.0,37.8,44.0,48.4,
7929469,13812.0,13812.0,,979.0,951.0,,,,
7929484,3476.3,3476.3,,258.0,276.0,,,,
7929516,1114.3,1175.2,962.0,68.0,115.0,21.0,33.0,39.1,
7929641,8826.7,8826.7,,483.0,717.0,,,,
7929673,6318.4,6546.4,5748.5,371.0,468.0,,,,
7929684,9632.7,9632.7,,975.0,566.0,,,,
7929692,8739.7,8739.7,,696.0,641.0,,,,
7929694,9858.3,9858.3,,540.0,971.0,,,,
7929725,4403.7,4403.7,,232.0,474.0,,,,
7929920,5442.0,5442.0,,366.0,419.0,,,,
7929942,3813.7,3813.7,,217.0,372.0,47.8,55.0,62.0,
7930084,1537.0,1537.0,,124.0,176.0,44.3,52.8,57.6,
7930184,9369.8,9369.8,,536.0,606.0,39.0,47.7,52.7,
7930445,5221.3,5221.3,,395.0,332.0,,,,
7930461,16891.3,16891.3,,1178.0,1455.0,,,,
7930505,6181.3,6181.3,,255.0,468.0,,,,
7930512,2466.0,2466.0,,240.0,244.0,45.6,52.6,57.1,
7930588,15273.7,15273.7,,937.0,1449.0,,,,
7930670,16012.7,16012.7,,935.0,1071.0,,,,
7930769,17659.0,17659.0,,1320.0,1049.0,,,,
7930872,1894.7,1894.7,,104.0,120.0,27.6,38.9,44.0,
7935234,1587.3,1587.3,,214.0,238.0,42.4,49.3,54.2,
7935264,1504.0,1504.0,,168.0,166.0,39.5,47.9,52.5,
7935291,1653.0,1653.0,,171.0,188.0,39.6,47.6,52.1,
7935306,814.0,814.0,,40.0,72.0,40.2,49.6,54.4,
7935460,186.0,186.0,,16.0,22.0,23.4,32.1,37.0,
7935502,278.0,278.0,,19.0,36.0,23.8,29.7,33.7,
7935890,13403.0,13403.0,,1148.0,1302.0,48.2,56.8,61.5,
7939796,12294.7,12527.4,11713.0,656.0,1110.0,,,,
7939847,923.3,923.3,,67.0,79.0,24.5,31.9,34.9,
7939923,406.7,406.7,,30.0,42.0,33.7,43.5,48.4,
7940155,28402.7,28402.7,,1965.0,2115.0,,,,
7940293,15039.3,15039.3,,1529.0,872.0,,,,
7940333,12271.0,12271.0,,1046.0,1055.0,51.4,64.7,71.8,
7940394,7575.3,7575.3,,409.0,630.0,,,,
7940398,738.0,738.0,,90.0,76.0,38.9,46.8,51.9,
7940518,15568.0,15568.0,,1603.0,954.0,,,,
7940724,2060.0,2060.0,,178.0,212.0,,,,
7940965,2400.0,2400.0,,267.0,246.0,26.3,33.9,38.5,
7941109,4151.0,4151.0,,538.0,389.0,39.5,47.6,51.5,
7941217,5232.0,5232.0,,546.0,493.0,41.5,48.6,53.4,
7941229,4346.3,4346.3,,298.0,351.0,35.6,43.6,48.4,
7941238,4934.0,4934.0,,350.0,489.0,39.8,47.2,51.9,
7941457,1922.0,1922.0,,215.0,162.0,36.7,43.3,47.6,
7941471,1464.0,1464.0,,89.0,143.0,36.5,42.9,46.5,
7941479,1504.0,1504.0,,94.0,161.0,36.7,43.7,48.3,
7941649,1074.0,1074.0,,156.0,79.0,38.9,46.4,49.6,
7941683,1696.0,1696.0,,109.0,211.0,,,,
7941741,1724.0,1724.0,,123.0,150.0,51.6,63.0,71.6,
7941825,2026.7,2026.7,,184.0,193.0,37.4,43.8,48.4,
7941840,2070.3,2070.3,,192.0,207.0,37.8,44.0,48.5,
7944407,1315.7,1315.7,,111.0,108.0,27.4,35.0,39.6,
7949631,400.7,400.7,,34.0,29.0,26.5,34.5,38.9,
7949725,3252.7,3252.7,,266.0,279.0,35.1,42.2,46.2,
7949752,322.0,322.0,,26.0,37.0,37.0,44.7,49.5,
7949797,368.7,368.7,,31.0,36.0,31.5,38.8,43.1,
7949863,2228.0,2228.0,,244.0,211.0,39.1,46.9,49.8,
7949904,3496.7,3496.7,,302.0,285.0,32.8,39.0,43.0,
7950013,306.0,306.0,,21.0,26.0,39.0,51.5,58.3,
7950170,2134.0,2134.0,,140.0,225.0,34.9,42.6,46.8,
7950464,2337.5,2337.5,,245.0,197.0,27.9,34.3,38.9,
7950472,1842.7,1842.7,,210.0,167.0,,,,
7950476,18646.0,18646.0,,1124.0,1324.0,47.5,56.1,61.3,
7950483,20341.7,20341.7,,1586.0,1508.0,,,,
7950628,2680.7,2680.7,,289.0,220.0,,,,
7950677,7645.7,7645.7,,740.0,623.0,,,,
7950765,3566.7,3566.7,,344.0,306.0,,,,
7955671,1509.0,1509.0,,137.0,141.0,43.6,54.0,59.8,
7955692,12616.0,12616.0,,819.0,890.0,38.7,48.3,54.3,
7955792,270.7,270.7,,19.0,25.0,24.4,33.1,37.3,
7963316,14295.0,14295.0,,742.0,987.0,36.6,43.6,48.1,
7963405,10379.3,10379.3,,816.0,725.0,,,,
7963486,1382.5,1382.5,,143.0,136.0,33.5,42.4,47.6,
7963493,9753.0,9753.0,,661.0,810.0,,,,
7963584,382.7,382.7,,36.0,37.0,30.8,38.5,42.7,
7963700,727.0,727.0,,45.0,63.0,23.4,30.0,34.1,
7963704,943.0,943.0,,79.0,98.0,33.3,40.0,44.8,
7963724,900.7,900.7,,65.0,84.0,26.0,32.3,34.7,
7963732,1009.3,1009.3,,77.0,104.0,30.8,37.8,42.0,
7963734,1165.0,1165.0,,278.0,132.0,36.0,48.4,54.0,
7973682,8979.3,8979.3,,633.0,687.0,44.5,51.2,54.8,
7973750,677.0,677.0,,70.0,66.0,30.9,38.9,43.5,
7973763,9684.0,9684.0,,696.0,842.0,45.9,53.8,59.0,
7973773,1303.3,1303.3,,125.0,126.0,31.8,38.8,43.2,
7973790,272.5,272.5,,24.0,26.0,30.9,38.8,43.7,
7973826,367.3,367.3,,37.0,50.0,26.0,33.9,38.6,
7973847,1149.3,1149.3,,99.0,107.0,28.8,34.5,38.6,
7973882,886.0,886.0,,65.0,75.0,33.6,39.7,45.0,
7973940,10160.3,10160.3,,783.0,686.0,,,,
7974330,9910.0,9910.0,,445.0,920.0,,,,
7974348,6222.3,6222.3,,653.0,596.0,27.3,34.3,38.6,
7974356,484.0,484.0,,41.0,37.0,32.2,42.3,48.9,
7974421,2996.3,2996.3,,314.0,422.0,29.3,36.5,41.3,
7974513,1791.7,1791.7,,203.0,121.0,25.2,34.3,39.5,
7974617,712.3,712.3,,60.0,68.0,41.9,49.1,53.5,
7974709,5107.7,5107.7,,253.0,479.0,41.6,49.4,54.6,
7974776,20582.3,20582.3,,745.0,1586.0,,,,
7975169,13710.0,13710.0,,747.0,1412.0,,,,
7979413,16261.0,16261.0,,1385.0,1000.0,,,,
7979580,18891.7,18891.7,,1038.0,1718.0,,,,
7979624,21746.7,21746.7,,1781.0,1567.0,,,,
7979715,2269.9,2215.8,2405.0,149.0,230.0,27.5,34.4,39.0,
7979924,578.0,578.0,,56.0,58.0,33.9,40.0,44.7,
7979925,1715.3,1715.3,,111.0,148.0,29.7,37.0,39.8,
7979948,1177.0,1177.0,,121.0,114.0,26.3,36.7,44.7,
7980453,5548.3,5548.3,,546.0,512.0,27.7,34.3,38.5,
7985497,1874.0,1874.0,,126.0,150.0,,,,
7985606,7270.7,7270.7,,583.0,523.0,,,,
7985633,1554.0,1554.0,,242.0,150.0,26.2,34.3,38.2,
7985713,574.7,574.7,,76.0,63.0,30.5,38.5,43.2,
7986022,1928.0,1928.0,,143.0,175.0,39.9,48.1,53.1,
7986265,15382.3,15382.3,,1133.0,1235.0,,,,
7986278,8629.0,8629.0,,543.0,819.0,,,,
7986280,1393.0,1393.0,,139.0,161.0,31.8,42.2,48.2,
7986289,6681.0,6681.0,,510.0,774.0,,,,
7986341,714.3,714.3,,84.0,81.0,25.9,36.9,42.6,
7986481,712.8,759.0,666.5,43.0,127.0,28.1,38.4,44.0,
7986503,802.0,802.0,,58.0,73.0,35.0,43.4,48.3,
7986623,482.0,525.0,417.5,30.0,81.0,33.9,43.7,49.6,
7986678,733.0,733.0,,110.0,77.0,35.4,44.7,49.9,
7992364,427.0,427.0,,53.0,42.0,37.1,44.0,48.3,
7992508,1474.7,1474.7,,233.0,202.0,30.4,38.8,44.0,
7992576,1444.3,1444.3,,109.0,246.0,29.7,37.7,41.5,
7992854,18315.1,18954.6,16716.5,1139.0,1073.0,43.3,58.4,68.1,
7992861,20901.3,20901.3,,1850.0,1281.0,,,,
7992892,32994.7,32994.7,,1849.0,2133.0,53.1,63.5,70.0,
7992974,3932.7,3932.7,,360.0,449.0,,,,
7994302,1571.5,1571.5,,208.0,173.0,36.9,44.6,53.2,
7994328,22604.0,22604.0,,1516.0,1415.0,45.0,54.7,59.9,
7994458,4463.0,4463.0,,317.0,366.0,36.5,44.0,49.1,
7994616,12350.3,12350.3,,783.0,1133.0,,,,
7994658,1574.2,1808.3,1223.0,189.0,184.0,33.3,41.2,44.1,
7994693,1430.3,1728.0,1132.5,187.0,183.0,38.2,48.7,54.8,
8004889,2584.0,2584.0,,275.0,251.0,32.7,39.2,43.4,
8004908,662.0,662.0,,107.0,63.0,25.6,36.8,42.5,
8005169,4177.7,4177.7,,293.0,364.0,38.3,44.7,49.4,
8005255,3630.7,3630.7,,220.0,364.0,22.9,29.3,34.0,
8005520,1662.0,1662.0,,158.0,107.0,30.0,37.1,39.6,
8005765,12046.7,12046.7,,982.0,961.0,,,,
8005838,23525.0,23525.0,,1562.0,1730.0,55.3,64.3,69.7,
8006140,2393.7,2393.7,,258.0,224.0,32.0,38.8,43.1,
8006514,1494.7,1494.7,,85.0,129.0,32.3,39.2,43.7,
8006574,13938.7,13938.7,,773.0,1128.0,,,,
8006610,2113.7,2113.7,,138.0,244.0,32.3,39.8,44.6,
8006688,1396.0,1396.0,,153.0,124.0,30.0,37.9,43.0,
8006711,1667.3,1667.3,,148.0,206.0,35.7,42.6,46.3,
8006793,1000.3,1000.3,,95.0,93.0,31.5,39.3,44.1,
8006907,710.0,710.0,,68.0,71.0,39.0,49.1,54.3,
8006940,1918.7,1808.4,2194.5,106.0,173.0,27.6,34.4,38.6,
8007022,1110.0,1110.0,,81.0,139.0,42.8,53.2,59.1,
8007104,969.0,969.0,,78.0,111.0,11.1,16.8,18.7,
8007312,1339.0,1339.0,,108.0,123.0,28.7,34.9,39.1,
8007458,12750.4,13450.2,11001.0,753.0,837.0,42.6,49.4,54.2,
8007492,700.3,700.3,,51.0,61.0,32.3,41.1,44.6,
8007879,2377.0,2377.0,,241.0,281.0,41.4,48.7,53.6,
8007918,9032.0,9032.0,,852.0,636.0,,,,
8007948,182.2,183.7,180.0,19.0,15.0,26.6,36.6,42.6,
8008148,1509.6,1435.3,1621.0,114.0,120.0,27.5,34.7,39.4,
8008229,1464.0,1464.0,,137.0,126.0,28.3,39.4,44.4,
8008319,728.0,728.0,,70.0,82.0,44.0,53.4,58.4,
8009339,3046.0,3046.0,,254.0,303.0,38.3,46.6,51.4,
8015101,1327.7,1327.7,,144.0,107.0,23.8,29.9,34.4,
8015112,2842.0,2842.0,,216.0,279.0,18.5,28.1,33.2,
8015302,1021.7,1021.7,,91.0,117.0,29.6,37.6,41.7,
8015343,1357.0,1357.0,,84.0,136.0,39.8,48.7,54.2,
8015390,589.0,589.0,,50.0,52.0,27.1,34.5,38.9,
8015466,290.7,290.7,,40.0,29.0,25.5,34.7,39.4,
8015531,896.0,896.0,,83.0,74.0,39.9,49.3,56.1,
8015567,2551.7,2551.7,,183.0,301.0,31.4,38.3,42.6,
8015625,3583.0,3583.0,,293.0,358.0,26.8,33.4,36.5,
8015636,3400.0,3400.0,,305.0,337.0,25.8,32.6,34.7,
8015801,4105.3,4105.3,,270.0,409.0,29.7,36.0,39.4,
8015912,1115.3,1148.0,1033.5,81.0,91.0,20.7,31.2,37.1,
8015961,5174.7,5174.7,,535.0,508.0,39.1,47.2,51.7,
8016349,1659.0,1659.0,,117.0,154.0,36.5,43.9,48.7,
8016869,11571.3,11571.3,,880.0,934.0,,,,
8016881,1723.8,2011.5,1436.0,245.0,209.0,36.2,51.8,58.6,
8022891,3241.7,3241.7,,267.0,312.0,39.8,48.1,54.0,
8022928,454.0,454.0,,76.0,65.0,43.9,54.2,59.9,
8022957,752.0,752.0,,122.0,98.0,38.4,52.7,59.0,
8022972,12047.4,12682.0,10461.0,659.0,770.0,40.7,47.8,52.3,
8023039,11933.3,11933.3,,947.0,897.0,,,,
8023090,1486.0,1486.0,,189.0,131.0,35.3,43.9,48.2,
8023115,13578.0,13578.0,,841.0,1046.0,,,,
8023638,15408.3,15408.3,,1476.0,1125.0,,,,
8030567,3487.7,3487.7,,267.0,326.0,40.6,48.1,53.3,
8031925,2580.7,2580.7,,136.0,185.0,21.2,31.8,36.6,
8032813,11015.3,11015.3,,790.0,788.0,,,,
8033769,12611.3,12611.3,,801.0,785.0,,,,
8033777,5509.7,5509.7,,273.0,461.0,,,,
8038872,59.0,59.0,,4.0,7.0,16.6,26.8,38.1,
8041145,5677.7,5677.7,,437.0,512.0,,,,
8066575,14658.0,14658.0,,647.0,1354.0,,,,
8066747,9833.7,9833.7,,606.0,823.0,,,,
8067330,395.0,395.0,,47.0,57.0,27.4,34.5,38.9,
8067830,6737.8,6604.0,6871.5,485.0,444.0,,,,
8067832,4816.1,5216.6,3815.0,302.0,320.0,,,,0.241
8068232,12936.3,12936.3,,738.0,956.0,,,,
8087268,28946.7,28946.7,,1809.0,2322.0,,,,
8087291,2982.5,2982.5,,456.0,357.0,39.1,48.2,53.8,
8087327,18012.4,18954.0,15658.5,1094.0,1074.0,,,,
8087343,1882.0,1882.0,,314.0,215.0,36.0,43.0,47.0,
8087359,20646.3,20646.3,,940.0,2212.0,,,,
8087369,10200.3,10200.3,,613.0,881.0,,,,
8087385,8517.0,8517.0,,296.0,792.0,45.9,54.9,61.3,
8100075,13548.0,13548.0,,702.0,1104.0,,,,
8100100,13077.5,13077.5,,925.0,932.0,56.0,64.5,69.9,
8100106,28433.3,28433.3,,2423.0,1888.0,,,,
8100562,23460.3,23460.3,,2937.0,1232.0,,,,
8100936,12405.0,12405.0,,1318.0,777.0,,,,
8105537,1383.0,1383.0,,275.0,114.0,39.4,48.0,52.3,
8105565,7841.0,7841.0,,803.0,544.0,,,,
8105669,252.3,252.3,,21.0,21.0,26.7,36.5,39.8,
8105744,12882.3,12882.3,,1068.0,1156.0,49.8,57.0,62.0,
8105835,1205.3,1205.3,,69.0,113.0,34.1,44.0,49.6,
8106186,7825.3,7825.3,,943.0,660.0,,,,
8106365,8345.0,8345.0,,703.0,720.0,44.4,53.2,58.5,
8106394,6114.0,6114.0,,558.0,587.0,,,,
8106396,1136.7,1136.7,,71.0,108.0,37.2,44.8,49.9,
8115480,338.0,338.0,,33.0,34.0,20.0,29.3,33.1,
8115492,289.0,289.0,,33.0,42.0,25.7,38.6,43.4,
8115550,5813.0,5813.0,,579.0,533.0,,,,
8115811,17809.7,17809.7,,1395.0,1234.0,,,,
8115857,11387.0,11387.0,,1105.0,1166.0,49.7,56.7,61.5,
8120396,8499.0,8499.0,,786.0,926.0,,,,
8120991,24065.3,24065.3,,1737.0,2292.0,,,,
8121459,783.0,783.0,,71.0,105.0,,,,0.036
8128444,4127.0,4127.0,,477.0,372.0,34.7,42.9,47.0,
8128677,15736.7,15736.7,,1029.0,1069.0,,,,0.105
8128835,17958.0,17958.0,,1595.0,1447.0,,,,
8128840,15163.3,15163.3,,825.0,1323.0,,,,
8128848,2898.0,2898.0,,263.0,346.0,27.7,36.0,39.4,
8128862,13687.0,13687.0,,864.0,797.0,49.4,57.8,63.9,
8128875,18308.7,18308.7,,1443.0,1541.0,,,,
8133345,8590.0,8590.0,,803.0,803.0,56.1,63.5,69.5,
8133352,5111.0,5111.0,,286.0,400.0,,,,
8133548,19998.0,19998.0,,1228.0,1321.0,44.2,53.1,58.8,
8140045,1487.0,1487.0,,197.0,124.0,39.6,47.2,52.0,
8140493,17528.7,17528.7,,1689.0,1084.0,,,,
8140575,16617.7,16617.7,,968.0,1536.0,,,,
8140577,3123.3,3123.3,,271.0,302.0,,,,
8140596,1080.0,1080.0,,103.0,96.0,38.2,45.0,51.7,
8140651,1536.3,1536.3,,93.0,138.0,26.0,36.6,41.9,
8140673,15539.3,15539.3,,840.0,1272.0,,,,
8140999,14408.0,14408.0,,774.0,1226.0,,,,
8141079,17815.3,17815.3,,1085.0,1442.0,,,,
8141084,2582.7,2582.7,,181.0,207.0,,,,
8141100,15739.3,15739.3,,1276.0,952.0,,,,
8152741,1383.0,1383.0,,121.0,124.0,38.6,47.0,52.0,
8152761,14556.3,14556.3,,792.0,1406.0,,,,
8155563,783.0,783.0,,152.0,112.0,37.9,47.2,52.0,
8155608,17154.7,17154.7,,1041.0,1141.0,,,,0.182
8166250,868.0,868.0,,62.0,72.0,42.5,52.3,57.7,
8166309,13297.7,13297.7,,1226.0,935.0,,,,
8166392,12716.3,12716.3,,768.0,823.0,,,,
8166572,4157.0,4157.0,,477.0,334.0,43.2,51.1,55.0,
8168391,18130.3,18130.3,,1264.0,1345.0,,,,
8168402,13570.7,13570.7,,758.0,798.0,,,,
8168653,12960.0,12960.0,,732.0,873.0,,,,
8168672,13056.3,13056.3,,982.0,835.0,,,,
8191161,6440.0,6440.0,,722.0,571.0,,,,
8192022,17233.7,17233.7,,1270.0,1119.0,,,,
8192025,6613.0,6613.0,,459.0,597.0,46.4,57.1,63.8,
8192164,13688.7,13688.7,,785.0,909.0,,,,
8202036,405.3,405.3,,35.0,36.0,38.2,49.5,56.0,
8202073,12299.3,12299.3,,909.0,771.0,,,,
8203281,23590.0,23590.0,,1372.0,1881.0,37.4,44.9,49.5,
8205769,14372.7,14372.7,,1193.0,887.0,,,,
8205774,14468.7,14468.7,,690.0,1068.0,,,,
8206072,356.0,356.0,,29.0,36.0,37.2,44.9,51.5,
8206135,2671.3,2671.3,,210.0,350.0,35.7,44.5,49.7,
8206209,8359.3,8359.3,,620.0,660.0,,,,
8206217,3361.3,3361.3,,217.0,360.0,39.6,46.8,51.5,
8210971,1087.7,1087.7,,80.0,117.0,43.8,53.6,59.1,
8211438,18651.3,18651.3,,848.0,1790.0,,,,
8211501,18275.0,18275.0,,846.0,1630.0,,,,
8211622,1282.0,1282.0,,80.0,117.0,31.1,46.3,52.7,
8211759,13558.9,14086.2,12240.5,1464.0,821.0,,,,
8211760,996.0,996.0,,58.0,105.0,,,,0.275
8211787,472.0,472.0,,36.0,47.0,27.1,34.3,38.5,
8211851,712.3,712.3,,73.0,71.0,37.6,46.0,51.3,
8211891,10616.3,10616.3,,767.0,755.0,,,,
8231764,5468.0,5468.0,,385.0,539.0,,,,
8231771,2996.0,2996.0,,267.0,246.0,44.6,54.8,61.4,
8231791,12036.7,12036.7,,752.0,838.0,,,,
8231921,11332.0,11332.0,,756.0,787.0,,,,
8232390,2276.5,2276.5,,188.0,226.0,45.0,54.0,59.0,
8236928,3704.7,3704.7,,381.0,414.0,32.5,39.6,44.1,
8236999,1186.6,1264.4,992.0,72.0,130.0,25.9,33.6,37.3,
8237004,11281.0,11281.0,,909.0,876.0,37.4,44.8,49.4,
8237152,17709.3,17709.3,,957.0,1030.0,32.6,41.7,47.0,
8237214,10525.0,10525.0,,792.0,944.0,31.1,38.3,42.2,
8237377,2368.0,2368.0,,174.0,246.0,35.6,42.1,44.8,
8237450,12175.0,12175.0,,1043.0,1006.0,,,,
8237684,19155.3,19155.3,,1067.0,1188.0,40.1,49.3,54.5,
8237829,10037.0,10037.0,,671.0,944.0,34.8,42.1,44.8,
8237870,200.0,200.0,,19.0,21.0,16.8,24.8,29.6,
8237980,10564.0,10564.0,,579.0,824.0,,,,
8238026,5257.3,5257.3,,648.0,481.0,,,,
8238037,9352.0,9352.0,,911.0,818.0,29.7,39.7,44.3,
8238095,1732.0,1732.0,,220.0,170.0,41.2,49.3,54.5,
8246214,2904.5,2904.5,,380.0,292.0,34.2,43.2,48.2,
8246399,319.7,319.7,,22.0,35.0,31.4,41.0,44.8,
8246622,19106.0,19106.0,,1424.0,1426.0,48.2,57.5,62.9,
8246672,26872.0,26872.0,,1854.0,1995.0,,,,
8260235,1866.7,1866.7,,167.0,191.0,32.7,41.7,44.8,
8260236,10287.7,10287.7,,1187.0,564.0,,,,
8260283,27840.0,27840.0,,1957.0,2157.0,43.2,51.8,56.9,
8260416,498.0,498.0,,35.0,45.0,29.5,38.0,43.1,
8260485,246.0,246.0,,30.0,27.0,31.3,41.3,44.4,
8264101,9147.0,9147.0,,1031.0,709.0,,,,
8264173,13976.7,13976.7,,1321.0,1114.0,,,,
8265394,14101.3,14101.3,,1267.0,1112.0,,,,
8292209,14901.0,14901.0,,1052.0,1199.0,,,,
8292237,4258.6,4340.2,4054.5,398.0,447.0,38.8,46.5,51.0,
8292238,14601.7,14601.7,,1188.0,1161.0,,,,
8292366,8295.7,8295.7,,792.0,607.0,38.6,48.0,52.3,
8292371,6660.0,6660.0,,680.0,486.0,50.7,57.9,62.9,
8292440,6798.3,6798.3,,643.0,524.0,43.9,52.4,57.3,
8292448,635.0,635.0,,42.0,53.0,27.4,34.6,39.0,
8292452,11440.7,11440.7,,1145.0,948.0,39.9,46.3,49.6,
8292725,21055.1,22059.4,18544.5,1563.0,1396.0,50.3,57.5,62.5,
8292804,14422.0,14422.0,,986.0,1237.0,55.8,64.0,69.3,
8292824,8725.7,8725.7,,638.0,772.0,,,,
8292845,2909.5,,2909.5,,,32.9,42.9,48.8,
8292854,13504.9,13548.0,13397.0,792.0,751.0,38.4,46.5,51.2,
8293009,6525.7,6525.7,,598.0,552.0,,,,
8293038,14303.0,14303.0,,1100.0,1142.0,,,,
8293050,3399.5,3399.5,,312.0,318.0,42.7,49.3,53.9,
8293064,14752.4,14400.8,15631.5,1093.0,1116.0,,,,
8293068,1965.0,1965.0,,135.0,192.0,43.2,54.4,61.6,
8313037,18924.3,18924.3,,1841.0,1212.0,,,,
8313052,19511.7,19511.7,,1997.0,1216.0,,,,
8313063,15337.0,15337.0,,1114.0,1247.0,46.2,54.8,61.3,
8313287,971.0,971.0,,97.0,84.0,35.1,43.0,47.8,
8321663,3886.3,3886.3,,310.0,400.0,41.1,48.0,52.4,
8321686,3002.0,3002.0,,288.0,282.0,,,,0.031
8322117,26949.0,26949.0,,1671.0,1813.0,46.8,58.3,64.4,
8322147,2386.0,2386.0,,134.0,274.0,41.7,49.2,54.4,
8322151,1305.0,1305.0,,182.0,119.0,33.4,43.5,48.6,
8322180,27083.0,27083.0,,1607.0,1781.0,46.4,57.6,63.5,
8322270,27310.0,27310.0,,1645.0,1784.0,48.5,59.3,66.4,
8322271,4457.0,4457.0,,364.0,479.0,31.6,37.1,39.5,
8322667,13071.0,13071.0,,900.0,1164.0,67.3,76.4,98.5,
8322682,14326.9,15027.6,12575.0,1213.0,1233.0,,,,
8322719,25303.0,25303.0,,1627.0,1773.0,40.8,53.1,58.9,
8322761,25369.0,25369.0,,1644.0,1738.0,46.6,57.7,63.6,
8322777,322.0,322.0,,47.0,50.0,32.4,39.7,44.8,
8327624,13957.3,13957.3,,968.0,1345.0,,,,
8327631,4875.0,4875.0,,353.0,454.0,,,,
8327658,7912.0,7912.0,,863.0,635.0,,,,
8344132,2285.3,2285.3,,278.0,254.0,33.4,41.2,46.1,
8344202,603.0,603.0,,156.0,77.0,34.8,42.4,47.1,
8344606,7667.0,7667.0,,910.0,740.0,,,,
8344714,4548.3,4548.3,,311.0,456.0,,,,
8344780,4727.3,4727.3,,339.0,572.0,,,,
8344825,27556.7,27556.7,,1704.0,1720.0,,,,
8344866,2833.3,2833.3,,284.0,340.0,36.3,42.9,46.9,
8344942,2006.5,2006.5,,136.0,211.0,42.9,51.1,56.3,
8351165,5465.7,5491.2,5402.0,105.0,333.0,,,,0.038
8351261,8284.6,8284.6,,511.0,661.0,36.9,46.4,52.6,
8351262,6277.0,6277.0,,496.0,451.0,,,,
8351267,9542.0,9491.6,9668.0,686.0,765.0,,,,
8351286,6953.6,7212.4,6306.5,98.0,415.0,,,,0.056
8351289,324.5,324.5,,36.0,25.0,30.3,39.0,43.6,
8351480,6677.0,6677.0,,309.0,799.0,,,,
8351487,15322.0,15322.0,,1292.0,1328.0,,,,
8351614,12514.0,12514.0,,726.0,885.0,29.1,38.3,43.1,
8351651,6223.0,6223.0,,361.0,418.0,35.3,43.6,48.8,
8351682,8897.0,8897.0,,1065.0,589.0,,,,
8352168,7904.7,7904.7,,462.0,493.0,30.6,39.9,53.1,
8352211,12964.0,12964.0,,679.0,885.0,41.6,49.5,54.6,
8352220,10783.0,10783.0,,544.0,707.0,40.5,48.5,53.5,
8353499,2841.0,2841.0,,239.0,257.0,26.3,37.4,42.7,
8353507,9841.3,9841.3,,513.0,607.0,37.5,47.3,53.3,
8353520,9977.3,9977.3,,489.0,890.0,,,,
8353591,12611.0,12611.0,,1034.0,905.0,65.4,73.5,79.4,
8353597,18035.7,18035.7,,1478.0,1814.0,40.5,51.2,56.0,
8353636,9919.3,9919.3,,734.0,813.0,,,,
8353661,6001.7,6001.7,,414.0,527.0,,,,
8353783,635.0,635.0,,41.0,55.0,33.6,42.6,47.4,
8353784,5290.0,5290.0,,357.0,597.0,,,,
8353906,1287.3,1287.3,,150.0,105.0,34.6,43.3,49.2,
8354022,16363.0,16363.0,,1481.0,1512.0,,,,
8354029,6062.7,6062.7,,364.0,464.0,,,,
8354032,5943.7,5943.7,,376.0,505.0,,,,
8354056,1025.0,1025.0,,110.0,83.0,32.3,43.3,48.7,
8354082,189.7,189.7,,28.0,12.0,20.4,32.9,41.4,
8354120,211.0,211.0,,23.0,21.0,30.9,37.8,39.8,
8354303,16945.0,16945.0,,1009.0,1100.0,,,,
8392193,1312.3,1312.3,,104.0,116.0,28.5,37.2,41.4,
8392508,256.0,256.0,,15.0,23.0,32.0,41.4,47.1,
8392526,638.3,638.3,,60.0,49.0,37.8,47.3,52.3,
8392913,2476.0,2476.0,,246.0,203.0,36.2,43.1,47.5,
8392952,7544.0,7544.0,,309.0,708.0,,,,
8393033,478.7,478.7,,44.0,51.0,24.0,33.1,37.6,
8393669,8667.0,8667.0,,735.0,551.0,,,,
8406908,2617.3,2617.3,,207.0,244.0,30.9,39.2,44.0,
8406969,14095.1,15646.2,10217.5,1360.0,1202.0,,,,
8406983,8153.0,8153.0,,743.0,815.0,41.9,49.2,54.0,
8406985,6836.7,6836.7,,658.0,584.0,,,,
8406993,151.0,151.0,,17.0,15.0,33.4,43.4,49.0,
8407288,13934.7,13934.7,,895.0,1433.0,,,,
8407335,1447.3,1447.3,,147.0,136.0,,,,
8407394,18408.3,18408.3,,1623.0,1502.0,,,,
8407483,707.3,707.3,,68.0,61.0,23.6,32.0,36.3,
8407520,3252.0,3252.0,,304.0,322.0,28.7,34.7,39.3,
8407759,3380.7,3380.7,,316.0,342.0,25.5,33.1,34.8,
8408011,2056.7,2056.7,,140.0,177.0,,,,
8408204,13700.8,12664.2,14996.5,668.0,782.0,,,,
8408346,10327.6,10697.8,9402.0,459.0,906.0,,,,
8408357,927.0,927.0,,51.0,78.0,28.1,36.8,39.9,
8408372,12807.3,12807.3,,923.0,1290.0,,,,
8408484,16335.7,16874.2,14989.5,678.0,1491.0,,,,
8408494,12665.6,12678.8,12649.0,729.0,760.0,,,,
8408552,12954.6,11632.6,16259.5,615.0,820.0,,,,
8408574,19350.4,20265.6,17062.5,1917.0,1158.0,,,,
8408589,29774.0,29774.0,,1945.0,1824.0,,,,
8408600,3028.0,3028.0,,318.0,399.0,28.9,36.2,39.6,
8416823,12194.3,12194.3,,489.0,1297.0,,,,
8416891,10068.3,10198.0,9744.0,530.0,538.0,30.0,39.3,44.9,
8416956,6657.0,6657.0,,253.0,583.0,,,,
8416991,194.0,194.0,,37.0,27.0,26.1,34.1,38.8,
8417076,13714.7,13714.7,,1114.0,1271.0,,,,
8417090,7102.0,7102.0,,536.0,502.0,,,,
8417204,37539.3,39022.2,33832.0,2550.0,2717.0,,,,
8417267,1004.0,1004.0,,63.0,95.0,26.8,34.1,38.2,
8417318,2826.7,2826.7,,208.0,264.0,26.7,33.8,37.7,
8417391,6588.0,6588.0,,433.0,499.0,,,,
8417398,10416.7,10416.7,,987.0,1145.0,64.7,72.3,78.0,
8417856,11088.0,11088.0,,508.0,1075.0,,,,
8418203,9409.7,9409.7,,540.0,860.0,,,,
8418213,11145.3,11145.3,,495.0,1005.0,,,,
8418232,19837.0,19837.0,,1437.0,1329.0,,,,
8418278,644.3,644.3,,45.0,59.0,29.0,38.5,43.8,
8431729,652.7,652.7,,59.0,75.0,28.4,37.4,41.9,
8431798,825.0,825.0,,101.0,96.0,33.1,42.4,46.9,
8431847,2176.3,2176.3,,141.0,218.0,43.9,51.4,56.3,
8432009,11471.3,11471.3,,896.0,854.0,,,,
8432020,11843.7,11843.7,,653.0,900.0,,,,
8432198,2146.3,2146.3,,219.0,213.0,46.7,54.4,59.4,
8432256,15035.7,15035.7,,896.0,1179.0,,,,
8432383,11141.7,11141.7,,795.0,755.0,,,,
8432400,19329.7,19329.7,,1194.0,1465.0,49.2,61.2,67.0,
8456470,12695.3,13793.0,9951.0,905.0,1207.0,,,,
8456471,6490.3,6490.3,,792.0,342.0,,,,
8456604,8744.0,8744.0,,896.0,585.0,,,,
8456769,295.3,295.3,,23.0,27.0,35.3,43.4,48.0,
8456781,356.0,356.0,,30.0,44.0,34.7,43.2,47.9,
8456960,426.3,426.3,,43.0,37.0,27.0,34.5,41.5,
8457076,2765.7,2765.7,,168.0,241.0,,,,
8457151,30122.3,30122.3,,2087.0,2470.0,,,,
8457327,1305.7,1305.7,,78.0,90.0,26.3,36.8,42.8,
8457366,10227.1,9852.2,11164.5,571.0,879.0,,,,
8491631,244.0,244.0,,38.0,22.0,37.7,45.0,49.5,
8491667,595.3,595.3,,26.0,68.0,11.8,18.6,24.3,
8491726,3423.0,3423.0,,348.0,248.0,,,,
8491741,18242.0,18242.0,,1229.0,2098.0,,,,
8491764,5797.7,5797.7,,380.0,406.0,31.9,41.5,44.9,
8491785,5391.3,5399.6,5370.5,335.0,435.0,29.5,36.8,39.7,
8491819,418.0,418.0,,35.0,41.0,39.5,48.3,53.1,
8491846,4583.0,4216.0,5317.0,294.0,337.0,23.3,29.5,33.5,
8492108,24588.0,24588.0,,1873.0,2131.0,41.7,54.8,62.5,
8492130,1389.7,1389.7,,103.0,121.0,,,,
8492199,4816.7,4816.7,,378.0,433.0,,,,0.149
8492330,14828.7,14828.7,,992.0,1036.0,46.1,54.5,61.5,
8492350,13696.3,13696.3,,911.0,1280.0,,,,
8492379,18115.5,18115.5,,1069.0,1275.0,49.2,61.1,67.0,
8492438,22447.3,22447.3,,1368.0,1551.0,57.4,66.5,72.7,
8492453,557.0,557.0,,35.0,47.0,32.7,43.1,48.3,
8492507,12070.7,12070.7,,977.0,1090.0,,,,
8492527,11400.7,11400.7,,892.0,932.0,,,,
8492593,298.3,298.3,,17.0,27.0,39.2,48.7,54.5,
8492619,12268.3,12268.3,,1037.0,1166.0,,,,
8492712,29374.3,29374.3,,2286.0,2550.0,,,,
8534203,1779.0,1779.0,,187.0,157.0,40.2,48.2,52.7,
8535198,15967.7,16247.6,15268.0,1430.0,902.0,,,,
8535201,3249.3,3249.3,,261.0,280.0,41.8,49.6,54.7,
8535805,16734.0,16734.0,,839.0,1402.0,,,,
8535944,3424.0,3424.0,,371.0,361.0,33.1,41.6,46.5,
8536083,12697.7,12697.7,,797.0,898.0,,,,
8536222,20038.7,20038.7,,1011.0,1207.0,,,,
8536355,16365.1,17143.0,15392.8,735.0,1255.0,,,,
8536762,17653.0,17653.0,,1055.0,1476.0,,,,
8539655,21491.9,21851.4,20593.0,1280.0,1271.0,41.3,52.2,58.6,
8540403,16766.9,17279.6,15485.0,1077.0,1063.0,,,,0.168
8540478,16109.4,18445.4,13189.5,1458.0,998.0,,,,
8540536,6975.3,6975.3,,404.0,443.0,30.9,39.5,44.7,
8540537,19893.6,19972.8,19695.5,966.0,1218.0,38.8,49.2,56.1,
8540609,24926.7,24926.7,,1302.0,1951.0,,,,
8540612,32642.3,32642.3,,2956.0,1912.0,,,,
8540650,1596.7,1596.7,,112.0,128.0,26.1,33.5,37.8,
8564352,19082.3,19082.3,,1694.0,1123.0,,,,
8564418,2018.3,2018.3,,220.0,174.0,36.4,43.9,48.7,
8564480,1905.9,1815.0,2133.0,105.0,178.0,23.1,30.0,34.3,
8566018,979.0,979.0,,121.0,97.0,38.2,48.8,54.0,
8566075,943.0,943.0,,97.0,82.0,26.4,29.9,33.8,
8566077,1936.3,1936.3,,260.0,147.0,31.9,41.8,46.4,
8566211,37703.0,37703.0,,2567.0,2683.0,,,,
8566286,4564.3,4564.3,,331.0,338.0,32.5,39.4,44.0,
8566492,18266.3,18266.3,,1129.0,1489.0,,,,
8566503,21291.3,21291.3,,2009.0,1242.0,,,,
8566546,2138.0,2138.0,,332.0,238.0,33.7,42.4,47.3,
8566594,14503.7,14503.7,,896.0,862.0,36.8,47.0,52.5,
8566652,3611.0,3611.0,,419.0,340.0,38.4,46.6,51.3,
8570813,608.0,608.0,,45.0,88.0,35.9,43.8,48.9,
8570852,3881.0,3881.0,,338.0,399.0,33.8,39.3,43.7,
8570974,4322.3,4322.3,,358.0,446.0,33.6,41.6,47.7,
8571067,5692.0,5692.0,,476.0,586.0,19.5,31.7,36.9,
8571102,578.0,578.0,,59.0,46.0,23.3,32.0,35.0,
8571266,15670.5,15670.5,,925.0,919.0,37.9,46.7,51.1,
8571429,10896.7,10896.7,,1079.0,616.0,,,,
8593731,9235.7,9235.7,,1413.0,423.0,,,,
8593755,9521.7,9521.7,,454.0,983.0,,,,
8593792,1013.0,1013.0,,102.0,76.0,35.7,43.9,49.9,
8593793,8772.7,8772.7,,557.0,635.0,,,,
8593989,15283.7,15283.7,,993.0,1097.0,,,,
8594079,1294.3,1294.3,,87.0,141.0,33.9,41.5,46.2,
8594395,12349.0,11788.2,13751.0,845.0,857.0,,,,
8594542,4311.3,4311.3,,407.0,436.0,,,,
8594549,1297.0,1297.0,,117.0,132.0,40.1,48.2,53.1,
8594855,5310.7,5310.7,,368.0,431.0,,,,
8594872,9486.7,9486.7,,826.0,797.0,45.2,54.1,59.4,
8594878,12581.0,12581.0,,944.0,1204.0,49.6,58.8,64.1,
8594906,18784.3,18784.3,,1606.0,1883.0,,,,
8608450,18205.0,18205.0,,1154.0,1103.0,,,,
8608560,9485.0,9485.0,,639.0,750.0,40.0,48.6,54.1,
8608611,479.0,479.0,,73.0,72.0,33.9,42.4,47.0,
8608845,16642.0,16642.0,,1102.0,1182.0,54.5,62.7,67.9,
8609044,12097.0,12097.0,,682.0,1208.0,,,,
8609059,12594.7,12594.7,,822.0,1039.0,,,,
8609111,10587.3,10587.3,,789.0,762.0,,,,
8609163,22187.0,22187.0,,1591.0,1695.0,48.6,56.5,62.0,
8649140,1468.0,1468.0,,159.0,154.0,41.4,52.5,58.7,
8649455,3085.7,3085.7,,311.0,313.0,37.1,44.2,49.0,
8649755,11411.3,11411.3,,647.0,854.0,,,,
8649806,18329.0,18329.0,,1409.0,1292.0,,,,
8676863,26723.3,26723.3,,1771.0,1756.0,,,,
8676871,19386.3,19386.3,,1588.0,1412.0,,,,
8676900,10346.3,10346.3,,650.0,699.0,,,,
8676918,3208.1,3457.8,2584.0,190.0,216.0,,,,0.253
8676956,20620.3,20620.3,,1722.0,1490.0,,,,
8676965,13196.3,13196.3,,842.0,1277.0,,,,
8676973,530.0,530.0,,75.0,60.0,29.0,37.3,42.3,
8676989,1021.0,1021.0,,96.0,101.0,36.9,44.3,48.9,
8677107,1109.0,1109.0,,89.0,89.0,49.0,57.8,63.1,
8677182,7491.9,7392.0,7741.5,401.0,423.0,29.6,39.1,44.5,
8677192,7297.0,7297.0,,419.0,372.0,27.9,37.4,42.5,
8677219,6165.0,6374.4,5641.5,398.0,508.0,34.0,39.6,44.1,
8677227,11256.0,11256.0,,618.0,702.0,,,,
8677261,3746.4,3746.4,,311.0,320.0,34.1,42.4,47.9,
8677426,11785.3,11884.2,11538.0,1012.0,665.0,,,,
8677431,11711.7,11711.7,,512.0,998.0,,,,
8677449,3888.7,3961.0,3708.0,247.0,265.0,22.2,29.6,34.5,
8677482,6729.4,6911.0,6275.5,679.0,448.0,,,,
8677495,12032.7,12032.7,,839.0,765.0,,,,
8679911,8889.0,8889.0,,699.0,718.0,42.6,49.4,54.1,
8679966,9579.7,9579.7,,608.0,719.0,,,,
8680014,7545.3,7545.3,,404.0,639.0,,,,
8680039,7947.0,7947.0,,646.0,543.0,,,,
8680055,17091.0,17091.0,,692.0,1535.0,,,,
8680067,8490.0,8490.0,,411.0,498.0,30.5,41.8,47.1,
8680156,9004.3,9004.3,,519.0,770.0,,,,
8680221,6880.0,6880.0,,438.0,548.0,34.3,42.0,47.5,
8680552,9513.0,9513.0,,584.0,528.0,31.9,41.8,47.0,
8680749,6472.7,6472.7,,599.0,569.0,,,,
8680808,15764.0,15764.0,,1284.0,921.0,,,,
8680820,6067.0,6067.0,,342.0,420.0,,,,
8680975,12832.0,12832.0,,963.0,1070.0,,,,
8681095,22649.0,22649.0,,1509.0,1505.0,,,,
8681100,16807.7,16807.7,,1314.0,986.0,,,,
8681183,9731.0,9731.0,,572.0,855.0,,,,
8696058,2067.7,2067.7,,162.0,192.0,,,,
8701041,5268.0,5268.0,,547.0,625.0,45.0,49.8,54.8,
8704908,8191.3,8191.3,,457.0,616.0,,,,
8704930,10055.7,10055.7,,903.0,753.0,,,,
8708497,6513.0,6513.0,,405.0,479.0,,,,
8708623,581.0,581.0,,46.0,57.0,28.8,36.3,39.3,
8708642,6186.3,6186.3,,509.0,546.0,,,,
8708652,880.0,880.0,,57.0,77.0,29.1,37.0,40.0,
8708805,12474.0,12474.0,,850.0,1161.0,,,,
8708813,855.0,855.0,,64.0,75.0,30.3,38.3,42.6,
8714046,3470.7,3470.7,,230.0,329.0,,,,
8731008,13532.0,13532.0,,1354.0,1009.0,,,,
8731054,13513.3,13513.3,,1100.0,1090.0,,,,
8731110,12033.7,12033.7,,1390.0,1018.0,,,,
8731227,7240.7,7240.7,,393.0,527.0,,,,
8731271,16939.0,16939.0,,1486.0,1513.0,,,,
8731343,18048.3,18048.3,,1538.0,1594.0,57.2,64.5,69.7,
8731402,18770.0,18770.0,,1528.0,1583.0,54.5,63.0,68.0,
8731432,32091.3,32091.3,,2038.0,2959.0,53.3,63.3,68.9,
8731456,15331.3,15331.3,,963.0,1369.0,,,,
8731564,9112.7,9112.7,,674.0,967.0,,,,
8731615,30523.3,30523.3,,2195.0,2775.0,,,,
8731675,31622.7,31622.7,,1876.0,2669.0,47.4,54.5,59.1,
8740062,11871.7,11871.7,,1429.0,1007.0,,,,
8740174,17557.7,17557.7,,1499.0,1333.0,,,,
8740177,18712.7,18712.7,,1061.0,1916.0,,,,
8740277,1215.0,1215.0,,79.0,142.0,41.8,49.9,54.9,
8740333,2046.0,2046.0,,129.0,297.0,42.5,49.9,56.7,
8740371,2019.7,2019.7,,199.0,211.0,43.1,52.0,57.5,
8740385,2324.7,2324.7,,192.0,264.0,40.3,48.4,53.7,
8740759,686.0,686.0,,60.0,69.0,41.0,49.8,57.3,
8740881,358.0,358.0,,37.0,40.0,37.6,48.7,54.1,
8740903,104.0,104.0,,15.0,12.0,34.0,42.5,47.2,
8740952,14790.8,15637.0,13733.0,948.0,1437.0,,,,
8741040,610.0,610.0,,86.0,55.0,,,,
8741065,290.0,290.0,,25.0,30.0,36.1,47.3,56.8,
8741134,359.7,359.7,,33.0,34.0,,,,
8741191,12445.1,12607.0,12040.5,682.0,1116.0,,,,
8741261,9360.7,9082.6,10056.0,615.0,479.0,30.9,42.2,48.0,
8741282,8699.0,8699.0,,652.0,487.0,34.2,44.1,49.3,
8741480,920.7,920.7,,128.0,105.0,24.9,33.5,38.2,
8741518,15528.0,15528.0,,823.0,1364.0,,,,
8745535,575.7,575.7,,48.0,44.0,30.6,39.9,45.0,
8745590,22555.7,22555.7,,1338.0,1680.0,,,,
8745656,853.0,853.0,,80.0,102.0,48.2,57.8,63.9,
8745697,13091.3,13328.0,12499.5,873.0,980.0,,,,
8745722,25109.5,25109.5,,1363.0,1749.0,56.0,64.6,69.8,
8745943,2226.0,2226.0,,231.0,198.0,,,,
8754031,27078.0,27078.0,,1713.0,1895.0,63.7,72.0,77.8,
8754180,9894.4,10776.0,7690.5,488.0,1523.0,,,,
8754208,1060.0,1060.0,,110.0,104.0,34.7,42.4,46.7,
8754237,1439.0,1439.0,,149.0,139.0,36.6,44.1,48.3,
8754259,12046.0,12046.0,,1236.0,906.0,,,,
8754292,568.5,568.5,,43.0,33.0,33.0,43.0,48.5,
8754471,3796.7,3796.7,,350.0,271.0,,,,
8754642,3958.0,3958.0,,378.0,401.0,34.9,42.9,47.7,
8771356,10786.0,10786.0,,594.0,1198.0,,,,
8771515,906.0,906.0,,75.0,82.0,,,,
8771634,8437.7,9624.4,5471.0,1004.0,905.0,,,,
8771755,389.3,389.3,,46.0,42.0,28.8,38.6,44.6,
8771849,2953.0,2953.0,,254.0,259.0,29.7,36.9,39.9,
8790532,22723.0,22723.0,,2212.0,2124.0,55.3,64.5,71.4,
8791792,9586.7,9586.7,,759.0,667.0,,,,
8793618,16120.7,16120.7,,1102.0,1370.0,59.4,66.9,72.5,
8793731,18799.3,18799.3,,1492.0,1524.0,,,,
8794078,21807.3,21807.3,,1415.0,1521.0,50.1,58.5,63.9,
8794156,33591.7,33591.7,,2460.0,2948.0,55.4,63.9,69.6,
8802574,991.7,991.7,,70.0,94.0,,,,
8802578,12157.3,12157.3,,1183.0,965.0,,,,
8822690,4550.3,4550.3,,398.0,301.0,,,,
8822783,9416.0,9416.0,,661.0,676.0,46.0,53.4,58.7,
8823845,285.0,285.0,,24.0,25.0,30.9,42.4,48.2,
8824003,2641.0,2641.0,,251.0,232.0,36.1,44.4,49.2,
8824008,8646.3,8646.3,,1008.0,487.0,,,,
8837275,973.6,1095.3,791.0,96.0,91.0,27.9,34.8,39.0,
8837323,14460.3,14460.3,,1139.0,927.0,,,,
8837371,21473.7,21473.7,,1611.0,1485.0,,,,
8837409,17103.3,17103.3,,1092.0,1274.0,,,,
8837494,103.0,103.0,,12.0,16.0,15.9,27.6,34.5,
8837555,1198.0,1198.0,,132.0,116.0,30.4,38.9,43.6,
8837556,5715.0,5715.0,,545.0,340.0,,,,
8837644,14592.0,14592.0,,1214.0,1005.0,,,,
8837833,22320.0,22320.0,,1485.0,1693.0,57.9,67.2,73.1,
8837842,14895.3,14895.3,,875.0,990.0,,,,
8837849,30222.3,30222.3,,1967.0,2052.0,60.0,68.6,76.8,
8855171,6531.3,6531.3,,519.0,559.0,37.9,44.4,49.0,
8855194,6213.3,6213.3,,632.0,730.0,46.9,53.8,58.8,
8855255,14577.7,14577.7,,1174.0,982.0,,,,
8855295,675.0,675.0,,52.0,88.0,31.5,37.5,39.6,
8855366,15014.3,15014.3,,864.0,1008.0,,,,
8855392,5175.0,5175.0,,514.0,534.0,45.0,53.3,58.3,
8855433,14589.0,14589.0,,1181.0,1015.0,,,,
8855504,20177.7,20177.7,,1581.0,1874.0,,,,
8856157,7654.0,7654.0,,845.0,749.0,42.8,51.6,57.0,
8885848,2692.0,2692.0,,218.0,215.0,41.4,49.1,54.6,
8896430,336.0,336.0,,32.0,41.0,29.3,41.1,47.5,
8896527,464.0,464.0,,34.0,39.0,,,,
8896550,541.0,541.0,,144.0,50.0,31.6,43.0,53.2,
8896617,256.0,256.0,,27.0,32.0,30.6,39.0,43.6,
8896633,8851.0,8851.0,,600.0,626.0,47.7,54.6,59.6,
8896732,1668.5,1668.5,,271.0,153.0,33.7,41.9,46.7,
8896767,392.0,392.0,,38.0,28.0,27.3,34.6,39.0,
8905938,2990.7,2990.7,,281.0,323.0,37.1,43.3,47.6,
8905943,5732.0,5732.0,,570.0,569.0,42.5,52.1,57.2,
8929146,16417.0,17101.0,14707.0,1248.0,1270.0,,,,
8929148,29004.0,29004.0,,1693.0,1908.0,54.5,63.6,69.1,
8929157,8092.5,8092.5,,496.0,640.0,42.8,49.3,54.2,
8930393,23389.6,24900.2,19613.0,2471.0,1518.0,,,,
8930395,8895.0,9187.0,8165.0,770.0,556.0,,,,
8947514,40520.0,40520.0,,3491.0,3283.0,,,,
8984985,3302.0,3302.0,,244.0,227.0,43.8,52.1,57.6,
8985198,13588.0,13588.0,,1040.0,1200.0,,,,
8985202,822.0,822.0,,78.0,79.0,38.4,46.9,52.7,
8985217,33101.3,33101.3,,2352.0,2624.0,43.6,53.9,61.5,
8985230,13163.0,13163.0,,1060.0,986.0,,,,
8985249,2808.7,2808.7,,287.0,254.0,37.6,47.0,52.6,
8985318,1850.0,1850.0,,185.0,158.0,37.8,47.8,52.1,
8985340,4929.0,4929.0,,390.0,476.0,28.6,36.8,41.1,
8985453,17696.6,18340.2,16087.5,954.0,1823.0,,,,
8985476,671.0,671.0,,71.0,64.0,38.9,47.0,49.7,
8985564,261.0,261.0,,22.0,24.0,31.2,41.6,48.2,
8985652,1537.0,1720.3,1262.0,195.0,162.0,38.7,47.4,52.3,
8985692,1860.6,2096.0,1507.5,228.0,193.0,37.1,46.8,52.1,
9011146,16324.0,16324.0,,1273.0,1276.0,,,,
9011161,17748.3,17748.3,,1489.0,1267.0,,,,
9011460,11749.3,12148.6,10751.0,670.0,1032.0,,,,
9011534,19741.7,19741.7,,1093.0,2360.0,,,,
9011590,17632.7,17632.7,,969.0,2113.0,,,,
9011614,15823.9,16585.2,13920.5,1718.0,1053.0,,,,
9011634,13601.0,13601.0,,1043.0,1058.0,,,,
9011650,13592.3,13592.3,,921.0,993.0,,,,
9011657,196.7,196.7,,34.0,20.0,29.0,36.7,39.1,
9011683,1240.3,1240.3,,116.0,107.0,35.6,43.5,47.7,
9011793,16044.7,16044.7,,1089.0,1131.0,,,,
9011847,16218.0,16218.0,,1039.0,1025.0,,,,
9011963,18447.3,18447.3,,1162.0,1299.0,,,,
9012724,884.5,884.5,,70.0,70.0,40.6,52.4,58.0,
9035601,16845.0,16845.0,,1137.0,1160.0,55.8,64.0,69.6,
9035659,16540.0,16540.0,,1013.0,1210.0,,,,
9035729,1554.0,1554.0,,180.0,146.0,24.8,33.0,37.5,
9035789,6459.3,6459.3,,500.0,531.0,,,,
9035833,425.0,425.0,,47.0,50.0,26.6,39.0,44.1,
9035867,747.0,747.0,,73.0,79.0,30.8,37.7,42.9,
9035888,7043.3,7294.2,6416.0,416.0,493.0,,,,0.211
9035958,4185.0,4185.0,,559.0,569.0,43.7,49.9,54.9,
9038143,8571.0,8571.0,,885.0,754.0,44.2,52.7,57.4,
9038253,2371.0,2371.0,,126.0,200.0,46.3,54.7,61.5,
9038378,15221.7,15221.7,,1182.0,1146.0,40.6,47.3,50.0,
9038593,432.0,432.0,,47.0,51.0,39.3,48.9,54.0,
9038621,23554.0,23554.0,,1712.0,1749.0,44.6,53.8,58.9,
9038700,4136.0,4136.0,,235.0,382.0,,,,
9038730,235.0,235.0,,20.0,24.0,36.4,43.8,48.3,
9038749,7695.0,7695.0,,701.0,594.0,,,,
9038792,16283.7,16283.7,,1054.0,1320.0,,,,
9065918,20662.5,20662.5,,1351.0,1535.0,51.2,62.3,68.5,
9065947,36508.0,37895.8,33038.5,2483.0,2460.0,,,,
9065951,272.0,272.0,,36.0,26.0,34.3,42.4,48.0,
9066085,24804.7,24804.7,,1629.0,1737.0,54.2,63.4,69.1,
9066159,1700.0,1700.0,,196.0,151.0,35.3,41.8,44.4,
9066185,12216.7,12216.7,,892.0,959.0,,,,
9066262,2684.7,2684.7,,209.0,220.0,31.8,38.3,42.8,
9084802,15711.0,15711.0,,1045.0,1454.0,,,,
9084874,18469.0,18469.0,,1464.0,1612.0,,,,
9084975,23895.3,23895.3,,1477.0,1586.0,51.3,58.8,64.0,
9085006,9683.4,9690.0,9667.0,511.0,587.0,34.8,43.9,49.4,
9085034,2743.0,2743.0,,305.0,210.0,,,,
9085266,2622.7,2622.7,,183.0,273.0,,,,
9085367,20204.3,20204.3,,1215.0,1424.0,,,,
9085387,18371.7,18371.7,,1290.0,1377.0,,,,
9085418,33335.0,33335.0,,2560.0,2553.0,57.0,68.9,76.9,
9085469,2458.0,2458.0,,181.0,229.0,34.7,42.5,47.1,
9085497,2410.0,2410.0,,422.0,214.0,46.1,54.2,59.2,
9085559,16071.0,16071.0,,996.0,1570.0,,,,
9085563,18074.7,18074.7,,1751.0,1477.0,,,,
9085572,10806.0,10806.0,,715.0,993.0,,,,
9085605,16648.0,16648.0,,1000.0,1769.0,52.1,61.5,66.5,
9085646,3882.0,3882.0,,418.0,420.0,29.6,36.9,39.4,
9085867,8099.7,8099.7,,767.0,515.0,,,,
9085868,12053.0,12053.0,,1053.0,846.0,,,,
9085915,9325.0,9325.0,,471.0,850.0,,,,
9085984,7150.0,7150.0,,353.0,598.0,,,,
9086155,8105.7,8105.7,,596.0,703.0,,,,
9086163,26799.7,26799.7,,1948.0,1660.0,36.7,48.9,54.7,
9086214,11380.3,11447.6,11212.0,927.0,668.0,,,,
9086247,15212.0,15212.0,,944.0,1084.0,41.1,48.6,53.5,
9086379,23743.3,23743.3,,1778.0,1917.0,,,,
9086391,1714.7,1714.7,,89.0,134.0,31.1,39.8,46.9,
9086573,12453.7,12453.7,,1060.0,838.0,,,,
9109255,1487.0,1487.0,,113.0,172.0,44.8,53.7,59.1,
9109303,11425.4,11250.8,11862.0,687.0,737.0,,,,
9109326,622.3,622.3,,35.0,59.0,30.7,39.4,44.4,
9109392,917.0,917.0,,79.0,106.0,35.7,43.9,48.3,
9109438,904.0,904.0,,102.0,86.0,35.9,44.2,49.2,
9109590,22248.0,22248.0,,1184.0,1825.0,56.1,63.7,69.0,
9109627,11760.3,11760.3,,890.0,985.0,,,,
9109693,20584.3,20584.3,,964.0,1854.0,,,,
9109881,465.0,465.0,,36.0,39.0,41.5,49.5,54.9,
9109964,604.7,604.7,,40.0,61.0,23.0,32.0,36.8,
9110126,5677.0,5677.0,,628.0,446.0,,,,
9110157,23563.0,23563.0,,1247.0,1959.0,37.3,44.1,48.8,
9110187,219.0,219.0,,17.0,27.0,34.9,44.4,49.2,
9134207,2106.0,2106.0,,181.0,245.0,43.5,51.2,54.7,
9134250,993.0,993.0,,59.0,98.0,30.0,38.8,43.6,
9134251,20820.7,20820.7,,962.0,1860.0,,,,
9134281,39905.0,39905.0,,2767.0,3014.0,63.2,71.4,76.6,
9134963,1023.3,1023.3,,60.0,103.0,29.5,38.5,43.1,
9134965,18664.2,19637.5,16717.7,1197.0,1548.0,,,,
9134968,5672.0,5672.0,,502.0,648.0,46.8,54.8,61.7,
9135125,5412.3,5412.3,,487.0,464.0,,,,0.114
9135170,7412.7,8120.4,5643.5,682.0,604.0,,,,
9135203,2858.0,2858.0,,160.0,269.0,34.3,39.7,44.0,
9135222,3313.7,3313.7,,191.0,315.0,42.2,49.6,54.7,
9135232,2550.0,2550.0,,217.0,262.0,40.9,49.8,56.9,
9135255,43029.0,43029.0,,2710.0,3183.0,59.4,69.6,77.4,
9135392,12854.7,12854.7,,677.0,1321.0,,,,
9135396,17433.0,17433.0,,2152.0,990.0,,,,
9135468,9252.0,9252.0,,522.0,858.0,,,,
9171018,1543.7,1543.7,,142.0,154.0,32.6,39.6,44.3,
9171301,21976.3,21976.3,,1290.0,1566.0,,,,
9171598,7340.1,8082.4,5484.5,827.0,535.0,,,,
9171609,7205.9,7365.8,6806.0,486.0,631.0,,,,
9171731,8457.3,8457.3,,752.0,575.0,,,,
9171773,12195.7,12195.7,,934.0,1037.0,,,,
9171812,9102.3,9102.3,,790.0,905.0,,,,
9171873,7781.3,7781.3,,422.0,645.0,,,,
9174110,8799.3,8799.3,,851.0,582.0,,,,
9186307,7529.7,7529.7,,398.0,942.0,,,,
9187236,8576.0,8576.0,,452.0,734.0,,,,
9187244,13877.0,13877.0,,984.0,1178.0,,,,
9187249,6724.0,6724.0,,633.0,852.0,31.7,38.5,42.1,
9187380,5673.8,5673.8,,367.0,474.0,,,,
9212219,753.3,753.3,,140.0,82.0,,,,
9212220,7180.0,7180.0,,390.0,582.0,,,,
9212291,11485.0,11485.0,,786.0,792.0,37.0,44.4,49.4,
9212493,2677.0,2677.0,,295.0,283.0,36.7,43.6,48.2,
9212517,2512.0,2512.0,,282.0,277.0,33.9,39.9,44.5,
9212558,2754.0,2754.0,,307.0,290.0,32.7,39.1,43.3,
9212590,1613.0,1613.0,,188.0,187.0,28.5,34.9,39.4,
9212691,12877.0,12877.0,,1412.0,90.0,,,,0.215
9212877,108.0,108.0,,7.0,14.0,34.8,46.9,52.2,
9212888,816.3,816.3,,37.0,105.0,27.3,34.7,39.5,
9216945,18323.0,18323.0,,1721.0,1123.0,,,,
9217065,9418.0,9418.0,,631.0,804.0,,,,
9233962,10841.3,10841.3,,667.0,930.0,,,,
9234022,1466.3,1466.3,,176.0,159.0,36.2,46.7,51.5,
9234028,12558.5,12558.5,,1177.0,1065.0,54.7,62.3,67.1,
9234196,356.0,356.0,,25.0,37.0,33.2,42.6,49.8,
9234268,6902.0,6902.0,,598.0,509.0,,,,
9234274,11310.0,11310.0,,1144.0,1030.0,61.5,72.8,114.5,
9234280,346.0,346.0,,39.0,60.0,39.2,49.9,56.2,
9234660,15739.3,15739.3,,1119.0,1268.0,,,,
9234701,15387.7,15387.7,,1086.0,1045.0,,,,
9246239,397.3,397.3,,70.0,49.0,18.9,27.7,29.8,
9246374,10733.3,10733.3,,629.0,1011.0,,,,
9246446,18354.7,18354.7,,1516.0,1316.0,,,,
9246491,16538.7,16538.7,,1080.0,1225.0,,,,
9246504,16613.7,16613.7,,1315.0,1166.0,,,,
9246510,15531.0,15531.0,,938.0,1218.0,50.2,61.3,68.0,
9246522,15578.0,15578.0,,1172.0,973.0,57.4,66.7,73.7,
9246526,16165.0,16165.0,,1140.0,1199.0,,,,0.057
9246564,465.0,465.0,,67.0,46.0,19.3,29.1,37.6,
9246617,15622.0,15622.0,,1117.0,1258.0,,,,
9246624,17077.7,17077.7,,1298.0,1215.0,,,,
9246660,1590.0,1590.0,,180.0,234.0,39.2,48.2,53.5,
9246755,1651.0,1651.0,,148.0,142.0,42.5,52.7,58.3,
9246841,993.5,993.5,,76.0,115.0,18.3,28.4,37.4,
9246853,1732.0,1732.0,,200.0,240.0,39.8,48.6,53.7,
9270449,5605.3,5605.3,,399.0,468.0,29.2,36.3,39.5,
9270561,9362.3,9362.3,,968.0,702.0,,,,
9270584,1549.0,1549.0,,178.0,155.0,34.0,39.3,43.5,
9270612,2270.0,2270.0,,116.0,328.0,,,,
9278298,3965.0,3965.0,,319.0,355.0,29.5,38.1,42.3,
9278364,890.0,890.0,,62.0,88.0,31.6,38.5,42.6,
9278412,1788.4,1788.4,,150.0,169.0,37.1,44.3,49.6,
9278449,2600.7,2600.7,,185.0,310.0,40.0,47.9,53.0,
9278569,542.0,542.0,,41.0,73.0,44.4,54.1,59.5,
9278612,21639.3,24010.6,15711.0,2308.0,2205.0,,,,
9278642,495.0,495.0,,59.0,49.0,31.4,41.4,46.8,
9278680,551.0,551.0,,58.0,60.0,26.5,34.1,39.8,
9278721,10557.3,10557.3,,1005.0,1067.0,43.2,49.7,54.7,
9278775,404.0,404.0,,39.0,48.0,33.6,43.9,49.1,
9278799,40278.0,40278.0,,2409.0,2793.0,,,,
9278884,4541.0,4541.0,,495.0,446.0,48.8,54.6,59.5,
9278908,21723.7,21723.7,,1232.0,1723.0,,,,
9278916,21578.7,21578.7,,1409.0,1365.0,,,,
9278922,2005.0,2005.0,,156.0,275.0,38.8,46.5,49.8,
9278939,1464.7,1464.7,,115.0,208.0,31.6,38.3,42.4,
9278953,6672.0,6672.0,,487.0,559.0,36.8,44.6,49.5,
9278959,2071.0,2071.0,,187.0,248.0,35.1,42.2,46.2,
9311742,91.3,91.3,,14.0,16.0,16.5,26.4,32.2,
9311773,1450.0,1450.0,,152.0,119.0,43.2,51.1,54.7,
9311781,8541.4,9207.6,6876.0,975.0,619.0,,,,
9311859,34389.0,34389.0,,2561.0,2585.0,,,,
9311871,19936.3,19936.3,,1355.0,1308.0,,,,
9313076,550.0,692.0,479.0,70.0,79.0,32.4,43.3,48.7,
9313323,22319.0,22319.0,,1793.0,1542.0,,,,
9313346,4187.0,4187.0,,229.0,357.0,31.2,41.6,47.0,
9313361,10258.0,10258.0,,786.0,896.0,,,,
9313402,16965.0,,16965.0,,,,,,
9340224,4216.3,4216.3,,564.0,410.0,42.3,49.1,54.0,
9340237,4141.0,4141.0,,474.0,353.0,,,,
9340282,8131.2,8217.5,7958.5,339.0,745.0,,,,
9340321,40038.7,40038.7,,3166.0,3138.0,,,,
9340339,18515.7,18515.7,,1694.0,1457.0,,,,
9340400,993.0,993.0,,116.0,110.0,34.9,43.3,47.8,
9340426,1120.0,1120.0,,101.0,122.0,32.2,40.0,44.6,
9340464,394.5,394.5,,55.0,47.0,34.7,43.8,49.7,
9340626,10235.3,10235.3,,697.0,811.0,,,,
9340638,7523.0,7523.0,,532.0,873.0,,,,
9340683,11938.3,11938.3,,872.0,1051.0,,,,
9344421,2546.0,2546.0,,181.0,307.0,24.6,32.8,36.7,
9344861,2254.3,2254.3,,170.0,154.0,30.3,38.0,41.8,
9344878,426.0,442.5,393.0,24.0,40.0,13.0,22.1,24.4,
9344889,14088.3,14088.3,,1298.0,987.0,,,,
9344964,6887.9,7202.4,6101.5,394.0,533.0,,,,
9344974,16339.7,16339.7,,924.0,1326.0,,,,
9345057,5432.3,5432.3,,475.0,457.0,39.8,47.7,52.6,
9345122,937.0,937.0,,92.0,89.0,40.8,48.7,53.6,
9345151,936.5,936.5,,113.0,94.0,40.4,48.6,53.8,
9345234,10405.7,10405.7,,735.0,975.0,,,,
9383460,9370.3,9653.8,8661.5,725.0,981.0,,,,
9383533,10634.3,10634.3,,1049.0,802.0,,,,
9383706,2496.0,2496.0,,311.0,253.0,50.6,59.0,64.3,
9392231,655.7,655.7,,39.0,58.0,38.3,47.2,51.2,
9392292,2608.0,2608.0,,356.0,217.0,32.3,38.4,42.5,
9392334,9013.0,9013.0,,620.0,894.0,,,,
9392385,654.0,654.0,,57.0,57.0,,,,
9392494,356.7,356.7,,25.0,30.0,36.8,46.3,49.9,
9392541,15559.7,15559.7,,1416.0,1169.0,,,,
9392770,769.7,769.7,,51.0,73.0,29.5,38.2,43.0,
9392782,854.0,854.0,,70.0,63.0,34.4,41.6,44.8,
9392838,27050.7,27050.7,,1983.0,2098.0,,,,
9392857,761.3,761.3,,64.0,60.0,35.3,43.5,48.3,
9392899,197.0,197.0,,22.0,20.0,27.5,38.4,43.2,
9392940,4048.0,4048.0,,391.0,442.0,44.9,52.5,57.2,
9392981,1803.3,1803.3,,105.0,183.0,,,,
9393031,899.3,899.3,,113.0,86.0,,,,
9410130,2105.0,2105.0,,158.0,217.0,41.5,49.4,54.9,
9410327,1208.7,1208.7,,124.0,123.0,,,,
9410395,1808.3,1808.3,,301.0,227.0,32.0,39.0,43.0,
9410404,871.0,871.0,,90.0,79.0,26.5,33.8,37.6,
9422235,957.0,957.0,,75.0,84.0,19.6,27.7,29.7,
9422717,2151.0,2151.0,,153.0,194.0,34.3,39.6,43.7,
9422727,2577.0,2577.0,,256.0,246.0,,,,
9422730,2583.0,2583.0,,269.0,247.0,,,,
9445875,3952.0,3952.0,,384.0,312.0,48.7,56.6,61.4,
9445926,408.0,408.0,,13.0,45.0,35.9,47.0,52.3,
9445985,1959.0,1959.0,,326.0,117.0,46.1,53.0,57.3,
9446120,3480.9,3629.8,3108.5,220.0,306.0,22.8,29.7,34.4,
9446137,4719.2,4976.3,4205.0,368.0,434.0,24.8,32.7,34.8,
9446150,1953.7,1953.7,,371.0,181.0,,,,
9446258,180.0,180.0,,19.0,14.0,25.0,33.2,39.1,
9446302,17508.0,17508.0,,1033.0,1094.0,49.2,59.5,66.2,
9446309,224.0,224.0,,16.0,21.0,34.4,48.3,57.2,
9446411,12800.0,12800.0,,1134.0,962.0,,,,
9446422,13293.0,13293.0,,982.0,1038.0,,,,
9467564,949.0,949.0,,133.0,104.0,33.4,43.3,48.8,
9467634,5946.0,5946.0,,686.0,631.0,49.5,57.9,63.1,
9467690,5903.0,5903.0,,659.0,567.0,43.3,49.2,53.8,
9467747,504.5,504.5,,80.0,46.0,38.1,48.3,53.9,
9467795,2254.0,2254.0,,124.0,277.0,40.5,48.8,54.8,
9467832,32972.7,32972.7,,2132.0,2548.0,,,,
9468017,14661.9,15082.4,13610.5,968.0,1128.0,,,,
9468156,16905.7,16905.7,,1179.0,1202.0,,,,
9468258,9163.0,9163.0,,718.0,959.0,49.9,58.6,64.0,
9468315,1242.7,1242.7,,76.0,132.0,41.8,51.8,57.9,
9486723,2330.7,2330.7,,148.0,214.0,39.7,47.9,53.1,
9486784,1257.3,1257.3,,82.0,129.0,38.0,46.8,51.6,
9486961,28011.0,28011.0,,2057.0,2164.0,43.4,52.9,58.6,
9486963,25647.0,25647.0,,1882.0,1969.0,40.2,49.5,54.7,
9486977,12213.0,12213.0,,919.0,932.0,,,,
9486991,24398.3,24398.3,,1731.0,1838.0,42.2,52.8,58.2,
9487234,5898.7,5898.7,,566.0,493.0,,,,
9517407,39979.3,39979.3,,2700.0,2612.0,,,,
9517535,18648.0,18648.0,,1220.0,1476.0,,,,
9517554,35467.3,35467.3,,2460.0,2984.0,56.9,68.9,76.7,
9517596,25705.7,25705.7,,2073.0,1657.0,,,,
9523599,15883.7,15883.7,,978.0,1483.0,,,,
9523610,1654.5,1654.5,,200.0,149.0,38.6,47.7,53.2,
9523712,24986.7,24986.7,,1735.0,1425.0,,,,
9523778,4076.0,4076.0,,434.0,512.0,34.6,39.6,44.5,
9530241,15256.8,16170.8,12819.7,1503.0,1335.0,,,,
9530437,1084.0,1084.0,,188.0,137.0,33.4,43.4,48.5,
9530517,289.0,289.0,,24.0,25.0,27.7,36.1,42.5,
9530521,1502.0,1502.0,,145.0,144.0,42.8,52.5,58.3,
9530651,2865.5,,2865.5,,,43.7,56.0,63.1,
9530711,628.7,628.7,,95.0,57.0,42.2,51.7,57.2,
9530847,1967.7,1967.7,,211.0,183.0,44.1,53.0,58.3,
9530968,2373.3,2373.3,,273.0,261.0,41.0,48.3,52.8,
9531072,1030.0,1030.0,,63.0,114.0,39.2,48.0,53.1,
9531103,2558.7,2558.7,,226.0,280.0,,,,
9531137,12043.7,12043.7,,669.0,792.0,39.3,48.0,52.4,
9531166,1234.0,1234.0,,269.0,161.0,26.7,34.2,38.6,
9531278,1673.0,1673.0,,148.0,212.0,35.0,42.2,47.6,
9531285,1520.0,1520.0,,247.0,177.0,40.4,48.4,53.6,
9531471,25075.0,25075.0,,1687.0,1564.0,52.4,63.2,69.2,
9531475,349.0,349.0,,26.0,29.0,38.2,47.7,52.9,
9531528,11399.0,11399.0,,937.0,998.0,,,,
9531624,5239.7,5239.7,,490.0,504.0,46.6,53.5,58.2,
9531695,5628.0,5628.0,,527.0,537.0,33.2,38.2,39.9,
9531771,487.0,487.0,,71.0,40.0,42.1,48.8,53.8,
9531839,2241.0,2241.0,,180.0,197.0,43.8,53.3,58.8,
9544276,8722.0,8722.0,,889.0,869.0,50.7,59.6,66.1,
9544294,10576.7,10576.7,,977.0,909.0,,,,
9544300,12131.6,13244.2,9350.0,1181.0,1156.0,,,,
9544312,10769.0,10769.0,,950.0,917.0,50.3,58.9,64.0,
9544337,23098.3,23912.6,21062.5,1755.0,1865.0,,,,
9544445,3702.7,3702.7,,318.0,258.0,,,,
9544734,316.0,,316.0,,,34.4,46.8,53.2,
9544805,2892.7,2892.7,,203.0,259.0,40.1,48.0,53.2,
9544853,421.0,421.0,,44.0,57.0,34.0,39.2,42.8,
9544878,3723.0,3723.0,,170.0,319.0,41.5,49.4,54.1,
9544890,412.0,412.0,,41.0,45.0,37.5,46.9,53.7,
9544947,890.0,890.0,,68.0,176.0,32.5,39.9,47.2,
9602688,1055.5,1055.5,,196.0,140.0,36.8,44.9,49.8,
9602752,4971.7,4971.7,,337.0,724.0,,,,
9602756,2334.3,2334.3,,262.0,213.0,,,,
9602797,3341.3,3341.3,,293.0,338.0,30.7,37.7,41.3,
9635533,13198.0,13198.0,,867.0,1323.0,,,,
9637988,22312.0,22392.6,22110.5,1196.0,1492.0,,,,
9638097,837.0,837.0,,67.0,92.0,42.2,53.5,62.0,
9638443,17693.0,17693.0,,1130.0,1178.0,38.4,47.5,51.9,
9638446,10460.0,10460.0,,854.0,691.0,,,,
9638451,17306.3,17306.3,,852.0,1753.0,,,,
9638455,27384.3,27384.3,,2085.0,2235.0,,,,
9655344,14799.3,14799.3,,1526.0,934.0,,,,
9655404,14299.0,14299.0,,1348.0,940.0,,,,
9655508,16311.0,16311.0,,1052.0,1347.0,,,,
9655550,227.5,227.5,,26.0,22.0,35.2,46.1,51.7,
9655638,16058.3,16058.3,,819.0,1289.0,,,,
9655658,18282.7,18282.7,,1127.0,1334.0,,,,
9655707,21059.0,21059.0,,1030.0,1463.0,59.0,68.3,74.5,
9655737,17084.7,17084.7,,1249.0,1198.0,,,,
9655741,10485.0,10485.0,,917.0,838.0,,,,0.073
9655769,13307.0,13307.0,,821.0,1211.0,,,,
9655788,16451.0,16451.0,,1297.0,1187.0,,,,
9655858,14983.3,14983.3,,1178.0,1079.0,,,,
9666999,18576.5,18576.5,,1348.0,1459.0,51.9,62.5,68.7,
9667095,174.7,174.7,,9.0,17.0,,,,0.029
9667114,275.3,275.3,,19.0,23.0,,,,0.035
9667140,16937.7,16937.7,,1106.0,1375.0,,,,
9667141,264.0,264.0,,19.0,28.0,37.0,48.2,53.5,
9667186,6409.3,6409.3,,598.0,722.0,,,,
9667233,174.3,174.3,,10.0,14.0,,,,0.01
9667325,3229.0,3229.0,,146.0,315.0,46.5,54.4,59.6,
9667427,3159.7,3159.7,,145.0,325.0,42.1,49.8,56.1,
9667449,17907.3,17907.3,,1174.0,1436.0,,,,
9667519,6128.0,6128.0,,466.0,578.0,44.5,51.8,56.5,
9667558,357.0,357.0,,33.0,39.0,35.8,47.3,52.7,
9667692,346.5,346.5,,29.0,33.0,37.5,47.9,53.3,
9667935,3283.7,3283.7,,162.0,323.0,42.2,49.2,54.5,
9668028,1029.0,1029.0,,102.0,99.0,45.1,53.7,59.3,
9668079,2246.0,2246.0,,230.0,232.0,,,,
9668305,408.0,408.0,,34.0,48.0,30.3,41.7,49.6,
9668346,462.0,462.0,,39.0,54.0,32.2,43.6,50.0,
9668415,15910.0,15910.0,,1134.0,1004.0,44.0,52.5,58.0,
9668534,20841.4,21366.4,19529.0,1490.0,1415.0,,,,
9668536,337.3,337.3,,20.0,36.0,32.0,41.7,47.3,
9668562,414.0,414.0,,41.0,48.0,35.9,43.3,47.2,
9668677,16329.0,16329.0,,1046.0,1133.0,42.9,49.9,54.4,
9668797,323.0,323.0,,26.0,33.0,39.5,49.1,54.3,
9668824,933.5,933.5,,55.0,91.0,24.5,34.6,41.1,
9694426,2083.7,2083.7,,129.0,208.0,,,,
9694462,2972.3,2972.3,,149.0,305.0,,,,
9694491,719.0,719.0,,89.0,64.0,41.9,49.6,54.6,
9694553,15592.3,15592.3,,1235.0,1243.0,,,,
9694573,26147.0,26147.0,,1758.0,1830.0,59.9,69.9,77.8,
9694584,30775.0,30775.0,,2317.0,2512.0,,,,
9694593,14141.0,14141.0,,1240.0,1112.0,,,,
9694595,23935.0,23935.0,,1635.0,1800.0,59.9,69.2,76.5,
9694705,13047.0,13285.6,12450.5,767.0,1130.0,,,,
9694708,20726.0,20726.0,,1377.0,1373.0,36.7,48.3,54.0,
9694711,13409.0,13409.0,,1020.0,1128.0,,,,
9694792,14600.9,15580.2,12152.5,1320.0,1217.0,,,,
9722525,13331.3,13331.3,,1121.0,1060.0,,,,
9722554,15137.7,15137.7,,836.0,1143.0,,,,
9722577,11325.7,11325.7,,1082.0,962.0,,,,
9722589,12888.5,12888.5,,826.0,861.0,57.1,71.1,77.9,
9722599,14081.3,14081.3,,948.0,931.0,,,,
9722624,16959.3,16959.3,,1155.0,1172.0,,,,
9722625,17776.0,17776.0,,1470.0,1370.0,,,,
9722657,11265.3,11265.3,,806.0,779.0,,,,
9722678,13279.7,14322.8,10672.0,1210.0,1320.0,,,,
9741216,349.7,349.7,,13.0,36.0,36.2,43.3,47.3,
9741259,27039.0,27039.0,,1863.0,2206.0,31.2,36.0,39.0,
9741291,14200.0,14200.0,,1253.0,1255.0,,,,
9741299,15354.0,16608.6,12217.5,1262.0,1427.0,,,,
9741478,25006.7,25006.7,,1750.0,1976.0,36.3,44.9,49.8,
9741479,20139.0,20139.0,,1853.0,1547.0,,,,
9741512,20657.9,20873.4,20119.0,1268.0,1414.0,45.2,54.6,59.8,
9741581,13131.3,13131.3,,686.0,1242.0,,,,
9741589,13921.7,13921.7,,1117.0,1120.0,,,,
9741663,1582.7,1582.7,,164.0,151.0,43.2,53.8,59.6,
9741741,11814.3,11814.3,,864.0,934.0,,,,
9750939,2056.7,2056.7,,142.0,186.0,41.5,48.4,53.2,
9779365,25375.0,25375.0,,1664.0,1977.0,57.0,66.3,71.6,
9779445,13486.3,13486.3,,939.0,936.0,,,,
9779535,577.7,577.7,,30.0,62.0,40.5,48.4,53.1,
9779541,919.3,919.3,,63.0,82.0,32.7,39.5,44.6,
9779600,779.0,779.0,,55.0,64.0,39.5,46.9,51.4,
9779798,14462.3,14462.3,,878.0,1097.0,,,,
9780104,1510.0,1510.0,,149.0,152.0,37.7,46.4,51.5,
9780144,12524.3,12524.3,,796.0,1290.0,,,,
9780284,14115.3,14115.3,,1009.0,1109.0,,,,
9780576,542.0,542.0,,47.0,80.0,30.3,37.0,39.6,
9781088,14275.7,14275.7,,991.0,988.0,,,,
9781127,30379.7,30379.7,,2173.0,2219.0,,,,
9781140,14351.7,14351.7,,1002.0,1173.0,,,,
9781196,1569.7,1569.7,,101.0,131.0,39.1,47.6,52.6,
9796468,868.7,868.7,,79.0,118.0,38.9,47.6,54.1,
9796562,1027.3,1027.3,,72.0,119.0,18.0,25.0,28.9,
9796670,33996.0,33996.0,,2442.0,2784.0,,,,
9796780,9620.3,9620.3,,541.0,814.0,,,,
9796782,10873.0,10873.0,,736.0,926.0,,,,
9796823,15979.0,15979.0,,943.0,1145.0,47.4,54.8,59.9,
9796840,9884.7,9884.7,,601.0,955.0,,,,
9796850,22731.7,22731.7,,1640.0,1611.0,47.2,57.6,63.2,
9796859,11220.3,11220.3,,938.0,927.0,,,,
9847257,1058.5,1058.5,,135.0,126.0,47.5,58.6,66.9,
9847281,4355.0,4355.0,,375.0,406.0,38.7,47.3,51.9,
9847309,15269.7,15269.7,,1432.0,1154.0,,,,
9847316,18414.5,18414.5,,1106.0,1279.0,49.2,58.0,63.5,
9847452,247.0,247.0,,16.0,24.0,24.1,34.7,39.8,
9847517,7186.7,7186.7,,385.0,571.0,,,,
9848199,332.3,332.3,,25.0,30.0,35.0,43.5,49.0,
9848256,516.0,516.0,,64.0,59.0,32.0,41.7,44.8,
9848299,15828.7,15828.7,,1172.0,1643.0,,,,
9848317,8211.3,8211.3,,437.0,629.0,,,,
9856958,7512.0,7512.0,,503.0,584.0,,,,
9856998,15063.0,15063.0,,1053.0,1256.0,46.0,54.5,59.8,
9857154,7724.0,7724.0,,578.0,751.0,47.3,54.9,60.0,
9879233,7668.7,7668.7,,421.0,576.0,,,,
9879288,14425.0,14425.0,,879.0,1501.0,,,,
9879308,11083.3,11083.3,,1086.0,870.0,,,,
9879354,11322.3,11322.3,,1073.0,1017.0,,,,
9879465,20480.3,20480.3,,1083.0,1796.0,,,,
9879469,23911.0,23911.0,,1961.0,2292.0,57.1,64.3,69.4,
9879522,18300.0,18300.0,,1431.0,1616.0,,,,
9879552,11576.0,11576.0,,884.0,975.0,,,,
9879631,18809.7,18809.7,,1437.0,1655.0,,,,
9879676,17122.7,17122.7,,903.0,1459.0,,,,
9879682,491.7,491.7,,46.0,54.0,31.8,41.8,48.5,
9879826,12368.3,12368.3,,654.0,838.0,,,,
9879849,27931.7,27931.7,,1873.0,1945.0,,,,
9879954,13782.3,13782.3,,1011.0,840.0,,,,
9879968,13885.7,13885.7,,990.0,839.0,,,,
9909353,19121.3,19121.3,,1132.0,1505.0,,,,
9909481,11024.0,11024.0,,831.0,962.0,37.7,47.2,52.6,
9909545,5387.7,5387.7,,429.0,467.0,40.1,47.8,52.5,
9909578,905.0,905.0,,79.0,95.0,32.8,42.3,46.9,
9909580,1993.0,1993.0,,191.0,189.0,38.9,46.5,51.5,
9909601,1225.3,1225.3,,108.0,119.0,27.4,34.0,38.5,
9909609,15188.7,15188.7,,1445.0,1156.0,,,,
9909644,1139.3,1139.3,,74.0,94.0,36.3,44.7,51.5,
9909670,1170.3,1170.3,,102.0,101.0,39.1,49.2,56.1,
9909742,24560.0,24560.0,,1912.0,2170.0,,,,
9909755,24911.0,24911.0,,1911.0,1875.0,58.2,66.3,71.5,
9909829,3833.7,3833.7,,337.0,427.0,39.0,46.1,49.9,
9909993,13736.0,13736.0,,699.0,1483.0,,,,
9910076,27955.7,27955.7,,2101.0,2354.0,,,,
9910147,15823.0,15823.0,,965.0,1414.0,,,,
9910159,14557.0,14557.0,,1449.0,1157.0,,,,
9910283,2027.0,2027.0,,298.0,176.0,45.0,53.8,59.3,
9941005,3115.0,3115.0,,252.0,333.0,31.9,38.5,43.1,
9941305,18802.3,18802.3,,1104.0,1641.0,,,,
9941472,36462.3,36462.3,,2484.0,3121.0,,,,
9941540,680.7,680.7,,42.0,95.0,46.5,56.7,62.8,
9941659,20644.0,20644.0,,1637.0,1679.0,,,,
9941701,4906.3,4906.3,,349.0,490.0,43.9,51.3,55.0,
9941777,19903.7,19903.7,,1718.0,1290.0,,,,
9941811,2530.5,2530.5,,267.0,249.0,35.5,42.4,47.4,
9941835,9438.1,9409.4,9510.0,465.0,540.0,31.5,39.8,46.3,
9941849,12093.0,12093.0,,935.0,713.0,,,,
9941968,17974.3,17974.3,,1787.0,1100.0,,,,
9942100,818.5,818.5,,135.0,80.0,41.9,52.8,58.4,
9942102,847.0,847.0,,68.0,75.0,38.8,48.4,54.0,
9947804,935.0,935.0,,84.0,83.0,34.9,43.6,47.9,
9949810,2103.0,2103.0,,272.0,208.0,37.5,49.7,54.7,
9949838,662.0,662.0,,148.0,61.0,44.5,53.7,59.0,
9949931,9820.0,9820.0,,525.0,817.0,,,,
9949960,462.0,462.0,,53.0,57.0,37.5,46.3,49.6,
9950095,20179.0,20179.0,,1286.0,1559.0,45.8,54.2,59.6,
9950170,1289.0,1289.0,,216.0,133.0,41.7,49.3,54.3,
9950282,981.5,981.5,,226.0,143.0,41.1,49.4,54.8,
9950296,5574.3,5574.3,,677.0,553.0,43.9,49.7,54.3,
9950325,4780.5,4780.5,,591.0,458.0,42.9,52.9,57.8,
9950377,13119.7,13119.7,,948.0,1193.0,52.1,59.1,64.1,
9950387,11211.0,11211.0,,823.0,841.0,43.5,54.9,62.3,
9950398,2224.0,2224.0,,142.0,204.0,39.2,47.6,52.8,
9950436,852.0,852.0,,97.0,93.0,30.4,41.3,46.4,
9950494,6787.3,7744.0,5830.5,308.0,1108.0,,,,
9962784,15351.0,15351.0,,1233.0,1083.0,,,,
9962789,3998.0,3998.0,,570.0,362.0,39.8,47.1,52.4,
9962920,4414.0,4414.0,,431.0,418.0,40.8,48.3,53.2,
9962967,1005.7,1005.7,,182.0,84.0,34.2,41.5,44.7,
9963001,1532.5,1532.5,,197.0,195.0,43.9,53.2,59.4,
9963033,3884.0,3884.0,,587.0,397.0,43.8,50.0,54.9,
9963217,15.0,15.0,,2.0,4.0,,,,
9963255,2006.0,2006.0,,410.0,214.0,43.3,51.7,55.0,
9963276,554.7,554.7,,141.0,77.0,36.0,44.8,50.0,
9980168,8475.5,9303.0,7648.0,1161.0,479.0,,,,
9980235,7282.3,7282.3,,531.0,550.0,,,,
9980246,3323.7,3323.7,,300.0,309.0,39.8,48.4,53.4,
9980335,10124.7,10124.7,,723.0,644.0,,,,
9980345,10090.7,10090.7,,507.0,707.0,,,,
9980469,559.0,559.0,,58.0,54.0,41.2,52.6,58.8,
9980650,9351.1,9378.6,9282.5,664.0,646.0,,,,
10010484,661.5,661.5,,39.0,57.0,43.9,54.7,61.2,
10010625,11207.6,11543.4,10368.0,1230.0,658.0,,,,
10010682,180.0,180.0,,39.0,43.0,25.4,33.2,34.7,
10010694,227.5,227.5,,26.0,20.0,25.4,32.5,34.5,
10010733,525.0,525.0,,48.0,52.0,37.2,49.1,54.0,
10010771,4276.1,4624.4,3405.5,284.0,293.0,,,,0.274
10011214,3506.0,3506.0,,350.0,315.0,42.0,49.5,54.4,
10034732,618.3,618.3,,49.0,60.0,32.4,40.0,46.5,
10034892,2785.0,2785.0,,168.0,231.0,,,,
10034980,337.7,337.7,,25.0,37.0,35.2,43.2,47.6,
10035183,795.0,795.0,,118.0,103.0,23.3,32.7,37.1,
10035253,1063.0,1063.0,,165.0,86.0,29.8,37.0,39.8,
10035656,796.0,796.0,,123.0,110.0,35.9,44.2,49.0,
10035736,965.0,965.0,,227.0,122.0,30.5,38.2,43.5,
10035820,1997.3,1997.3,,365.0,164.0,36.5,44.6,49.7,
10071086,3405.0,3405.0,,223.0,255.0,42.1,51.6,57.7,
10071102,22052.3,22052.3,,1310.0,1711.0,,,,
10071202,12666.0,12666.0,,915.0,973.0,44.9,52.1,57.6,
10071305,657.0,657.0,,45.0,59.0,40.2,51.3,57.7,
10071356,882.0,882.0,,60.0,78.0,43.8,57.2,63.4,
10071480,2572.0,2572.0,,135.0,282.0,36.6,43.2,47.0,
10071501,41802.3,41802.3,,2773.0,3056.0,,,,
10071609,19963.7,19963.7,,1506.0,1740.0,51.8,59.0,63.9,
10071734,2485.0,2485.0,,271.0,211.0,33.6,42.2,46.1,
10079822,366.5,366.5,,42.0,38.0,27.3,42.9,48.6,
10079866,2845.0,2845.0,,416.0,228.0,,,,
10085782,1061.3,1061.3,,100.0,92.0,32.0,39.9,44.9,
10085905,1235.0,1235.0,,128.0,124.0,35.6,43.7,49.3,
10092803,29007.3,29007.3,,1830.0,2372.0,,,,
10092944,1943.0,1943.0,,226.0,229.0,32.1,38.6,42.9,
10092991,24151.3,24151.3,,1564.0,1993.0,57.5,68.1,74.8,
10093007,26643.0,26643.0,,1452.0,2037.0,49.8,58.3,64.0,
10093028,31227.7,31227.7,,2008.0,2494.0,,,,
10093039,16556.0,16556.0,,960.0,1267.0,,,,
10093047,31572.7,31572.7,,2072.0,2573.0,,,,
10093106,3496.0,3496.0,,280.0,291.0,47.0,54.6,61.0,
10133008,37701.0,37701.0,,2566.0,2986.0,44.4,54.3,59.4,
10133019,32822.7,32822.7,,2009.0,2141.0,44.9,57.2,63.3,
10133024,30222.3,30222.3,,1967.0,2052.0,57.6,65.0,71.4,
10133120,1575.0,1575.0,,123.0,147.0,40.8,50.0,56.2,
10133189,17991.0,17991.0,,1479.0,1227.0,,,,
10133403,2326.7,2326.7,,144.0,227.0,40.8,48.8,54.2,
10133464,3546.7,3546.7,,353.0,307.0,,,,
10133494,394.3,394.3,,40.0,45.0,34.4,43.3,48.1,
10133532,1150.5,1150.5,,114.0,106.0,35.8,42.8,46.5,
10133584,703.5,703.5,,61.0,74.0,34.3,42.9,47.8,
10133602,357.0,357.0,,32.0,36.0,23.0,34.2,39.4,
10133671,486.0,486.0,,63.0,58.0,31.6,39.1,43.4,
10133742,21008.7,21008.7,,1559.0,1609.0,57.2,64.8,71.2,
10133795,10943.0,10943.0,,947.0,904.0,,,,
10133814,17573.7,17573.7,,1127.0,1541.0,,,,
10133844,13083.0,13083.0,,943.0,1097.0,,,,
10142845,128.7,128.7,,10.0,11.0,19.1,28.7,32.5,
10142864,16980.5,16980.5,,1441.0,1376.0,43.2,52.0,57.0,
10142909,25237.0,25237.0,,1639.0,1609.0,,,,
10142922,8846.0,8846.0,,737.0,721.0,,,,
10142943,13628.0,13628.0,,1261.0,1225.0,52.3,61.9,66.9,
10144656,7061.0,7061.0,,538.0,621.0,40.4,51.6,63.7,
10144684,6478.5,6478.5,,550.0,566.0,41.8,49.0,53.4,
10144838,5718.0,5718.0,,292.0,498.0,40.7,48.0,52.7,
10144872,2460.0,2460.0,,148.0,223.0,,,,
10144912,1882.0,1882.0,,153.0,145.0,38.8,47.4,53.0,
10144951,19625.0,19625.0,,1599.0,1850.0,52.7,62.5,67.9,
10144964,8674.7,8674.7,,853.0,673.0,,,,
10145164,343.0,343.0,,22.0,30.0,35.5,48.2,56.1,
10145179,5026.7,5026.7,,373.0,438.0,29.6,34.6,38.9,
10145225,4099.3,4099.3,,280.0,345.0,,,,
10154236,1941.0,1941.0,,172.0,172.0,47.3,56.2,62.5,
10154256,340.0,340.0,,19.0,27.0,37.3,48.2,53.5,
10154323,2448.7,2448.7,,232.0,225.0,43.8,53.0,58.9,
10154405,7327.9,7734.8,6310.5,551.0,656.0,,,,
10154407,3328.0,3328.0,,300.0,320.0,43.5,49.7,54.4,
10154442,509.3,509.3,,48.0,48.0,33.6,42.2,47.1,
10154475,44530.7,44530.7,,2373.0,2890.0,46.8,54.7,61.0,
10154482,1727.0,1727.0,,223.0,196.0,41.0,49.3,54.9,
10154518,318.0,318.0,,36.0,33.0,35.5,46.8,53.3,
10154603,24627.9,25141.8,23343.0,1554.0,1548.0,49.8,58.9,64.8,
10154827,6927.0,6927.0,,504.0,641.0,40.4,46.6,49.6,
10155025,13378.3,13378.3,,1474.0,1011.0,,,,
10155035,12572.7,12572.7,,903.0,946.0,47.4,54.0,58.9,
10155112,2107.7,2107.7,,222.0,203.0,38.7,46.6,51.2,
10155169,24700.7,24700.7,,1823.0,1893.0,50.0,58.5,63.7,
10155176,12104.9,12727.2,10549.0,651.0,1009.0,,,,
10155252,1075.5,1075.5,,218.0,164.0,34.0,43.1,47.9,
10155280,1188.5,1188.5,,105.0,122.0,29.9,34.7,38.7,
10155333,1731.3,1731.3,,145.0,161.0,34.5,41.6,44.8,
10155416,1516.7,1516.7,,119.0,154.0,43.1,52.1,57.7,
10155439,598.7,598.7,,69.0,78.0,38.0,46.9,52.2,
10155493,1117.0,1117.0,,93.0,147.0,39.2,47.9,52.6,
10158893,14252.3,14252.3,,853.0,1088.0,,,,
10158916,1941.0,1941.0,,177.0,218.0,38.1,46.2,49.6,
10158934,2555.0,2555.0,,212.0,283.0,37.6,45.0,49.7,
10179704,737.7,737.7,,71.0,68.0,42.5,52.5,58.4,
10179840,513.3,513.3,,38.0,46.0,,,,
10179885,788.0,788.0,,52.0,144.0,33.2,41.6,46.1,
10179959,25313.0,25313.0,,2039.0,2211.0,,,,
10179979,10796.7,10796.7,,660.0,785.0,,,,
10179986,17761.7,17761.7,,991.0,1722.0,,,,
10179994,13038.0,13038.0,,906.0,1214.0,,,,
10180125,889.3,889.3,,79.0,95.0,22.1,29.6,33.9,
10180209,35986.3,35986.3,,3435.0,3422.0,,,,
10180429,500.0,500.0,,50.0,44.0,22.6,29.3,33.3,
10180597,175.0,175.0,,13.0,16.0,28.8,38.0,42.3,
10180672,204.0,204.0,,16.0,16.0,25.9,34.1,38.2,
10222621,150.3,150.3,,13.0,15.0,12.4,20.9,24.8,
10222825,197.7,197.7,,17.0,23.0,23.9,33.5,37.9,
10223315,1371.0,1371.0,,98.0,141.0,32.0,38.4,42.8,
10223370,916.0,916.0,,82.0,96.0,34.5,41.6,46.3,
10223459,11752.0,11752.0,,922.0,1085.0,,,,
10223519,411.0,411.0,,35.0,36.0,30.2,36.9,39.7,
10223660,950.0,950.0,,77.0,100.0,36.4,43.8,48.5,
10223667,19324.3,20064.6,17473.5,1158.0,1297.0,,,,
10223782,3310.3,3310.3,,231.0,376.0,22.9,31.1,34.5,
10223817,16915.0,16915.0,,1072.0,1612.0,,,,
10223870,15928.0,15928.0,,1096.0,1355.0,,,,
10223885,635.0,635.0,,54.0,77.0,35.1,43.9,49.0,
10223922,16709.4,17751.2,14105.0,1348.0,1453.0,,,,
10223924,8740.0,8740.0,,867.0,602.0,,,,
10223941,8522.3,8522.3,,1008.0,500.0,,,,
10223982,4595.7,4856.3,4074.5,398.0,414.0,27.0,34.6,39.1,
10224147,885.8,1063.3,619.5,147.0,113.0,35.2,44.6,49.3,
10224198,1203.0,1203.0,,138.0,141.0,38.4,44.9,49.8,
10224286,249.7,249.7,,34.0,15.0,,,,
10224288,26656.7,26656.7,,1946.0,1772.0,,,,
10250012,15772.0,16408.8,14180.0,1245.0,1095.0,,,,
10250116,2449.5,2535.6,2219.8,118.0,213.0,,,,
10250117,13026.3,13026.3,,1363.0,1014.0,,,,
10250273,12614.0,12614.0,,1485.0,847.0,,,,
10250277,13957.3,13957.3,,1349.0,1099.0,,,,
10250316,15396.0,15011.4,16357.5,1040.0,1330.0,,,,
10257806,12696.7,12696.7,,716.0,1277.0,,,,
10257821,19818.5,19818.5,,1236.0,1531.0,52.8,64.9,73.1,
10257866,1986.7,1986.7,,296.0,186.0,31.9,42.0,46.8,
10257867,25836.0,25836.0,,1895.0,2102.0,52.3,61.0,66.7,
10257930,5326.0,5326.0,,300.0,440.0,38.1,46.9,51.2,
10257947,1025.7,1025.7,,202.0,98.0,37.6,47.6,52.9,
10257982,8770.7,8770.7,,475.0,690.0,,,,
10257988,24116.3,24487.6,23188.0,1408.0,1349.0,47.3,58.3,64.9,
10258028,5819.0,5819.0,,543.0,448.0,,,,
10258142,1378.5,1378.5,,169.0,150.0,32.2,42.2,47.2,
10258196,1075.7,1075.7,,88.0,97.0,25.8,33.4,37.4,
10258259,8744.0,8744.0,,598.0,689.0,25.0,34.2,38.9,
10258332,9076.7,9076.7,,571.0,699.0,,,,
10258376,2446.7,2446.7,,216.0,234.0,37.8,44.9,49.6,
10258392,966.3,966.3,,143.0,111.0,34.9,44.6,51.2,
10258433,6661.7,6661.7,,343.0,520.0,35.4,42.9,47.1,
10258454,3366.0,3366.0,,243.0,261.0,24.5,34.9,41.6,
10279780,653.0,653.0,,30.0,50.0,35.5,45.0,50.0,
10279920,9071.3,9071.3,,767.0,752.0,40.3,46.9,49.7,
10279965,1364.3,1364.3,,176.0,165.0,33.5,39.1,43.3,
10280032,31151.5,31151.5,,1979.0,2011.0,55.3,64.6,71.1,
10280094,264.3,255.5,273.0,15.0,23.0,27.7,37.6,43.2,
10280130,23744.7,23744.7,,1645.0,1526.0,,,,
10305737,28896.0,28896.0,,1948.0,2047.0,55.0,65.0,72.0,
10305744,21368.7,21368.7,,1976.0,1302.0,,,,
10305750,629.0,629.0,,51.0,70.0,25.1,33.4,37.8,
10305796,534.3,534.3,,27.0,67.0,26.1,34.1,38.5,
10312971,13847.3,13847.3,,933.0,1036.0,,,,
10313010,1933.7,1933.7,,189.0,150.0,32.4,41.1,46.6,
10313040,14260.0,14260.0,,700.0,1135.0,,,,
10313064,873.3,873.3,,59.0,77.0,16.1,24.6,29.6,
10313124,3520.0,3520.0,,325.0,343.0,39.1,47.5,52.5,
10313141,3464.0,3464.0,,302.0,334.0,43.0,49.7,54.6,
10313197,692.0,692.0,,67.0,59.0,36.1,46.9,53.2,
10313241,2957.7,2957.7,,226.0,231.0,39.0,47.3,52.3,
10313314,890.7,890.7,,79.0,77.0,27.3,36.8,42.3,
10313400,1038.0,1038.0,,72.0,88.0,33.9,43.9,49.5,
10313431,1329.0,1329.0,,115.0,124.0,35.8,44.5,49.9,
10313553,12021.3,12021.3,,1398.0,872.0,,,,
10324755,7784.0,7784.0,,408.0,891.0,,,,
10334537,319.3,319.3,,25.0,25.0,29.2,39.0,44.1,
10334539,793.3,793.3,,85.0,65.0,34.9,43.8,51.3,
10334563,882.7,882.7,,92.0,71.0,37.6,46.5,51.3,
10334609,1005.7,1005.7,,99.0,76.0,36.7,46.8,51.5,
10334698,287.0,287.0,,25.0,31.0,25.3,33.1,36.9,
10334881,952.5,952.5,,132.0,95.0,46.3,54.9,61.4,
10334906,566.5,566.5,,55.0,45.0,36.2,47.6,52.7,
10335125,613.7,613.7,,60.0,46.0,,,,
10335152,1838.7,1838.7,,198.0,148.0,33.9,39.7,44.2,
10335239,759.0,759.0,,50.0,99.0,35.5,43.4,48.1,
10335347,18485.6,19628.4,15819.0,1222.0,1471.0,,,,
10335510,1015.0,1015.0,,85.0,82.0,40.5,48.9,53.9,
10335529,6332.7,6332.7,,570.0,657.0,,,,
10335558,16501.0,17349.0,14381.0,1121.0,1408.0,,,,
10335730,43321.0,43321.0,,2575.0,3239.0,,,,
10335742,7279.5,7279.5,,480.0,696.0,42.2,48.8,53.8,
10335752,12083.3,12083.3,,791.0,1284.0,,,,
10339839,33799.7,33799.7,,2262.0,2356.0,,,,
10339962,12836.7,12836.7,,937.0,859.0,46.8,53.6,59.1,
10340015,1925.3,1925.3,,206.0,162.0,35.1,42.9,47.2,
10340084,1786.0,1786.0,,217.0,159.0,37.3,44.4,49.1,
10340146,659.0,659.0,,71.0,74.0,40.1,49.8,56.2,
10340201,699.0,699.0,,66.0,69.0,40.2,49.3,54.6,
10340400,1187.7,1187.7,,123.0,117.0,,,,
10340504,779.0,779.0,,47.0,105.0,41.5,51.6,58.0,
10340521,707.0,707.0,,45.0,99.0,39.2,47.4,52.1,
10340532,840.3,840.3,,54.0,105.0,37.2,44.4,49.6,
10340557,804.0,804.0,,97.0,80.0,39.5,49.9,57.0,
10340588,1317.0,1317.0,,93.0,175.0,36.9,44.5,49.4,
10340670,9417.0,9417.0,,710.0,816.0,45.2,53.2,58.1,
10340715,800.3,800.3,,62.0,63.0,,,,
10340885,554.5,554.5,,103.0,68.0,38.1,46.3,51.2,
10340969,44537.0,44537.0,,2978.0,3309.0,,,,
10363876,3540.0,3540.0,,260.0,303.0,27.0,33.2,34.9,
10364049,43456.7,43456.7,,2878.0,3508.0,,,,
10364239,19305.0,19305.0,,1210.0,1202.0,,,,0.245
10364249,18485.7,18485.7,,1296.0,1212.0,,,,
10364257,19588.3,19588.3,,1493.0,1526.0,,,,
10364321,641.0,641.0,,66.0,56.0,36.7,44.3,48.7,
10364340,10542.0,10542.0,,998.0,746.0,42.6,49.5,54.3,
10364636,20944.3,20944.3,,1326.0,1617.0,46.2,56.1,62.2,
10364808,461.0,461.0,,35.0,49.0,39.5,49.1,54.0,
10364900,37505.7,37505.7,,2612.0,2391.0,44.8,53.7,59.0,
10365043,13356.3,13356.3,,752.0,1088.0,,,,
10365073,6173.0,6173.0,,424.0,524.0,,,,
10365097,1132.7,1132.7,,243.0,172.0,29.2,36.7,39.8,
10365131,1187.0,1187.0,,243.0,182.0,29.2,36.9,41.2,
10367368,7233.7,7233.7,,506.0,506.0,,,,
10367595,13013.0,13013.0,,949.0,914.0,,,,
10367662,633.0,633.0,,40.0,56.0,27.6,34.3,39.2,
10367725,2576.0,2576.0,,214.0,238.0,,,,
10367976,3696.3,3696.3,,318.0,319.0,39.3,47.2,51.7,
10368089,5950.7,5950.7,,320.0,763.0,,,,
10379090,579.7,579.7,,45.0,61.0,32.4,42.4,47.2,
10379214,2654.0,2654.0,,203.0,342.0,32.5,39.5,44.2,
10379250,536.7,536.7,,43.0,53.0,25.9,33.7,38.7,
10392312,3072.0,3072.0,,327.0,267.0,40.6,48.9,54.6,
10410573,1786.3,1786.3,,149.0,185.0,32.2,39.5,44.5,
10410694,7194.7,7194.7,,528.0,534.0,,,,
10410786,6975.0,6975.0,,447.0,570.0,,,,
10410953,7243.7,7243.7,,484.0,512.0,,,,
10411166,1595.3,1595.3,,150.0,120.0,25.1,33.2,37.4,
10411177,1324.7,1324.7,,113.0,100.0,19.4,28.6,33.2,
10411459,12515.0,12515.0,,738.0,1230.0,,,,
10411526,822.3,822.3,,49.0,70.0,30.7,38.7,43.3,
10411581,3018.0,3018.0,,167.0,237.0,33.2,39.5,44.0,
10430667,16896.7,16896.7,,1416.0,981.0,,,,
10430770,1012.0,1012.0,,89.0,95.0,34.3,42.8,47.1,
10459142,4071.0,4071.0,,231.0,402.0,,,,
10475535,6424.7,6424.7,,489.0,705.0,,,,
10475569,7206.8,6608.5,7805.0,324.0,546.0,,,,
10475634,10397.3,10397.3,,1199.0,744.0,,,,
10476796,1540.3,1540.3,,112.0,188.0,,,,
10476858,4093.0,4093.0,,324.0,417.0,,,,
10477136,2575.3,2575.3,,206.0,198.0,,,,
10486230,263.7,263.7,,27.0,37.0,37.1,46.7,53.6,
10486609,571.0,571.0,,40.0,52.0,37.9,44.9,49.4,
10486642,286.0,286.0,,26.0,29.0,39.6,48.6,54.2,
10494041,3151.7,3151.7,,430.0,338.0,,,,
10494135,227.0,227.0,,19.0,20.0,34.0,43.7,49.4,
10494141,15697.7,15697.7,,721.0,1324.0,,,,
10494196,14570.3,14570.3,,820.0,1011.0,,,,
10494197,5455.7,5455.7,,547.0,560.0,,,,
10494275,753.3,753.3,,83.0,69.0,29.9,38.2,43.2,
10494398,11354.1,11876.2,10049.0,896.0,802.0,,,,0.184
10494561,5342.3,5342.3,,494.0,600.0,,,,
10494936,2141.8,2074.0,2243.5,110.0,166.0,24.0,34.6,42.6,
10494982,451.8,500.0,403.5,42.0,48.0,37.9,47.5,53.2,
10495038,1606.7,1606.7,,105.0,163.0,46.8,56.8,64.5,
10512725,2307.3,2307.3,,348.0,268.0,38.1,46.3,51.3,
10512735,11522.3,11522.3,,576.0,833.0,,,,
10513444,11058.3,11058.3,,779.0,613.0,,,,
10513552,775.0,775.0,,220.0,130.0,33.1,39.9,44.4,
10513820,2908.3,2908.3,,187.0,287.0,35.4,41.2,44.4,
10513857,3918.0,3918.0,,461.0,436.0,43.0,49.4,54.3,
10513867,4020.5,4020.5,,507.0,476.0,42.8,49.4,54.5,
10516194,1477.0,1477.0,,107.0,160.0,33.4,43.0,48.3,
10516591,585.0,585.0,,87.0,74.0,40.2,48.9,54.4,
10526927,1088.3,1088.3,,87.0,83.0,25.1,31.1,34.2,
10526951,1927.0,1927.0,,181.0,155.0,31.5,38.1,42.4,
10526964,1756.3,1756.3,,128.0,147.0,20.8,31.7,35.0,
10527836,1670.0,1670.0,,159.0,129.0,30.7,38.4,42.8,
10536893,2678.0,2678.0,,210.0,269.0,30.5,39.3,44.3,
10536903,10449.0,10449.0,,765.0,852.0,46.2,53.8,58.8,
10536921,16589.7,16589.7,,1143.0,1406.0,,,,
10536929,10989.3,10989.3,,815.0,836.0,43.9,52.1,56.6,
10536967,17667.3,17667.3,,1727.0,1284.0,,,,
10536977,13428.0,13428.0,,1350.0,1016.0,48.5,58.0,62.9,
10537916,1156.3,1156.3,,66.0,119.0,30.3,39.1,44.8,
10538077,1622.3,1622.3,,141.0,174.0,44.7,54.3,61.1,
10538097,1042.7,1042.7,,48.0,99.0,22.6,31.1,34.5,
10538415,3105.0,3105.0,,272.0,248.0,,,,
10538449,2036.7,2036.7,,310.0,227.0,36.9,43.1,46.8,
10538470,2077.0,2077.0,,320.0,233.0,30.3,36.9,39.7,
10538492,1848.0,1848.0,,299.0,191.0,36.4,43.1,46.8,
10538618,15938.0,15938.0,,1393.0,1415.0,,,,
10538953,2254.0,2254.0,,319.0,183.0,42.4,49.0,53.7,
10553223,731.5,731.5,,49.0,72.0,33.4,43.6,48.7,
10553261,2768.0,2768.0,,272.0,288.0,36.2,43.4,48.6,
10553807,2693.7,2693.7,,274.0,260.0,,,,
10557879,512.0,512.0,,32.0,54.0,36.9,47.2,52.4,
10557913,9689.5,9689.5,,676.0,717.0,41.5,48.4,53.3,
10557937,6606.3,6606.3,,448.0,429.0,,,,
10558015,13232.0,13232.0,,972.0,1172.0,,,,
10558060,8910.6,9057.8,8542.5,622.0,495.0,34.9,46.9,54.1,
10558202,3798.0,3798.0,,191.0,291.0,48.3,57.7,63.4,
10558391,8388.7,8388.7,,553.0,579.0,30.3,39.7,44.9,
10558424,2339.0,2339.0,,173.0,230.0,41.4,49.2,54.4,
10558728,372.0,372.0,,21.0,34.0,36.7,47.8,54.4,
10558836,1978.3,1978.3,,176.0,182.0,,,,
10558866,1531.0,1531.0,,85.0,139.0,38.6,47.8,53.4,
10560820,2766.3,2766.3,,199.0,273.0,,,,
10560830,3512.0,3512.0,,372.0,413.0,34.0,41.2,45.0,
10560932,3206.0,3206.0,,299.0,347.0,32.4,38.9,43.4,
10560961,2736.3,2736.3,,229.0,286.0,25.9,29.8,33.7,
10560970,1414.3,1414.3,,217.0,152.0,28.4,36.4,39.6,
10561029,16224.1,17468.8,13112.5,1437.0,1418.0,,,,
10561058,622.3,622.3,,31.0,69.0,35.9,43.7,49.0,
10561089,3615.9,3628.6,3584.0,182.0,272.0,24.0,31.1,34.5,
10561168,2760.7,2760.7,,218.0,280.0,27.3,33.4,37.2,
10561277,493.0,493.0,,60.0,61.0,27.4,36.8,41.3,
10561317,276.0,276.0,,47.0,37.0,32.4,44.2,49.7,
10571201,575.3,575.3,,78.0,54.0,31.2,39.4,44.1,
10575986,12538.9,12232.4,13305.0,826.0,987.0,,,,
10582673,1344.0,1344.0,,131.0,195.0,28.1,36.8,42.2,
10598237,7159.0,7159.0,,510.0,576.0,,,,
10598276,19058.0,19058.0,,1293.0,1500.0,,,,
10598330,535.7,535.7,,43.0,49.0,33.3,42.6,48.3,
10598341,492.0,492.0,,36.0,45.0,31.5,39.7,45.0,
10598653,439.0,439.0,,27.0,47.0,30.6,38.5,42.7,
10598761,10095.3,10393.2,9350.5,591.0,737.0,37.1,44.6,49.4,
10598819,524.0,524.0,,31.0,46.0,22.7,32.8,34.8,
10606418,1518.7,1518.7,,112.0,136.0,15.5,24.7,29.3,
10618658,45217.0,45217.0,,3037.0,3921.0,,,,
10635840,14551.0,14551.0,,1135.0,1174.0,,,,
10635932,23184.0,23184.0,,1530.0,1730.0,,,,
10635937,11007.7,11007.7,,698.0,919.0,,,,
10635997,13740.7,13740.7,,1055.0,1053.0,,,,
10636093,366.0,366.0,,27.0,58.0,32.5,41.1,44.4,
10636309,1633.0,1633.0,,70.0,184.0,,,,
10636333,7415.3,7415.3,,451.0,680.0,,,,
10636343,629.3,629.3,,45.0,53.0,28.1,34.7,38.9,
10636395,56809.3,56809.3,,3953.0,4305.0,,,,
10636465,11834.6,12103.6,11162.0,572.0,814.0,36.6,47.4,52.8,
10663266,20090.0,20090.0,,1215.0,1175.0,,,,
10663283,6269.0,6269.0,,366.0,430.0,,,,
10663324,1875.0,1875.0,,224.0,181.0,39.6,47.9,52.9,
10663339,15946.0,15946.0,,940.0,1115.0,,,,
10663349,17198.3,17198.3,,1062.0,975.0,,,,
10663394,2367.3,2367.3,,234.0,218.0,,,,
10663435,1734.3,1734.3,,209.0,168.0,38.3,46.9,51.6,
10663461,1888.0,1888.0,,181.0,191.0,37.0,44.1,48.7,
10663483,10129.3,10129.3,,617.0,649.0,,,,
10663577,12026.0,12026.0,,872.0,918.0,45.0,53.0,58.3,
10663773,575.0,575.0,,63.0,71.0,36.1,44.3,49.8,
10663903,835.3,835.3,,83.0,67.0,,,,
10663911,1627.0,1627.0,,157.0,154.0,35.6,43.5,48.4,
10663959,722.0,722.0,,62.0,76.0,35.1,43.3,47.9,
10663992,5743.0,5743.0,,466.0,540.0,,,,
10664090,8638.7,8638.7,,709.0,597.0,,,,
10706173,8642.7,8642.7,,553.0,550.0,,,,
10706332,17649.0,17649.0,,1175.0,1126.0,,,,
10731343,1450.0,1450.0,,157.0,128.0,41.7,51.1,56.7,
10731455,1488.3,1488.3,,169.0,129.0,41.6,49.8,54.9,
10731572,1049.7,1049.7,,68.0,71.0,37.9,46.9,52.3,
10731704,1261.0,1261.0,,145.0,131.0,,,,
10733018,1555.0,1555.0,,154.0,132.0,41.3,49.0,54.3,
10733031,394.0,394.0,,43.0,32.0,36.6,48.3,56.6,
10747534,19495.5,19495.5,,1734.0,1741.0,46.3,57.1,63.1,
10747536,10940.3,10940.3,,588.0,1351.0,,,,
10750670,23564.0,23564.0,,1576.0,1654.0,47.5,56.4,61.2,
10756228,3108.5,3108.5,,254.0,267.0,36.8,46.4,50.0,
10756311,15698.0,15698.0,,1254.0,1383.0,,,,
10756613,4415.0,4415.0,,582.0,384.0,,,,
10757147,247.0,247.0,,27.0,28.0,32.6,41.1,44.7,
10757512,1350.0,1350.0,,108.0,148.0,34.0,43.2,48.4,
10757619,13246.3,13246.3,,590.0,1543.0,,,,
10757621,2484.3,2484.3,,249.0,160.0,23.8,28.4,33.4,
10757713,837.3,837.3,,68.0,76.0,31.5,39.3,43.9,
10757756,307.0,307.0,,29.0,30.0,19.2,27.7,29.6,
10757976,370.3,370.3,,20.0,54.0,17.7,27.4,31.9,
10758961,440.0,440.0,,54.0,53.0,33.4,39.6,43.8,
10759044,1695.0,1695.0,,108.0,154.0,30.8,38.4,43.0,
10759107,882.7,882.7,,51.0,86.0,24.3,32.5,36.5,
10759127,460.0,460.0,,30.0,54.0,40.4,48.7,53.7,
10759150,1165.3,1165.3,,92.0,91.0,29.0,38.2,43.1,
10759169,502.0,502.0,,53.0,38.0,33.5,42.9,47.7,
10759182,8365.0,8365.0,,509.0,483.0,31.1,39.8,44.9,
10759203,610.7,610.7,,36.0,58.0,34.2,42.9,47.8,
10759220,906.0,906.0,,57.0,84.0,30.4,38.0,42.1,
10759245,534.7,534.7,,50.0,50.0,29.9,37.8,41.9,
10759265,20804.7,20804.7,,1251.0,1212.0,,,,
10759298,4416.0,4416.0,,372.0,385.0,40.3,48.6,53.8,
10759307,369.3,369.3,,25.0,28.0,28.3,38.0,42.6,
10759344,352.0,352.0,,44.0,45.0,38.0,46.5,49.8,
10759354,204.5,204.5,,24.0,23.0,37.0,45.0,51.2,
10759390,590.0,590.0,,47.0,45.0,27.3,34.9,39.4,
10759422,11986.4,12403.6,10873.7,1050.0,1047.0,,,,
10759427,12318.3,12318.3,,1228.0,1056.0,,,,
10759498,517.0,517.0,,25.0,65.0,31.9,39.8,46.4,
10759621,14955.7,14955.7,,1113.0,1223.0,,,,
10759689,13146.0,13146.0,,800.0,1022.0,,,,
10775194,15246.3,15246.3,,1072.0,1135.0,,,,
10784601,16288.0,16288.0,,1112.0,1133.0,,,,
10785734,971.7,971.7,,73.0,97.0,22.7,29.8,34.2,
10833913,2377.7,2377.7,,244.0,178.0,36.2,44.1,49.0,
10834127,2399.7,2399.7,,200.0,202.0,,,,
10834665,20471.3,16809.0,24133.5,1003.0,1306.0,46.7,56.5,62.6,
10834710,9623.3,9623.3,,409.0,963.0,,,,
10835317,21475.7,19027.0,27597.5,1132.0,1388.0,,,,
10841146,1818.7,1818.7,,140.0,167.0,32.5,42.4,47.5,
10851689,57067.0,57067.0,,3786.0,4059.0,,,,
10851728,2159.0,2159.0,,168.0,214.0,43.3,53.6,59.5,
10864084,1834.0,1834.0,,233.0,266.0,39.5,47.3,51.9,
10864167,417.0,417.0,,67.0,50.0,32.4,39.1,43.5,
10864197,633.0,633.0,,66.0,62.0,38.6,49.0,56.6,
10864277,20208.3,20208.3,,1523.0,1762.0,,,,
10864309,20465.0,20465.0,,1485.0,1530.0,,,,
10864526,3298.4,3355.3,3213.0,306.0,324.0,25.9,33.5,37.9,
10864674,2643.0,2643.0,,208.0,253.0,24.7,32.4,34.8,
10864957,909.7,932.0,865.0,55.0,89.0,22.6,31.6,34.5,
10864991,2813.3,2813.3,,280.0,238.0,,,,
10865133,12247.5,12045.4,12786.7,676.0,1016.0,,,,
10865200,7113.3,7113.3,,424.0,504.0,,,,
10872624,7952.3,7952.3,,524.0,765.0,,,,
10877325,519.0,519.0,,86.0,31.0,26.9,34.1,38.0,
10877596,9910.9,10364.2,8777.5,860.0,566.0,,,,
10877626,10993.7,10993.7,,948.0,672.0,,,,
10877881,720.3,720.3,,55.0,57.0,34.8,44.5,49.5,
10878223,12765.9,13078.2,11985.0,575.0,1127.0,,,,
10878800,16861.7,16861.7,,742.0,1492.0,,,,
10906000,4047.0,4047.0,,458.0,306.0,42.0,48.7,52.7,
10906034,4268.0,4268.0,,363.0,408.0,42.4,48.7,54.4,
10906236,12085.0,12085.0,,849.0,858.0,,,,
10906254,882.1,875.7,898.3,57.0,94.0,20.9,30.0,35.0,
10906255,11110.7,11110.7,,753.0,861.0,,,,
10906331,10982.7,10982.7,,773.0,615.0,,,,
10906345,2502.0,2502.0,,222.0,222.0,29.5,36.5,39.8,
10906429,19765.5,19765.5,,1433.0,1621.0,53.4,62.2,67.7,
10906443,1459.3,1459.3,,105.0,124.0,30.3,39.1,44.1,
10906455,2782.3,2782.3,,234.0,255.0,33.3,39.3,43.7,
10906564,6017.7,6017.7,,386.0,479.0,,,,
10906585,13125.7,13125.7,,932.0,1041.0,,,,
10906599,6279.0,6279.0,,631.0,520.0,,,,
10906639,2630.7,2630.7,,311.0,183.0,,,,
10906675,14714.3,14714.3,,977.0,1033.0,,,,
10906721,9101.0,9101.0,,566.0,771.0,,,,
10906819,11592.0,12177.8,10127.5,1158.0,1013.0,,,,
10906821,7321.7,7732.4,6295.0,414.0,611.0,,,,0.046
10906834,38090.7,38090.7,,2869.0,2714.0,,,,
10923281,13118.7,13118.7,,1238.0,1351.0,,,,
10923449,8649.0,8649.0,,577.0,677.0,,,,
10923460,9044.0,9044.0,,504.0,671.0,35.0,43.4,47.8,
10923572,676.0,676.0,,54.0,71.0,30.7,39.6,44.6,
10923690,4920.0,4920.0,,450.0,358.0,,,,
10923785,23321.3,23321.3,,1705.0,1448.0,,,,
10923812,13212.7,13212.7,,857.0,863.0,,,,
10923843,12228.3,12228.3,,837.0,864.0,,,,
10923887,9871.0,9871.0,,666.0,709.0,,,,
10923994,9868.7,9868.7,,1012.0,590.0,,,,
10924010,13897.0,13897.0,,1082.0,858.0,,,,
10924071,8897.0,8897.0,,579.0,714.0,,,,
10924139,1623.0,1623.0,,223.0,138.0,,,,
10947970,25959.1,26007.2,25839.0,1580.0,1501.0,41.0,52.8,59.3,
10947983,21783.3,21783.3,,1360.0,1607.0,,,,
10948038,1358.0,1358.0,,92.0,120.0,29.4,37.4,42.2,
10948099,5104.7,5104.7,,297.0,471.0,52.2,61.4,67.0,
10948176,386.7,386.7,,20.0,32.0,32.8,42.4,48.6,
10948196,18055.0,18055.0,,1183.0,1244.0,48.8,59.1,64.9,
10948223,5200.3,5200.3,,368.0,530.0,,,,
10948248,1822.3,1822.3,,174.0,181.0,,,,
10948456,2514.7,2514.7,,212.0,245.0,,,,
10948463,2392.3,2392.3,,236.0,171.0,,,,
10948688,8174.0,8174.0,,487.0,726.0,32.7,56.1,63.6,
10948713,6037.7,6037.7,,321.0,702.0,,,,
10982107,15661.9,16394.6,13830.0,1422.0,1356.0,,,,
10985942,15151.7,15151.7,,1161.0,1207.0,,,,
10986124,1705.0,1705.0,,150.0,159.0,38.7,47.3,51.5,
10998859,9716.3,9716.3,,747.0,767.0,,,,
10998871,7292.6,8182.0,5069.0,699.0,872.0,,,,
11024200,846.3,846.3,,76.0,87.0,,,,
11034280,52652.0,52652.0,,2925.0,3582.0,,,,
11034642,13070.7,13070.7,,614.0,1028.0,,,,
11034877,13801.7,14166.2,12890.5,1045.0,855.0,,,,
11046558,14234.7,14234.7,,684.0,1354.0,,,,
11046582,11288.0,11548.2,10637.5,1200.0,593.0,,,,
11046617,480.7,480.7,,33.0,52.0,27.6,37.4,42.3,
11046794,701.0,701.0,,29.0,100.0,29.3,38.1,43.3,
11047900,4991.0,4991.0,,483.0,464.0,38.1,44.8,49.7,
11047975,21530.3,21530.3,,1281.0,2173.0,,,,
11048229,22953.0,22953.0,,1583.0,1594.0,52.7,62.6,68.1,
11048250,19393.9,20922.4,15572.5,1225.0,1925.0,,,,
11048268,10259.0,10259.0,,894.0,807.0,,,,
11048271,198.8,198.0,199.5,14.0,22.0,25.4,34.2,39.2,
11048448,7476.0,7476.0,,564.0,814.0,,,,
11048510,1181.3,1181.3,,94.0,95.0,,,,
11056997,20951.1,22901.8,16074.5,2100.0,1536.0,,,,
11063410,1708.3,1708.3,,128.0,126.0,,,,
11070060,1550.0,1550.0,,165.0,122.0,47.0,56.8,63.2,
11070075,8122.0,8122.0,,523.0,842.0,,,,
11070091,1851.9,2103.8,1222.0,188.0,172.0,24.2,33.2,38.9,
11070186,6084.7,6084.7,,490.0,537.0,,,,
11075761,7578.7,7578.7,,361.0,816.0,,,,
11075884,3505.0,3505.0,,201.0,349.0,23.0,33.8,38.6,
11075890,11967.9,12227.4,11319.0,700.0,1036.0,,,,
11075900,5830.7,5830.7,,382.0,476.0,,,,
11075907,5646.0,5646.0,,457.0,419.0,,,,
11092401,1047.7,1047.7,,91.0,88.0,,,,
11092409,15582.0,15582.0,,1750.0,1086.0,,,,
11092436,2215.0,2215.0,,134.0,247.0,,,,
11110247,794.5,794.5,,58.0,72.0,34.9,44.4,49.8,
11110259,839.0,839.0,,58.0,67.0,36.8,46.7,51.6,
11110275,988.5,988.5,,71.0,95.0,35.3,44.1,49.1,
11125045,2709.0,2709.0,,202.0,222.0,,,,
11129072,17382.7,17382.7,,1405.0,1396.0,,,,
11129605,16916.0,16916.0,,1225.0,1279.0,,,,
11129639,482.0,482.0,,47.0,57.0,40.3,51.8,56.6,
11129683,1186.0,1186.0,,135.0,106.0,22.7,28.3,29.6,
11129688,12784.7,12784.7,,896.0,939.0,,,,
11129729,931.0,931.0,,80.0,77.0,41.5,49.1,54.0,
11130002,1406.0,1406.0,,219.0,141.0,44.6,53.5,59.1,
11130039,20357.3,20357.3,,1865.0,1262.0,,,,
11130066,19647.0,19647.0,,1252.0,1304.0,,,,
11159078,2397.8,2755.5,2040.0,177.0,218.0,33.4,42.1,46.4,
11165069,14997.5,15763.2,13721.3,1501.0,1029.0,,,,
11165660,2068.0,2068.0,,137.0,201.0,30.8,37.3,40.0,
11179757,546.0,546.0,,130.0,73.0,31.8,39.2,43.2,
11186735,18490.7,18490.7,,1573.0,1678.0,,,,
11186740,2680.3,2680.3,,196.0,282.0,,,,
11186784,22155.7,22155.7,,1625.0,1727.0,,,,
11186785,1638.3,1638.3,,117.0,157.0,29.8,37.8,41.6,
11186855,983.3,983.3,,59.0,107.0,34.1,42.1,46.8,
11226754,7921.3,8368.2,6804.0,587.0,748.0,,,,
11226791,588.0,588.0,,61.0,83.0,36.9,44.9,51.3,
11226874,666.0,666.0,,45.0,58.0,34.7,44.5,51.8,
11227023,5770.7,5770.7,,302.0,593.0,,,,
11267492,8543.3,8543.3,,605.0,667.0,,,,
11267576,43921.7,43921.7,,2730.0,3622.0,,,,
11267635,4975.7,4975.7,,520.0,556.0,,,,
11267758,3057.0,3057.0,,242.0,245.0,37.0,46.3,51.8,
11267761,3324.0,3324.0,,230.0,313.0,52.0,61.1,66.5,
11267768,1456.7,1456.7,,203.0,113.0,,,,
11267773,12482.7,13196.4,10698.5,1063.0,1227.0,,,,
11267778,10010.0,10010.0,,615.0,800.0,57.2,66.4,71.9,
11267837,1591.3,1591.3,,124.0,148.0,37.3,47.3,53.8,
11271967,726.3,726.3,,132.0,87.0,,,,
11272165,14561.0,14561.0,,656.0,1343.0,,,,
11272337,6350.3,6350.3,,416.0,594.0,,,,
11272395,16814.7,16814.7,,1523.0,1494.0,,,,
11272480,12035.0,12035.0,,726.0,821.0,36.8,44.7,49.9,
11272524,44618.3,44618.3,,2990.0,3465.0,,,,
11272575,3979.3,3979.3,,377.0,403.0,,,,
11272798,3608.3,3608.3,,354.0,310.0,41.9,48.7,53.4,
11272878,3383.7,3383.7,,291.0,331.0,44.3,52.8,58.1,
11272883,4472.0,4472.0,,412.0,409.0,36.6,44.4,49.2,
11335703,20610.0,20610.0,,1688.0,1582.0,56.9,64.7,69.9,
11335864,1020.0,1020.0,,74.0,135.0,42.0,49.9,54.7,
11335881,15759.0,15759.0,,1153.0,1200.0,,,,
11342632,4158.0,4158.0,,351.0,523.0,47.5,59.5,66.8,
11342953,20168.0,20168.0,,1386.0,1706.0,,,,
11382258,9165.3,9165.3,,765.0,730.0,,,,
11382462,7954.0,7954.0,,600.0,577.0,,,,
11394836,834.0,834.0,,167.0,77.0,35.5,44.7,49.4,
11394867,15763.0,15763.0,,1279.0,1157.0,,,,
11394943,531.0,531.0,,47.0,51.0,37.7,47.3,53.5,
11395015,18165.0,18165.0,,1309.0,1346.0,,,,
11395093,28376.0,28376.0,,1795.0,1988.0,49.3,57.7,63.3,
11405335,22741.7,22741.7,,1558.0,2354.0,,,,
11414992,7066.0,7066.0,,822.0,612.0,43.8,53.9,59.1,
11415034,651.0,651.0,,114.0,75.0,28.0,37.4,42.1,
11432893,2058.0,2058.0,,258.0,305.0,43.5,50.0,55.0,
11466300,2496.0,2496.0,,172.0,278.0,,,,
11466484,20253.3,20253.3,,1301.0,1207.0,,,,
11466578,18320.7,18320.7,,1804.0,1218.0,,,,
11466889,17592.0,17592.0,,897.0,1865.0,,,,
11467035,2369.7,2369.7,,302.0,261.0,38.3,44.6,49.2,
11467214,24259.0,24259.0,,1934.0,2243.0,,,,
11484469,6134.0,6556.2,5078.5,404.0,601.0,,,,
11485053,10138.7,10138.7,,701.0,1033.0,,,,
11485087,28699.0,28699.0,,1692.0,2118.0,51.2,60.0,66.9,
11485097,890.0,890.0,,106.0,83.0,29.4,38.8,43.4,
11485139,16576.7,16576.7,,1226.0,1380.0,,,,
11485171,2637.0,2637.0,,271.0,297.0,49.8,57.9,63.4,
11517160,662.0,662.0,,50.0,76.0,37.9,46.9,52.4,
11517161,59804.0,59804.0,,3742.0,3994.0,,,,
11530073,1745.7,1745.7,,129.0,145.0,43.0,52.7,58.8,
11533903,31791.0,31791.0,,2557.0,2168.0,,,,
11533907,15749.7,16483.8,13914.5,1268.0,1127.0,,,,
11533920,29865.0,29865.0,,2567.0,2614.0,,,,
11533943,1254.0,1254.0,,179.0,142.0,30.2,39.4,48.9,
11541663,19052.7,19052.7,,1910.0,1017.0,,,,
11541680,382.0,382.0,,50.0,31.0,38.7,48.8,54.0,
11541733,23370.1,23597.6,22801.5,1419.0,1374.0,42.3,53.8,59.9,
11541829,2628.0,2628.0,,139.0,208.0,38.3,44.7,49.2,
11541837,1709.5,1774.8,1546.3,105.0,143.0,,,,0.061
11541937,1681.7,1681.7,,233.0,277.0,30.7,38.7,44.4,
11542030,1872.0,1872.0,,192.0,184.0,,,,
11574881,21391.0,21391.0,,1448.0,1467.0,,,,
11574884,14535.7,14689.4,14151.5,952.0,1032.0,,,,
11574915,29368.0,29368.0,,2202.0,2316.0,,,,
11574919,22746.6,24006.0,19598.0,1777.0,1621.0,,,,
11585479,30383.7,30383.7,,1827.0,1979.0,57.5,67.9,73.7,
11631521,13938.7,13938.7,,1330.0,1022.0,,,,
11631542,3905.3,4204.4,3157.5,264.0,404.0,31.1,38.6,43.1,
11631544,44858.7,44858.7,,3772.0,3609.0,,,,
11631576,19251.4,20872.0,12769.0,2047.0,1389.0,,,,
11653263,8555.1,9615.6,5904.0,551.0,1184.0,,,,
11653349,20283.0,20283.0,,1745.0,1476.0,,,,
11653430,4907.0,4907.0,,555.0,428.0,43.3,53.1,58.4,
11653468,39860.0,39860.0,,3512.0,3334.0,,,,
11714561,3849.0,3849.0,,456.0,300.0,41.9,48.9,53.7,
11714590,21736.0,21736.0,,1198.0,1539.0,,,,
11714626,664.0,664.0,,152.0,119.0,25.6,33.9,38.2,
11714647,8839.7,9163.8,8029.5,524.0,655.0,,,,
11714723,4535.7,4535.7,,333.0,393.0,,,,
11714741,29614.0,29614.0,,2130.0,2511.0,,,,
11714744,18398.0,18398.0,,1161.0,1339.0,,,,
11714767,45269.7,45269.7,,3052.0,2988.0,,,,
11743021,20049.0,20049.0,,1588.0,1884.0,,,,
11743068,18707.7,19015.6,17938.0,1238.0,1457.0,,,,
11743168,19268.0,19268.0,,1428.0,1377.0,,,,
11752588,18787.7,18787.7,,1275.0,1478.0,,,,
11774649,12114.0,11829.4,12825.5,806.0,769.0,,,,
11774658,15344.0,15344.0,,1428.0,892.0,,,,
11774683,1120.3,1120.3,,82.0,105.0,31.8,39.6,46.5,
11816782,14273.0,14273.0,,1301.0,1231.0,44.0,51.8,54.9,
11816845,39075.3,39075.3,,2640.0,2876.0,,,,
11835329,34953.3,34953.3,,2537.0,2699.0,,,,
11835380,21624.3,21624.3,,1806.0,1736.0,,,,
11887552,16610.3,16610.3,,844.0,1071.0,40.0,49.0,54.8,
11890578,3381.0,3381.0,,299.0,349.0,40.3,52.1,57.9,
11901981,25653.7,25653.7,,1651.0,1644.0,,,,
11901984,1290.7,1290.7,,271.0,185.0,38.5,46.7,51.1,
11901999,23495.0,23495.0,,1456.0,1723.0,53.4,63.2,69.4,
11902020,3230.0,3230.0,,364.0,299.0,,,,
11915528,40031.0,40031.0,,2557.0,2737.0,,,,
12047979,5815.4,6166.0,4939.0,612.0,427.0,,,,
12047985,12765.0,12765.0,,1127.0,1221.0,,,,
12102593,22414.0,22414.0,,1589.0,1591.0,48.4,59.1,66.1,
12102614,16713.0,16713.0,,1262.0,1300.0,,,,
12116129,6720.7,6720.7,,629.0,451.0,,,,
12157138,4998.0,4998.0,,406.0,515.0,45.1,53.7,58.8,
12157406,13802.0,13802.0,,1398.0,1220.0,47.5,54.7,59.7,
12174201,11305.3,11305.3,,962.0,941.0,,,,
12189729,16102.5,16102.5,,864.0,918.0,38.0,46.9,51.2,
12213211,2029.7,2029.7,,123.0,183.0,35.1,43.2,48.6,
12218174,1916.0,1916.0,,103.0,167.0,36.6,43.8,48.4,
12218192,1121.7,1121.7,,120.0,123.0,29.8,37.0,41.2,
12218199,1523.0,1523.0,,123.0,153.0,34.5,41.9,46.5,
12218213,1393.0,1393.0,,73.0,131.0,42.4,52.2,58.0,
12220889,69.0,69.0,,4.0,10.0,,,,
12220962,7418.5,7418.5,,535.0,442.0,,,,
12313155,31851.7,31851.7,,2004.0,1886.0,,,,
12334083,6661.3,6661.3,,1248.0,319.0,,,,
12334085,4673.0,4673.0,,997.0,221.0,,,,
12334116,9385.0,9385.0,,835.0,699.0,,,,
12334593,15064.0,15064.0,,1147.0,994.0,,,,
12334931,1427.0,,1427.0,,,,,,
12334932,1194.3,1194.3,,71.0,90.0,,,,
12334937,23201.0,23201.0,,1170.0,2307.0,,,,
12334941,8753.0,8753.0,,780.0,561.0,,,,
12335239,10434.0,10434.0,,1269.0,729.0,,,,
12335517,4589.0,4589.0,,162.0,506.0,,,,
12336153,6246.0,6246.0,,591.0,370.0,55.9,63.7,69.4,
12336185,19660.0,19660.0,,1286.0,1371.0,,,,
12341011,36265.3,36265.3,,1730.0,2296.0,,,,
12341124,3109.0,,3109.0,,,,,,
12341144,3036.0,3036.0,,305.0,214.0,,,,
12353415,11495.7,11495.7,,534.0,797.0,44.1,49.1,53.1,
12373944,19985.7,19985.7,,1337.0,1503.0,,,,
12377332,28404.0,28404.0,,2550.0,2015.0,,,,
12383205,5152.0,5152.0,,487.0,517.0,39.2,47.1,51.8,
12387603,7672.0,7672.0,,473.0,657.0,,,,0.173
12388745,7770.7,7770.7,,841.0,508.0,,,,
12388782,13683.0,13683.0,,874.0,908.0,63.8,73.6,87.9,
12448867,233.3,233.3,,21.0,24.0,22.0,33.6,38.6,
12491363,731.0,731.0,,122.0,61.0,39.2,48.1,53.6,
12496213,15319.7,15319.7,,1191.0,1131.0,,,,
12510495,1507.0,1507.0,,173.0,176.0,42.8,52.2,57.9,
12551965,502.0,502.0,,57.0,49.0,24.1,40.0,54.9,
12551985,816.3,816.3,,91.0,95.0,36.7,47.7,54.6,
12580047,1317.0,1317.0,,155.0,130.0,38.9,46.0,49.4,
12580404,10997.0,10997.0,,641.0,936.0,,,,
12580441,773.0,773.0,,62.0,60.0,40.5,49.7,54.7,
12601268,13254.0,13254.0,,878.0,923.0,,,,
12601270,478.3,478.3,,47.0,51.0,26.2,34.2,38.9,
12601287,27558.3,27558.3,,2221.0,1646.0,,,,
12601379,568.5,568.5,,95.0,56.0,24.5,34.1,39.1,
12623514,14866.3,14866.3,,985.0,1499.0,,,,
12642428,1999.5,1999.5,,136.0,180.0,35.6,46.9,52.6,
12669514,1361.0,1361.0,,127.0,119.0,32.2,42.7,48.8,
12675243,676.4,771.8,438.0,50.0,125.0,,,,
12697747,21488.3,21488.3,,1281.0,1887.0,,,,
12706462,15798.7,15798.7,,1075.0,1225.0,,,,
12763888,4994.4,5117.4,4687.0,267.0,377.0,,,,0.109
12763891,10688.0,10688.0,,949.0,1092.0,,,,
12763900,15632.3,15632.3,,898.0,1371.0,,,,
12786481,16534.7,16534.7,,1756.0,1008.0,,,,
12789544,22466.7,22466.7,,1182.0,1446.0,58.5,67.5,74.2,
12789755,5601.0,5601.0,,477.0,512.0,46.6,54.3,59.5,
12824040,8034.7,8034.7,,764.0,729.0,,,,
12834067,11241.6,11675.6,10156.5,821.0,880.0,,,,
13226449,5966.3,5966.3,,657.0,460.0,,,,
13226450,5540.0,5540.0,,386.0,534.0,,,,
13226765,11014.7,11014.7,,943.0,1296.0,,,,
13232749,18062.0,18062.0,,1627.0,1783.0,46.3,57.5,63.1,
13281622,6816.7,6816.7,,571.0,587.0,,,,
13286685,21619.7,21619.7,,1933.0,1665.0,,,,
13286735,17333.6,18143.4,15309.0,1042.0,1389.0,,,,
13288564,23110.3,23110.3,,1670.0,1599.0,,,,
13291670,19444.3,19444.3,,1602.0,1490.0,,,,
13291693,19912.3,19912.3,,1130.0,1740.0,,,,
13323643,12362.0,12362.0,,633.0,1654.0,,,,
13323711,8013.4,7627.8,8977.5,347.0,536.0,39.8,47.7,53.0,
13323732,8530.6,8736.2,8016.5,653.0,665.0,,,,
13339742,9794.4,9694.6,10044.0,605.0,775.0,,,,
13339743,5403.3,5381.0,5459.0,276.0,441.0,,,,
13339746,5972.7,5711.4,6626.0,368.0,479.0,,,,
13373370,13065.7,13065.7,,1181.0,1163.0,,,,
13394624,11204.9,11804.6,10205.3,1571.0,620.0,,,,
13497112,13750.7,13750.7,,927.0,1576.0,,,,
13497195,14632.7,14632.7,,882.0,1176.0,,,,
13497406,35978.0,35978.0,,3107.0,2744.0,54.0,63.0,68.6,
13499222,3308.0,3308.0,,260.0,345.0,,,,
13499247,481.0,481.0,,48.0,42.0,30.0,39.4,44.3,
13499253,452.0,452.0,,46.0,43.0,37.9,51.0,57.7,
13499379,7345.3,7345.3,,629.0,497.0,,,,
13501938,10063.7,10063.7,,755.0,846.0,,,,
13502294,13126.3,13126.3,,1016.0,1097.0,,,,
13502459,7742.0,7742.0,,331.0,960.0,,,,
13502484,5907.3,5907.3,,680.0,472.0,,,,
13502525,4623.0,4623.0,,442.0,377.0,,,,
13503383,2581.0,2581.0,,37.0,140.0,,,,
13503831,24859.0,26481.8,20802.0,1800.0,1787.0,,,,
13503833,34338.7,34338.7,,2186.0,2261.0,,,,
13503842,6324.3,6324.3,,587.0,574.0,,,,
13503857,1844.7,1844.7,,186.0,195.0,,,,
13503858,7180.7,7180.7,,363.0,822.0,,,,
13503896,5348.3,5348.3,,290.0,570.0,,,,
13515818,19283.0,19283.0,,518.0,3151.0,,,,
13969091,273.0,273.0,,31.0,37.0,30.1,38.3,42.7,
13969707,9683.0,9683.0,,729.0,834.0,,,,
13969709,16638.0,16638.0,,1247.0,1461.0,,,,
13969767,2404.3,2404.3,,171.0,246.0,31.3,38.1,42.3,
13969772,1110.0,1110.0,,93.0,109.0,35.5,44.1,48.9,
13969773,2641.0,2641.0,,184.0,262.0,33.6,38.8,42.4,
13969944,5685.3,5685.3,,285.0,557.0,,,,
13970558,3943.7,3943.7,,322.0,456.0,,,,
13971028,5987.3,5987.3,,476.0,634.0,42.9,49.0,56.7,
13971133,3262.0,3262.0,,515.0,273.0,23.4,33.4,36.6,
13971323,28803.3,28803.3,,2908.0,2411.0,,,,
13971759,1804.3,1804.3,,176.0,167.0,45.7,54.7,62.3,
13973014,25762.7,25762.7,,1970.0,2169.0,,,,
13973433,1466.3,1466.3,,132.0,200.0,34.9,44.3,49.2,
13973613,8438.0,8438.0,,704.0,553.0,34.9,44.2,49.8,
13973962,14865.3,14865.3,,2327.0,933.0,,,,
13973963,11669.6,13620.0,6793.5,1089.0,1005.0,,,,
13974024,15920.0,15920.0,,1690.0,1708.0,,,,
13974078,2488.0,2488.0,,292.0,238.0,35.7,43.4,48.1,
13974899,2296.3,2296.3,,139.0,207.0,33.9,39.7,44.0,
13975008,648.0,648.0,,71.0,83.0,27.1,34.6,39.0,
13975066,41797.0,41797.0,,2120.0,2427.0,,,,
13975120,10149.3,10149.3,,803.0,809.0,,,,
13975216,4705.0,4705.0,,565.0,416.0,,,,
13975237,7855.0,7855.0,,1273.0,381.0,,,,
13975541,1065.0,1065.0,,74.0,103.0,42.1,52.2,57.7,
13975543,842.0,842.0,,84.0,88.0,43.8,53.4,59.1,
13975566,14533.3,14533.3,,1524.0,1003.0,,,,
13976054,3743.7,3743.7,,186.0,319.0,42.0,49.4,54.5,
13976055,4115.7,4115.7,,209.0,343.0,38.3,48.3,54.3,
13976587,10068.0,10068.0,,869.0,864.0,55.8,63.5,69.2,
13990836,3797.3,3797.3,,194.0,318.0,,,,
14003491,12674.0,12674.0,,697.0,910.0,,,,
14003530,704.0,704.0,,39.0,99.0,35.0,43.5,48.4,
14003539,7134.0,7134.0,,467.0,388.0,35.7,44.1,49.6,
14003540,7578.7,7578.7,,422.0,530.0,,,,
14003553,656.0,656.0,,80.0,76.0,34.2,43.4,48.1,
14003607,619.7,619.7,,74.0,67.0,35.1,44.1,49.3,
14003608,783.5,783.5,,99.0,73.0,40.2,49.0,54.2,
14003618,1521.5,1521.5,,185.0,158.0,31.5,38.2,42.1,
14003627,14681.3,14681.3,,967.0,1004.0,,,,
14003663,1814.2,2008.7,1522.5,205.0,196.0,32.7,38.9,42.7,
14003673,324.2,327.3,319.5,22.0,35.0,34.4,44.3,50.0,
14003701,1309.7,1427.6,1015.0,105.0,123.0,27.3,34.5,38.9,
14003733,681.7,750.8,543.5,69.0,54.0,31.9,43.3,49.1,
14003754,2360.7,2360.7,,261.0,208.0,32.3,38.7,43.2,
14003793,1255.0,1255.0,,126.0,122.0,31.9,43.4,48.6,
14003802,1619.6,1717.7,1472.5,153.0,159.0,29.2,41.5,47.0,
14003812,2036.8,2062.3,1998.5,193.0,177.0,25.8,38.1,43.4,
14003813,1919.7,1919.7,,148.0,180.0,32.9,41.7,46.3,
14003829,268.4,289.3,237.0,40.0,24.0,34.3,44.2,49.6,
14003841,13815.4,13645.6,14240.0,894.0,1075.0,,,,
14003852,575.0,575.0,,39.0,61.0,34.0,44.3,51.1,
14003877,5811.7,5811.7,,341.0,556.0,,,,
14003891,12107.3,12107.3,,740.0,870.0,,,,
14003964,5213.3,5213.3,,565.0,484.0,39.8,47.5,52.1,
14004017,11910.3,11910.3,,887.0,849.0,,,,
14004027,4200.7,4200.7,,376.0,361.0,,,,
14004056,10089.3,10089.3,,723.0,775.0,,,,
14004063,1512.3,1512.3,,189.0,151.0,25.5,33.6,38.2,
14004092,781.7,781.7,,61.0,70.0,31.1,39.4,44.5,
14004103,500.3,500.3,,41.0,44.0,27.9,37.0,41.2,
14004170,5545.0,5545.0,,512.0,425.0,,,,
14004171,5538.3,5538.3,,315.0,529.0,,,,
14004180,402.3,402.3,,31.0,37.0,25.7,34.9,39.5,
14011300,11804.3,11804.3,,1217.0,870.0,,,,
14011332,574.5,574.5,,58.0,76.0,30.9,42.1,48.8,
14011333,574.5,574.5,,58.0,76.0,30.9,42.1,48.8,
14011351,1348.0,1348.0,,121.0,123.0,31.0,38.2,42.7,
14011371,13408.3,13408.3,,981.0,1037.0,45.8,54.4,59.8,
14011416,20580.0,20580.0,,1210.0,1437.0,45.3,54.2,59.6,
14011427,648.5,648.5,,33.0,62.0,25.4,33.8,37.4,
14011428,694.0,694.0,,66.0,46.0,27.2,36.2,41.7,
14011443,852.3,852.3,,55.0,85.0,26.4,33.6,37.8,
14011444,1194.0,1194.0,,66.0,126.0,26.6,33.8,37.9,
14011491,5775.3,5775.3,,517.0,447.0,,,,
14011569,8496.3,8496.3,,838.0,561.0,,,,
14011571,11119.3,11119.3,,692.0,837.0,35.4,44.4,49.3,
14011591,895.0,895.0,,46.0,85.0,24.9,32.6,37.1,
14011601,1293.3,1293.3,,70.0,121.0,27.5,34.4,38.9,
14011611,818.7,818.7,,36.0,86.0,21.6,31.7,36.4,
14011612,694.0,694.0,,39.0,74.0,29.6,39.7,58.0,
14011678,1857.7,1857.7,,215.0,224.0,,,,
14011679,1022.7,1022.7,,69.0,106.0,25.5,33.7,38.6,
14011688,606.7,606.7,,51.0,48.0,29.1,38.8,43.7,
14011695,239.3,239.3,,16.0,22.0,22.6,33.5,39.1,
14011722,400.0,400.0,,40.0,38.0,25.5,33.3,37.7,
14011723,526.7,526.7,,80.0,47.0,34.5,43.6,48.9,
14011886,1107.0,1107.0,,199.0,84.0,21.1,29.7,34.0,
14011887,1522.0,1522.0,,94.0,197.0,21.8,31.8,34.2,
14011905,8965.0,8965.0,,860.0,664.0,,,,
14011970,1252.3,1252.3,,247.0,87.0,29.0,34.9,39.4,
14012030,1113.0,1113.0,,202.0,87.0,26.4,33.4,34.8,
14012141,464.7,464.7,,27.0,38.0,35.1,47.0,52.5,
14012230,100.0,100.0,,17.0,14.0,14.0,23.0,24.8,
14012238,11281.3,11281.3,,755.0,761.0,37.9,47.7,54.8,
14012239,10033.0,10033.0,,561.0,926.0,,,,
14012250,523.0,523.0,,86.0,63.0,24.8,33.7,38.5,
14012258,838.0,838.0,,60.0,90.0,21.3,29.4,33.9,
14012259,715.0,715.0,,35.0,100.0,27.3,34.5,38.9,
14012267,550.0,550.0,,61.0,45.0,26.8,36.3,39.8,
14012309,12519.0,12519.0,,726.0,1213.0,,,,
14012410,12798.3,12798.3,,658.0,1240.0,,,,
14012411,13639.7,13639.7,,729.0,1216.0,,,,
14012420,796.7,796.7,,91.0,81.0,32.3,42.5,48.1,
14012494,12694.7,12694.7,,1210.0,880.0,,,,
14012530,1188.7,1188.7,,114.0,148.0,20.0,28.4,31.9,
14012676,1678.3,1678.3,,157.0,156.0,28.9,34.8,39.0,
14012686,10177.3,10280.2,9920.0,664.0,745.0,,,,
14012694,5814.6,6069.6,5177.0,530.0,511.0,33.8,42.2,46.7,
14012704,11717.9,12102.4,10756.5,879.0,791.0,36.6,48.7,54.2,
14012715,1146.3,1146.3,,115.0,108.0,29.4,36.1,39.1,
14012722,566.0,566.0,,34.0,53.0,32.0,38.8,43.2,
14012735,752.0,752.0,,42.0,58.0,37.9,47.1,52.8,
14012736,977.3,977.3,,69.0,95.0,25.6,33.2,36.7,
14012744,779.7,779.7,,98.0,100.0,24.9,33.0,37.9,
14012746,731.7,731.7,,64.0,55.0,29.9,37.5,42.2,
14012771,538.3,538.3,,53.0,46.0,22.0,31.3,34.8,
14012780,1175.3,1175.3,,74.0,126.0,26.9,34.1,38.6,
14012787,12619.7,12619.7,,929.0,992.0,,,,
14012823,1303.0,1303.0,,89.0,162.0,31.6,39.6,46.3,
14012824,510.7,510.7,,40.0,60.0,35.9,43.8,48.7,
14012835,1202.0,1202.0,,48.0,123.0,,,,
14012862,12209.3,12209.3,,726.0,1029.0,,,,
14012926,7700.3,7700.3,,584.0,490.0,,,,
14012927,7808.7,7808.7,,426.0,677.0,,,,
14012935,9245.0,9245.0,,772.0,777.0,,,,
14012943,863.0,863.0,,79.0,95.0,35.3,43.2,48.1,
14012967,707.0,707.0,,61.0,71.0,28.9,39.7,47.3,
14012999,756.0,756.0,,86.0,80.0,34.5,44.0,48.8,
14013021,17259.3,17985.8,15443.0,1152.0,1446.0,,,,
14013033,802.5,802.5,,93.0,91.0,30.2,37.9,42.8,
14013118,297.5,297.5,,17.0,43.0,34.6,42.3,44.8,
14013125,8639.0,8639.0,,473.0,786.0,,,,
14013132,757.0,757.0,,58.0,85.0,32.3,38.8,42.8,
14013141,856.0,856.0,,85.0,82.0,,,,0.048
14013189,1682.0,1682.0,,166.0,200.0,,,,0.047
14013205,3484.0,3484.0,,327.0,319.0,42.1,49.0,53.5,
14013206,3396.5,3396.5,,192.0,357.0,42.5,49.2,53.6,
14013217,884.0,884.0,,86.0,74.0,40.9,52.0,58.2,
14013218,850.0,850.0,,54.0,88.0,40.1,48.6,54.0,
14013236,561.0,561.0,,67.0,67.0,27.0,36.1,39.8,
14013245,469.3,469.3,,34.0,32.0,23.9,33.8,38.3,
14013253,669.0,669.0,,45.0,62.0,28.0,37.0,39.8,
14013259,815.7,815.7,,76.0,96.0,29.1,36.9,39.7,
14013266,11465.7,11465.7,,730.0,1061.0,,,,
14013287,399.3,399.3,,38.0,42.0,28.7,38.4,43.2,
14013297,757.1,873.2,467.0,120.0,83.0,43.0,51.6,54.6,
14013304,708.3,708.3,,55.0,77.0,28.3,37.0,41.1,
14013345,3183.5,3183.5,,196.0,262.0,26.5,34.8,41.9,
14013347,6653.0,6653.0,,493.0,571.0,35.3,42.7,48.0,
14013366,516.0,516.0,,35.0,45.0,24.1,32.6,36.5,
14013367,619.5,619.5,,34.0,47.0,33.2,42.3,47.9,
14013392,366.0,366.0,,53.0,30.0,32.9,42.7,46.9,
14013481,17782.3,17782.3,,1437.0,1175.0,,,,
14013502,8542.4,8909.0,7626.0,595.0,639.0,,,,
14013511,501.5,501.5,,65.0,49.0,36.8,48.4,54.4,
14013529,2874.5,2874.5,,341.0,272.0,31.3,38.5,44.1,
14013538,1952.5,1952.5,,88.0,187.0,34.5,44.6,51.9,
14013563,2245.3,2245.3,,126.0,232.0,28.6,34.5,38.4,
14013571,460.3,460.3,,39.0,38.0,28.8,38.9,44.8,
14013582,391.7,391.7,,24.0,35.0,43.5,58.3,68.1,
14013605,701.3,701.3,,56.0,61.0,35.8,42.9,47.4,
14013618,20563.0,20563.0,,1282.0,1389.0,45.6,54.4,59.8,
14013625,9990.0,9990.0,,620.0,752.0,,,,
14013635,1158.3,1158.3,,84.0,129.0,34.3,43.5,49.2,
14013654,3855.7,3855.7,,309.0,392.0,31.5,39.9,46.5,
14013655,3995.7,4289.8,3260.5,264.0,486.0,24.8,33.4,38.0,
14013672,639.3,639.3,,49.0,58.0,27.7,34.9,39.6,
14013696,1038.7,1038.7,,91.0,102.0,28.6,37.1,39.9,
14013720,2115.3,2115.3,,219.0,239.0,30.7,38.5,42.6,
14013728,346.7,346.7,,29.0,28.0,23.0,32.9,38.9,
14013746,2996.0,2996.0,,257.0,337.0,28.9,34.8,39.3,
14013766,12035.7,12035.7,,1263.0,1008.0,,,,
14013791,1026.7,1026.7,,137.0,99.0,32.5,42.8,48.2,
14013814,1066.3,1066.3,,123.0,157.0,24.5,37.7,41.8,
14013820,415.3,415.3,,36.0,44.0,30.3,39.2,43.9,
14013829,894.7,894.7,,130.0,91.0,34.2,43.5,48.4,
14013850,2516.7,2516.7,,222.0,257.0,31.0,38.0,39.9,
14013878,1135.3,1135.3,,63.0,152.0,23.6,29.6,33.4,
14013885,1227.0,1227.0,,109.0,119.0,28.5,36.3,39.7,
14013894,1246.7,1246.7,,63.0,164.0,26.7,34.5,38.7,
14013912,1295.0,1295.0,,113.0,134.0,31.2,38.4,42.4,
14013919,1487.0,1487.0,,92.0,124.0,28.3,36.9,42.2,
14013935,2831.0,2831.0,,247.0,261.0,33.1,39.7,44.5,
14013948,611.7,611.7,,61.0,70.0,32.3,42.8,48.4,
14013949,470.0,470.0,,42.0,65.0,29.4,39.2,44.2,
14013962,11331.3,11331.3,,696.0,1003.0,,,,
14013970,204.6,214.6,179.5,21.0,25.0,30.8,42.0,46.3,
14013985,760.0,760.0,,84.0,77.0,30.2,38.2,41.7,
14013986,899.0,899.0,,190.0,143.0,38.2,47.0,51.0,
14013987,2495.0,2495.0,,312.0,285.0,32.3,39.1,43.6,
14014007,2034.7,2034.7,,251.0,230.0,34.2,41.9,44.9,
14014008,661.3,661.3,,60.0,73.0,30.9,42.4,47.3,
14014017,1861.3,1861.3,,244.0,200.0,32.1,39.2,44.2,
14014033,298.3,298.3,,20.0,31.0,30.9,42.2,49.2,
14014041,285.7,285.7,,22.0,28.0,31.0,42.0,46.5,
14014054,612.3,612.3,,54.0,53.0,27.4,36.2,39.8,
14014081,146.7,146.7,,14.0,20.0,25.7,34.5,38.8,
14014082,127.7,127.7,,14.0,11.0,24.5,33.9,38.4,
14014090,38168.7,38168.7,,2498.0,2525.0,32.9,43.6,48.9,
14014119,328.3,328.3,,26.0,26.0,26.3,34.8,39.3,
14014132,325.3,325.3,,47.0,28.0,31.5,39.7,44.7,
14014152,6322.0,6322.0,,360.0,742.0,,,,
14014159,7604.3,7604.3,,897.0,754.0,,,,
14014172,9964.0,9964.0,,464.0,875.0,,,,
14014177,10519.3,10845.0,9705.0,852.0,750.0,,,,
14014184,7832.0,7832.0,,474.0,533.0,,,,
14014192,9399.7,9399.7,,635.0,642.0,,,,
14014242,1085.3,1085.3,,100.0,159.0,25.4,34.5,39.6,
14014261,18184.7,18184.7,,1653.0,1064.0,,,,
14014300,376.0,376.0,,27.0,32.0,,,,
14014337,1179.3,1179.3,,190.0,97.0,31.5,39.8,44.9,
14014345,16288.7,16288.7,,1384.0,1129.0,,,,
14014346,16122.0,16122.0,,973.0,1325.0,,,,
14014360,2459.0,2459.0,,190.0,259.0,23.1,31.5,34.5,
14014401,334.7,334.7,,19.0,41.0,26.2,34.4,38.2,
14014448,17145.9,17896.0,15270.5,1627.0,1028.0,,,,
14014466,21032.3,21032.3,,1734.0,1723.0,,,,
14014498,441.0,441.0,,37.0,45.0,27.3,36.5,39.7,
14014514,400.7,400.7,,25.0,37.0,27.4,36.6,41.8,
14014542,2167.7,2167.7,,205.0,177.0,26.5,33.8,38.6,
14014556,5405.7,5405.7,,556.0,511.0,26.8,33.8,37.4,
14014563,7052.3,7052.3,,466.0,733.0,,,,
14014578,12818.0,12818.0,,1285.0,925.0,,,,
14014593,1270.0,1270.0,,128.0,155.0,37.7,46.6,51.3,
14014609,10410.0,10402.4,10429.0,818.0,584.0,,,,
14014666,431.6,490.7,343.0,42.0,49.0,29.7,41.8,47.6,
14014678,564.6,721.7,329.0,24.0,102.0,27.9,39.3,46.2,
14014708,259.4,310.3,183.0,13.0,49.0,32.9,44.6,49.9,
14014709,12157.3,12157.3,,725.0,1205.0,,,,
14014792,13106.3,13106.3,,1121.0,1020.0,,,,
14014794,11267.0,11267.0,,754.0,960.0,,,,
14014816,882.0,882.0,,46.0,105.0,39.8,49.4,57.0,
14014839,254.0,254.0,,28.0,27.0,28.4,38.6,44.5,
14014847,239.0,239.0,,36.0,25.0,30.8,39.0,43.1,
14014865,1174.3,1174.3,,144.0,112.0,34.4,42.8,47.9,
14014880,6798.3,6798.3,,454.0,818.0,,,,
14014894,9320.0,9791.2,8142.0,676.0,718.0,,,,
14014901,311.0,311.0,,25.0,36.0,31.8,41.8,46.9,
14014902,271.5,271.5,,32.0,29.0,32.6,43.4,48.8,
14014914,990.3,990.3,,65.0,86.0,,,,
14014931,1206.0,1206.0,,135.0,137.0,33.4,39.5,44.4,
14014944,1067.7,1067.7,,52.0,132.0,33.1,42.3,48.8,
14015005,1126.0,1126.0,,138.0,126.0,32.5,38.9,43.4,
14015015,6776.0,6776.0,,454.0,574.0,,,,
14015031,4377.3,4377.3,,362.0,481.0,,,,
14015048,330.5,330.5,,26.0,44.0,33.5,42.8,48.3,
14015090,8630.3,8630.3,,588.0,691.0,,,,
14015106,1684.5,1684.5,,160.0,143.0,32.1,41.5,46.2,
14015194,8505.3,8505.3,,629.0,658.0,,,,
14015195,7681.0,7681.0,,497.0,639.0,,,,
14015202,938.5,938.5,,78.0,86.0,37.4,44.1,48.4,
14015214,1117.7,1117.7,,80.0,100.0,30.8,39.8,44.7,
14015245,1295.7,1295.7,,169.0,125.0,22.4,29.7,34.6,
14015255,594.5,594.5,,56.0,60.0,33.8,42.7,47.9,
14015266,559.5,559.5,,90.0,53.0,32.5,41.3,44.9,
14015275,551.0,551.0,,49.0,62.0,32.7,41.0,44.6,
14015276,557.0,557.0,,47.0,48.0,32.9,42.0,46.2,
14015302,945.0,945.0,,103.0,81.0,29.6,36.7,39.8,
14015331,1985.0,1985.0,,259.0,156.0,23.2,32.5,37.3,
14015397,9301.0,9301.0,,460.0,700.0,,,,0.033
14015399,16213.0,16213.0,,1162.0,1234.0,40.1,48.5,53.3,
14015447,15972.0,15972.0,,1239.0,1301.0,41.3,49.7,54.8,
14015499,2861.7,2861.7,,171.0,299.0,,,,
14015526,8699.7,8699.7,,681.0,649.0,,,,
14015600,1595.0,1595.0,,176.0,151.0,,,,
14015702,1074.5,1074.5,,155.0,117.0,29.5,38.4,43.8,
14015822,1373.0,1373.0,,118.0,122.0,,,,
14015865,20773.7,20773.7,,1675.0,1666.0,,,,
14015917,16394.1,16322.8,16572.5,1241.0,1047.0,,,,
14015931,5645.3,5645.3,,539.0,363.0,,,,
14015938,1246.0,,1246.0,,,30.6,39.1,44.2,
14015981,2448.0,2448.0,,150.0,274.0,33.7,39.3,43.5,
14015986,17741.0,17741.0,,1394.0,1485.0,46.5,53.6,58.7,
14016041,17514.0,17514.0,,767.0,1509.0,,,,
14016056,11985.7,11985.7,,732.0,1076.0,36.7,44.9,49.8,
14016094,572.0,572.0,,68.0,73.0,36.6,44.1,48.7,
14016095,445.0,445.0,,27.0,54.0,38.1,46.8,51.2,
14016103,1125.7,1244.0,1066.5,114.0,115.0,35.3,44.5,49.7,
14016123,464.0,464.0,,37.0,47.0,29.0,39.7,46.5,
14016131,1926.3,1926.3,,240.0,172.0,30.0,37.6,41.7,
14016139,1239.0,1239.0,,61.0,138.0,,,,
14016160,9748.3,9748.3,,691.0,793.0,,,,
14016167,285.0,285.0,,18.0,36.0,33.2,44.1,49.1,
14016168,170.0,170.0,,16.0,19.0,34.5,46.6,52.4,
14016176,279.3,279.3,,14.0,37.0,25.3,34.3,38.6,
14016177,229.0,229.0,,16.0,20.0,26.4,36.6,42.4,
14016242,7096.0,7096.0,,449.0,466.0,34.8,43.8,49.1,
14016243,6912.3,6912.3,,529.0,558.0,,,,
14016252,126.0,126.0,,14.0,20.0,24.4,33.6,38.1,
14016268,547.3,547.3,,51.0,75.0,27.6,34.5,39.2,
14016278,1006.3,1006.3,,76.0,125.0,29.3,36.4,39.7,
14016286,1288.0,1288.0,,65.0,272.0,22.8,31.7,34.4,
14016293,1347.0,1347.0,,91.0,318.0,25.6,33.3,35.0,
14016294,665.7,665.7,,74.0,85.0,27.7,36.3,39.9,
14016348,871.0,871.0,,132.0,93.0,28.7,34.2,37.4,
14016417,1252.0,1252.0,,206.0,133.0,27.9,34.7,38.9,
14016444,685.0,685.0,,42.0,60.0,32.5,39.6,44.3,
14016573,2860.7,2860.7,,276.0,257.0,,,,
14016643,9173.9,9798.2,7613.0,1148.0,480.0,,,,
14016696,4816.5,4816.5,,366.0,493.0,42.2,49.0,53.4,
14016714,272.7,272.7,,32.0,36.0,31.1,42.1,47.2,
14016715,261.3,261.3,,28.0,24.0,32.8,43.4,48.4,
14016733,755.3,755.3,,69.0,69.0,,,,0.067
14016757,5971.7,5971.7,,436.0,448.0,,,,
14016783,582.0,582.0,,70.0,58.0,30.3,41.1,44.8,
14016784,990.5,990.5,,78.0,129.0,29.5,42.0,46.9,
14016934,742.0,742.0,,66.0,58.0,26.2,34.3,39.3,
14016991,17383.7,17383.7,,988.0,1247.0,,,,
14017010,369.0,369.0,,37.0,36.0,20.7,28.2,31.0,
14017035,13802.7,13802.7,,763.0,841.0,37.3,44.5,49.6,
14017122,2387.6,2409.0,2334.0,143.0,183.0,25.6,33.4,38.4,
14017163,36.0,36.0,,7.0,8.0,16.9,26.2,28.7,
14017164,39.0,39.0,,9.0,5.0,16.5,24.6,28.3,
14017172,352.3,352.3,,33.0,34.0,24.1,34.0,39.0,
14017192,374.0,374.0,,56.0,37.0,25.8,34.3,39.0,
14017240,444.3,444.3,,23.0,48.0,28.2,37.2,41.3,
14017247,1350.3,1350.3,,89.0,145.0,28.4,36.0,39.4,
14017306,825.5,825.5,,44.0,84.0,31.1,39.3,44.4,
14017390,400.0,400.0,,25.0,38.0,31.7,39.9,46.1,
14017433,153.0,153.0,,25.0,19.0,31.8,39.7,44.3,
14017434,443.0,443.0,,40.0,58.0,30.8,38.9,44.4,
14017496,702.7,702.7,,45.0,81.0,34.9,44.3,49.5,
14017510,1090.5,1090.5,,126.0,105.0,29.7,37.3,41.3,
14017537,238.3,238.3,,13.0,26.0,28.5,37.7,43.2,
14017559,1320.0,1320.0,,132.0,133.0,29.6,36.8,39.8,
14017573,1161.3,1161.3,,103.0,115.0,24.0,31.9,34.5,
14017604,184.7,184.7,,18.0,18.0,29.1,37.9,41.5,
14017612,985.7,985.7,,99.0,76.0,29.8,38.5,43.9,
14017614,807.0,807.0,,98.0,59.0,27.9,37.2,41.2,
14017625,1345.0,1345.0,,113.0,161.0,34.1,42.3,47.0,
14017650,712.0,712.0,,65.0,67.0,28.9,37.1,41.7,
14017682,1085.3,1085.3,,91.0,103.0,27.9,36.8,41.6,
14017694,1093.3,1093.3,,97.0,108.0,31.3,38.8,44.0,
14017715,22.3,22.3,,1.0,4.0,10.5,16.5,18.4,
14017716,799.7,799.7,,50.0,82.0,29.8,37.9,42.7,
14017727,2046.0,2046.0,,177.0,129.0,26.2,33.8,38.5,
14017767,9441.7,9446.6,9429.5,528.0,615.0,39.5,46.9,50.0,
14017818,1320.5,1320.5,,60.0,138.0,22.3,29.5,34.0,
14017835,8754.0,8754.0,,519.0,667.0,,,,
14017840,11467.3,11467.3,,655.0,772.0,41.9,48.8,54.1,
14017870,915.5,915.5,,58.0,86.0,29.8,38.0,43.4,
14017872,1029.9,1035.4,1016.0,62.0,89.0,36.2,47.7,54.2,
14017887,128.0,128.0,,9.0,15.0,12.3,21.0,24.2,
14017888,985.5,985.5,,97.0,90.0,27.2,34.1,39.4,
14017917,2771.4,2816.0,2660.0,149.0,250.0,30.7,39.4,44.3,
14017925,4746.0,4746.0,,340.0,435.0,,,,
14017926,2612.3,2612.3,,136.0,234.0,27.1,34.5,39.6,
14017985,775.2,739.7,828.5,45.0,75.0,25.8,34.9,39.7,
14018023,2002.7,1956.5,2095.0,105.0,154.0,26.2,33.6,37.4,
14018080,1293.0,1293.0,,123.0,96.0,28.1,34.6,38.9,
14018081,1008.0,1008.0,,74.0,78.0,27.1,33.9,37.8,
14018083,1285.7,1285.7,,124.0,96.0,25.9,34.1,38.1,
14018097,1098.3,1058.0,1179.0,72.0,101.0,23.3,32.4,36.3,
14018119,3377.7,3377.7,,211.0,320.0,41.2,48.6,53.6,
14018120,5547.0,5547.0,,348.0,468.0,27.2,33.8,38.3,
14018121,2792.0,2792.0,,241.0,210.0,40.6,48.4,53.1,
14018156,2901.0,2901.0,,234.0,214.0,,,,
14018163,646.3,646.3,,63.0,52.0,24.0,33.2,37.7,
14018221,1586.7,1586.7,,194.0,133.0,35.6,44.0,49.0,
14018223,1428.7,1404.0,1478.0,100.0,171.0,27.0,37.9,43.2,
14018242,11258.0,10798.8,12406.0,618.0,907.0,,,,
14018251,16911.0,16911.0,,932.0,1098.0,42.8,52.3,58.4,
14018264,11498.0,11498.0,,872.0,777.0,,,,
14018270,13.0,13.0,,1.0,2.0,13.8,23.0,28.1,
14018271,974.7,974.7,,68.0,103.0,23.2,29.6,34.4,
14018278,12563.7,12563.7,,1343.0,715.0,,,,
14018287,232.0,232.0,,13.0,28.0,17.8,27.8,34.4,
14018302,318.3,318.3,,23.0,24.0,14.1,23.0,24.8,
14018318,475.5,475.5,,31.0,46.0,29.6,38.5,43.6,
14018319,390.3,390.3,,20.0,35.0,30.4,39.1,44.5,
14018326,1424.3,1424.3,,113.0,132.0,21.9,31.2,34.3,
14018335,159.5,159.5,,10.0,21.0,28.9,39.0,44.8,
14018336,174.0,174.0,,13.0,20.0,28.1,34.9,39.6,
14018351,668.7,668.7,,46.0,51.0,22.1,33.1,38.3,
14018352,632.3,632.3,,36.0,58.0,30.6,41.3,47.2,
14018353,845.5,845.5,,44.0,85.0,29.6,38.4,43.2,
14018381,18.3,18.3,,2.0,4.0,20.4,28.7,34.3,
14018390,30.3,30.3,,2.0,3.0,19.3,27.5,29.6,
14018391,986.3,986.3,,146.0,120.0,28.8,37.6,42.1,
14018398,8128.7,8128.7,,586.0,583.0,43.1,49.9,54.7,
14018406,15668.7,15668.7,,1240.0,1401.0,45.0,53.7,59.3,
14018408,7883.7,7883.7,,609.0,541.0,,,,
14018423,648.3,648.3,,80.0,63.0,25.7,33.1,36.5,
14018430,1117.0,1117.0,,95.0,93.0,26.5,34.1,38.4,
14018443,16951.7,16951.7,,1393.0,1493.0,,,,
14018449,2149.3,2149.3,,153.0,162.0,,,,
14018477,8710.0,8710.0,,613.0,593.0,,,,
14018517,308.0,308.0,,20.0,23.0,26.9,37.1,44.1,
14018535,4511.7,4511.7,,290.0,330.0,32.1,39.5,44.6,
14018568,6419.0,6419.0,,496.0,443.0,,,,
14018585,431.5,431.5,,78.0,43.0,24.6,33.0,36.6,
14018605,954.7,954.7,,49.0,98.0,31.5,42.2,47.7,
14018632,866.0,866.0,,51.0,88.0,25.2,32.3,34.7,
14018667,343.7,343.7,,45.0,39.0,24.2,32.7,37.6,
14018701,936.3,936.3,,43.0,87.0,33.7,42.7,47.7,
14018722,311.7,311.7,,27.0,36.0,20.6,31.8,34.3,
14018745,686.0,686.0,,44.0,62.0,26.2,34.0,38.5,
14018766,456.3,456.3,,29.0,42.0,21.1,29.3,34.2,
14018821,3027.0,3027.0,,242.0,213.0,35.6,42.9,47.8,
14018822,2100.0,2100.0,,113.0,193.0,36.1,43.7,48.6,
14018868,743.5,743.5,,65.0,92.0,29.0,34.4,38.4,
14018929,704.7,704.7,,52.0,59.0,31.3,39.5,44.7,
14018963,515.3,515.3,,39.0,46.0,24.1,34.1,38.8,
14018964,606.7,606.7,,49.0,63.0,26.1,36.1,39.8,
14018972,9726.7,9726.7,,570.0,734.0,,,,
14018978,7132.3,7036.0,7373.0,786.0,401.0,,,,
14019006,681.0,681.0,,76.0,55.0,31.4,39.0,44.0,
14019024,30.0,30.0,,3.0,4.0,16.8,31.4,33.8,
14019074,19.7,19.7,,4.0,2.0,12.4,18.4,31.2,
14019090,1242.0,1242.0,,85.0,127.0,32.7,42.0,47.5,
14019092,961.3,961.3,,68.0,92.0,30.3,38.5,43.1,
14019118,1262.3,1262.3,,89.0,120.0,30.1,38.8,43.9,
14019119,1298.0,1263.0,1368.0,80.0,120.0,25.6,34.3,39.0,
14019169,81.3,81.3,,8.0,10.0,25.5,33.3,37.4,
14019181,2311.3,2311.3,,153.0,194.0,26.3,33.6,38.0,
14019182,2949.7,2849.5,3150.0,152.0,242.0,23.1,29.1,32.8,
14019236,2406.3,2406.3,,163.0,188.0,25.6,33.2,36.9,
14019256,12.3,12.3,,0.0,1.0,18.4,29.6,34.2,
14019257,193.0,193.0,,8.0,20.0,24.7,32.8,34.8,
14019322,1769.0,1815.2,1653.5,69.0,197.0,25.2,34.2,38.9,
14019323,1457.0,1457.0,,99.0,166.0,30.0,38.5,44.3,
14019357,739.0,739.0,,39.0,69.0,,,,0.028
14019392,2164.0,2164.0,,161.0,157.0,,,,
14019393,2366.7,2366.7,,177.0,181.0,25.9,33.2,38.0,
14019410,5373.0,5373.0,,507.0,491.0,,,,
14019521,725.3,725.3,,56.0,63.0,31.2,39.6,46.5,
14019543,6092.7,6092.7,,671.0,422.0,,,,
14019553,1875.9,1956.2,1675.0,126.0,139.0,21.1,29.6,34.0,
14019598,312.3,312.3,,27.0,24.0,,,,
14019658,708.7,708.7,,41.0,67.0,22.4,32.8,38.2,
14019702,1295.3,1295.3,,73.0,129.0,31.1,39.4,44.4,
14019762,12081.0,12081.0,,654.0,906.0,,,,
14019779,390.0,390.0,,37.0,47.0,32.3,38.6,42.1,
14019798,632.3,632.3,,57.0,72.0,36.6,44.3,49.2,
14019799,597.0,597.0,,50.0,71.0,32.5,41.3,44.9,
14019957,11465.7,11465.7,,1428.0,868.0,,,,
14019965,10045.3,10045.3,,1113.0,698.0,,,,
14019974,10311.3,10311.3,,1089.0,744.0,,,,
14020008,8931.0,8931.0,,414.0,868.0,,,,
14020092,1402.0,1402.0,,77.0,156.0,35.3,44.3,51.4,
14020151,6978.1,6770.4,7497.5,383.0,521.0,,,,
14020328,553.7,553.7,,76.0,56.0,25.4,33.4,37.0,
14020362,361.3,361.3,,36.0,43.0,17.1,24.8,29.0,
14020416,558.7,558.7,,41.0,53.0,24.7,33.8,39.0,
14020497,7329.0,7329.0,,465.0,530.0,,,,
14020533,2415.0,2415.0,,219.0,202.0,,,,
14020534,1466.7,1466.7,,116.0,139.0,24.6,34.1,42.9,
14020560,8217.0,8217.0,,986.0,580.0,,,,
14020578,1190.5,1190.5,,99.0,107.0,30.0,38.1,44.2,
14020639,565.0,565.0,,37.0,70.0,30.2,38.9,44.1,
14020755,904.7,904.7,,183.0,119.0,20.6,28.8,32.5,
14020766,7032.3,7032.3,,411.0,533.0,,,,
14020864,415.7,415.7,,18.0,39.0,,,,
14020899,405.0,405.0,,17.0,31.0,,,,
14020907,3355.7,3355.7,,310.0,219.0,,,,
14020908,4578.3,4578.3,,318.0,433.0,,,,
14020924,8604.3,8604.3,,408.0,647.0,,,,
14020952,1507.0,1507.0,,116.0,135.0,,,,
14020961,874.0,874.0,,45.0,90.0,27.5,34.1,38.1,
14021010,2850.4,3046.0,2361.5,197.0,196.0,,,,0.092
14021105,3692.7,3692.7,,238.0,331.0,,,,
14021125,11128.3,11128.3,,677.0,873.0,,,,
14021163,10738.7,10738.7,,825.0,818.0,,,,
14021202,465.3,465.3,,32.0,41.0,29.3,38.7,43.4,
14021224,613.0,613.0,,53.0,52.0,14.1,23.3,28.0,
14021242,1688.7,1688.7,,110.0,119.0,22.5,29.7,34.2,
14021269,944.7,944.7,,60.0,87.0,28.1,34.5,39.6,
14021286,12005.4,11416.3,13576.3,460.0,779.0,,,,
14021395,607.0,607.0,,56.0,66.0,32.3,42.3,47.6,
14021443,9916.3,9916.3,,482.0,910.0,,,,
14021444,12029.7,12029.7,,1334.0,795.0,,,,
14021506,3231.0,3231.0,,233.0,293.0,23.4,32.7,37.2,
14021507,3427.7,3427.7,,237.0,344.0,26.0,33.9,38.2,
14021516,9376.7,9376.7,,891.0,595.0,,,,
14021561,10286.3,10286.3,,489.0,1134.0,,,,
14021575,8485.0,8553.0,8315.0,549.0,632.0,33.5,42.8,48.0,
14021591,10867.7,10867.7,,1188.0,712.0,,,,
14021646,950.0,950.0,,192.0,80.0,33.6,43.5,48.5,
14021662,960.0,960.0,,143.0,70.0,34.3,43.9,48.8,
14021684,12974.7,12974.7,,542.0,1362.0,,,,
14021692,499.0,499.0,,47.0,48.0,19.7,28.3,31.5,
14021723,330.0,330.0,,23.0,30.0,30.0,36.9,39.4,
14021724,250.7,250.7,,20.0,29.0,23.9,33.4,37.6,
14021747,3967.7,3967.7,,560.0,297.0,,,,
14021755,2650.0,2650.0,,216.0,271.0,25.8,32.4,34.9,
14021785,2173.7,2173.7,,160.0,189.0,,,,
14021801,6771.3,6771.3,,495.0,457.0,,,,
14021810,668.7,668.7,,53.0,78.0,28.9,34.9,39.4,
14021881,594.0,594.0,,70.0,69.0,24.1,32.0,34.4,
14021905,221.0,221.0,,22.0,23.0,26.1,34.5,39.8,
14022043,443.0,443.0,,39.0,54.0,30.7,38.9,43.9,
14022066,523.6,530.7,513.0,32.0,47.0,33.7,43.3,48.7,
14022075,929.0,929.0,,124.0,80.0,25.8,33.2,35.0,
14022105,4138.3,4138.3,,428.0,367.0,28.9,34.7,39.4,
14022178,2432.0,2432.0,,218.0,264.0,32.4,38.7,42.9,
14022204,667.7,667.7,,59.0,56.0,28.2,34.6,39.3,
14022212,911.0,911.0,,77.0,108.0,25.5,33.3,34.9,
14022264,900.0,900.0,,100.0,74.0,31.0,38.4,43.1,
14022292,528.0,528.0,,43.0,43.0,31.1,41.9,46.7,
14022307,552.3,552.3,,62.0,55.0,33.9,39.9,44.3,
14022331,359.7,359.7,,40.0,38.0,28.4,38.1,43.5,
14022342,960.0,960.0,,91.0,96.0,30.1,37.8,41.4,
14022349,888.7,888.7,,135.0,75.0,31.9,39.2,44.0,
14022367,2472.3,2472.3,,222.0,284.0,32.5,38.8,43.0,
14022419,530.5,530.5,,73.0,55.0,31.8,38.9,43.4,
14022557,592.6,614.8,533.7,45.0,48.0,,,,
14022570,748.3,748.3,,44.0,61.0,33.2,39.5,44.8,
14022647,664.3,664.3,,54.0,65.0,26.2,34.2,39.3,
14022659,7887.0,7887.0,,527.0,614.0,,,,
14022753,407.7,407.7,,22.0,48.0,33.5,41.8,46.9,
14022754,350.3,350.3,,40.0,24.0,31.5,38.8,43.3,
14022830,693.5,693.5,,60.0,65.0,34.1,42.2,46.9,
14022845,1487.3,1487.3,,167.0,105.0,,,,
14022871,8013.3,8013.3,,911.0,498.0,,,,
14022904,5096.0,5096.0,,256.0,485.0,,,,
14022920,6736.0,6736.0,,774.0,445.0,,,,
14022961,405.0,405.0,,43.0,37.0,29.3,37.7,42.5,
14022969,166.3,166.3,,14.0,37.0,25.2,33.1,36.5,
14022970,146.3,146.3,,26.0,20.0,25.5,33.4,37.4,
14023003,634.7,634.7,,60.0,62.0,26.7,33.6,37.3,
14023027,689.3,689.3,,72.0,71.0,27.0,34.7,39.7,
14023047,158.0,158.0,,19.0,18.0,26.3,34.8,39.0,
14023115,17.3,17.3,,2.0,2.0,10.9,16.9,18.8,
14023116,583.3,583.3,,38.0,67.0,34.9,43.4,48.8,
14023124,9302.0,9302.0,,946.0,551.0,,,,
14023125,5878.6,5924.4,5764.0,326.0,563.0,,,,
14023155,624.3,624.3,,54.0,66.0,31.7,41.5,45.0,
14023168,1084.7,1084.7,,137.0,88.0,36.4,44.2,49.3,
14023196,1017.0,1017.0,,68.0,110.0,28.6,34.8,39.2,
14023228,5376.3,5376.3,,339.0,419.0,,,,
14023288,1035.7,1035.7,,75.0,86.0,,,,
14023312,6864.0,6864.0,,466.0,471.0,,,,
14023320,2101.0,2101.0,,140.0,160.0,,,,
14023329,4056.7,4056.7,,454.0,355.0,28.1,42.0,48.9,
14023382,1455.4,1623.6,1035.0,131.0,188.0,27.0,34.9,39.5,
14023389,2013.3,2013.3,,121.0,179.0,30.3,35.0,39.3,
14023397,9960.3,9960.3,,658.0,720.0,,,,
14023411,389.5,389.5,,64.0,43.0,26.9,34.2,38.2,
14023443,1030.0,1030.0,,62.0,114.0,32.5,39.7,44.3,
14023450,1030.3,1030.3,,134.0,89.0,36.2,43.8,48.5,
14023451,1271.3,1271.3,,126.0,139.0,36.8,44.0,48.6,
14023478,714.3,714.3,,39.0,101.0,28.1,37.4,42.2,
14023536,418.0,418.0,,27.0,33.0,15.1,23.7,27.4,
14023537,422.0,422.0,,48.0,49.0,30.5,37.1,39.7,
14023542,3926.7,3926.7,,306.0,294.0,29.3,41.1,47.3,
14023570,732.0,732.0,,46.0,62.0,22.3,29.9,34.4,
14023577,918.0,918.0,,65.0,93.0,33.3,43.1,48.2,
14023586,631.3,631.3,,48.0,66.0,25.4,36.7,41.5,
14023603,892.0,892.0,,77.0,101.0,28.7,34.6,38.7,
14023658,1945.7,1945.7,,190.0,169.0,34.7,42.5,46.8,
14023661,1767.0,1767.0,,150.0,143.0,30.8,37.8,41.9,
14023691,963.0,963.0,,60.0,96.0,37.3,44.6,49.6,
14023729,7036.3,7036.3,,567.0,548.0,,,,
14023776,2824.0,2824.0,,186.0,346.0,,,,
14023777,6509.3,6509.3,,816.0,361.0,,,,
14023778,11595.0,14325.0,8865.0,900.0,1159.0,47.8,54.6,59.4,
14023842,1769.3,1769.3,,152.0,137.0,,,,
14023848,1260.3,1260.3,,111.0,129.0,32.2,41.6,44.7,
14023872,759.3,759.3,,66.0,81.0,29.4,36.9,39.7,
14023920,4292.7,4292.7,,460.0,244.0,,,,
14023921,4491.7,4491.7,,187.0,487.0,,,,
14023991,2318.3,2318.3,,279.0,189.0,,,,
14024009,1796.3,1796.3,,178.0,178.0,39.0,46.8,49.7,
14024050,13627.0,13627.0,,1021.0,1156.0,,,,
14024051,8174.3,8174.3,,336.0,955.0,,,,
14024063,2767.7,2767.7,,248.0,234.0,36.4,43.8,48.7,
14024071,5295.7,5295.7,,468.0,496.0,,,,
14024192,2373.3,2373.3,,367.0,157.0,28.4,37.7,43.1,
14024212,5010.7,5010.7,,463.0,322.0,,,,
14024259,1303.7,1303.7,,75.0,118.0,,,,
14024266,142.5,142.5,,20.0,20.0,17.8,28.9,33.2,
14024386,13906.6,14417.4,12629.5,889.0,1143.0,38.9,44.8,49.4,
14024400,7198.3,7198.3,,278.0,803.0,,,,
14024409,8605.0,8605.0,,342.0,983.0,,,,
14024415,371.5,371.5,,44.0,44.0,18.7,26.1,29.0,
14024429,13926.7,13926.7,,752.0,990.0,44.7,51.5,54.9,
14024433,7378.0,7378.0,,333.0,825.0,,,,
14024441,1482.3,1482.3,,89.0,144.0,25.3,33.0,36.9,
14024456,8351.3,8351.3,,927.0,516.0,,,,
14024467,883.3,883.3,,57.0,77.0,35.6,43.5,48.6,
14024600,610.5,610.5,,69.0,51.0,24.0,32.6,37.5,
14024639,3492.0,3492.0,,211.0,257.0,16.4,24.9,29.5,
14024655,996.3,996.3,,52.0,82.0,19.8,31.3,36.8,
14024689,32105.3,32105.3,,2064.0,2104.0,,,,
14024722,2646.7,2646.7,,169.0,193.0,28.9,36.8,41.1,
14024740,498.3,498.3,,34.0,50.0,27.8,39.6,46.8,
14024741,560.7,560.7,,66.0,38.0,29.3,42.4,47.6,
14024754,308.0,308.0,,21.0,28.0,23.9,34.4,39.9,
14024762,1156.0,1156.0,,78.0,109.0,,,,
14024803,624.3,624.3,,82.0,50.0,23.1,31.5,35.0,
14024804,623.7,623.7,,84.0,45.0,24.1,32.4,36.7,
14024821,508.3,508.3,,33.0,44.0,32.0,41.9,47.4,
14024842,411.0,411.0,,31.0,41.0,31.1,39.6,46.8,
14024859,3847.0,3847.0,,249.0,359.0,,,,
14024944,1530.3,1530.3,,169.0,119.0,,,,
14024967,1334.0,1222.5,1557.0,52.0,105.0,23.3,29.9,34.0,
14024989,2041.9,2275.2,1458.5,434.0,141.0,28.9,39.9,63.3,
14025010,143.0,143.0,,7.0,14.0,13.9,23.3,28.4,
14025031,5239.0,5239.0,,249.0,580.0,46.9,58.9,66.1,
14025039,617.3,617.3,,52.0,62.0,25.1,38.8,44.4,
14025058,4882.3,4472.0,5703.0,277.0,374.0,21.9,29.1,33.0,
14025059,2077.9,2183.2,1814.5,169.0,167.0,31.0,39.3,44.6,
14025081,24128.0,24128.0,,1722.0,1724.0,,,,
14025107,21799.3,21799.3,,1567.0,1771.0,,,,
14025115,3086.0,3086.0,,170.0,226.0,35.5,43.3,48.4,
14025116,3993.0,3993.0,,319.0,321.0,,,,
14025155,2626.4,2699.6,2443.5,215.0,201.0,30.6,39.1,44.1,
14025166,308.5,308.5,,34.0,24.0,29.8,39.4,44.6,
14025183,404.3,404.3,,52.0,41.0,30.0,37.9,41.5,
14025188,594.0,594.0,,42.0,62.0,28.5,38.0,43.7,
14025206,1987.3,1998.0,1966.0,136.0,203.0,26.6,36.5,39.8,
14025214,2668.7,2668.7,,192.0,350.0,,,,
14025230,2405.0,2405.0,,130.0,185.0,30.0,38.5,42.5,
14025231,2348.0,2348.0,,219.0,42.0,30.9,39.1,43.6,
14025260,1144.0,1144.0,,86.0,114.0,,,,
14025267,11216.6,11216.6,,684.0,768.0,33.8,41.9,47.2,
14025268,8141.6,8141.6,,521.0,403.0,34.0,42.2,47.7,
14025284,19826.7,19826.7,,1456.0,1712.0,,,,
14025311,3387.7,3387.7,,225.0,273.0,,,,
14025348,15467.7,15467.7,,1119.0,1295.0,,,,
14025385,5732.0,5732.0,,340.0,501.0,,,,
14025399,6447.3,6447.3,,292.0,567.0,,,,
14025400,5990.3,5990.3,,421.0,413.0,,,,
14025408,7781.7,7781.7,,348.0,608.0,,,,
14025410,8705.7,8705.7,,420.0,811.0,,,,
14025444,8206.7,8182.0,8268.5,450.0,491.0,32.3,42.1,48.3,
14025445,4964.7,4964.7,,509.0,293.0,,,,
14025464,2815.4,2883.4,2645.5,103.0,244.0,30.9,39.8,44.6,
14025469,21218.0,21218.0,,1639.0,1239.0,,,,
14025522,10999.9,11572.6,9568.0,848.0,1265.0,,,,
14025523,11420.4,12087.6,9752.5,1152.0,1159.0,,,,
14025536,8735.7,8735.7,,435.0,811.0,,,,
14025568,8333.6,8333.6,,436.0,518.0,41.4,51.1,56.7,
14025601,4330.0,4330.0,,238.0,386.0,29.5,38.8,44.2,
14025610,5267.0,5267.0,,473.0,439.0,,,,
14025639,7460.0,7460.0,,515.0,604.0,,,,
14035932,7693.7,7693.7,,364.0,634.0,,,,
14035933,3880.7,3880.7,,259.0,272.0,,,,
14035940,244.0,235.5,252.5,14.0,28.0,25.0,33.6,38.7,
14035961,1118.0,1118.0,,104.0,109.0,32.1,38.8,43.1,
14035996,14395.0,14395.0,,871.0,962.0,,,,
14035998,15260.3,15260.3,,991.0,1003.0,,,,
14036031,2378.0,2378.0,,191.0,233.0,,,,
14036039,10319.0,10319.0,,530.0,868.0,,,,
14036064,14245.3,14245.3,,1233.0,819.0,,,,
14036167,701.7,701.7,,51.0,62.0,20.4,29.7,34.3,
14036169,669.7,669.7,,40.0,58.0,26.9,34.7,39.2,
14036189,2918.3,2918.3,,248.0,232.0,,,,
14036210,1310.0,1310.0,,76.0,130.0,34.9,43.0,48.5,
14036250,622.0,622.0,,65.0,63.0,30.8,41.1,52.8,
14036279,210.0,210.0,,11.0,27.0,,,,
14036376,3795.3,3983.8,3324.0,257.0,281.0,,,,0.033
14036403,1737.7,1737.7,,156.0,134.0,34.8,44.6,49.8,
14036413,5575.3,5575.3,,453.0,494.0,,,,
14036431,7331.0,7331.0,,594.0,604.0,38.9,47.1,52.0,
14036450,875.1,839.4,964.5,55.0,51.0,19.0,31.0,36.6,
14036451,728.3,728.3,,41.0,61.0,24.9,33.1,37.5,
14036468,12577.3,12577.3,,636.0,844.0,46.0,54.6,61.1,
14036475,19264.3,19264.3,,2203.0,1183.0,,,,
14036485,3654.3,3654.3,,389.0,309.0,,,,
14036486,966.0,966.0,,75.0,112.0,35.8,44.2,49.4,
14036499,478.0,478.0,,32.0,50.0,36.6,44.6,49.9,
14036500,313.0,313.0,,27.0,26.0,33.6,42.8,48.7,
14036545,1115.7,1115.7,,96.0,99.0,,,,
14036566,176.0,176.0,,23.0,18.0,21.9,31.1,34.9,
14036575,6511.0,6511.0,,551.0,624.0,34.6,42.9,47.0,
14036613,1401.0,1401.0,,152.0,124.0,37.1,47.8,53.3,
14036636,1428.0,1428.0,,119.0,126.0,36.3,43.8,48.7,
14036649,2180.3,2180.3,,339.0,218.0,35.5,44.0,49.5,
14036677,1967.0,1967.0,,267.0,216.0,29.6,38.3,42.3,
14036686,3568.0,3568.0,,355.0,403.0,29.8,37.4,39.9,
14036703,1158.5,1158.5,,176.0,113.0,33.1,43.1,48.5,
14036750,1168.0,1168.0,,83.0,106.0,35.9,46.5,52.4,
14036751,2681.0,2681.0,,298.0,243.0,37.2,46.9,51.7,
14036771,1123.0,1123.0,,81.0,158.0,22.8,37.0,42.8,
14036772,2598.7,2598.7,,278.0,303.0,40.2,48.2,53.4,
14036779,512.0,512.0,,53.0,53.0,36.1,46.9,52.7,
14036780,1960.0,1960.0,,202.0,197.0,39.6,48.0,53.2,
14036839,2249.7,2249.7,,214.0,194.0,,,,
14036853,5502.3,5502.3,,376.0,391.0,,,,
14036955,1324.0,1324.0,,107.0,119.0,23.1,33.8,39.2,
14037010,14336.3,14336.3,,1070.0,832.0,54.6,63.3,68.8,
14037016,5151.3,5151.3,,275.0,547.0,,,,
14037044,2911.0,2911.0,,294.0,307.0,30.6,38.4,42.7,
14037052,4174.0,4174.0,,433.0,501.0,31.5,37.9,41.6,
14037079,12918.6,13174.4,12279.0,1237.0,859.0,,,,
14037083,218.0,218.0,,21.0,29.0,,,,0.06
14037084,258.0,258.0,,35.0,67.0,,,,0.062
14037090,1543.6,1794.7,1167.0,216.0,168.0,38.0,47.1,51.7,
14037114,463.4,485.4,408.5,27.0,39.0,,,,0.024
14037127,283.3,283.3,,26.0,32.0,36.9,48.0,53.3,
14037135,1858.3,1858.3,,109.0,253.0,,,,
14037155,18423.3,18423.3,,1483.0,1017.0,,,,
14037166,9962.0,9962.0,,662.0,681.0,42.0,49.8,56.2,
14037175,1445.3,1445.3,,85.0,125.0,,,,
14037192,656.6,672.5,614.1,44.0,58.0,,,,
14037200,1116.3,1178.8,949.8,87.0,105.0,,,,
14037209,1855.9,1857.8,1850.7,120.0,135.0,,,,
14037266,7231.0,7231.0,,349.0,652.0,,,,
14037273,3416.7,3416.7,,347.0,324.0,39.8,47.7,52.6,
14037274,2274.3,2274.3,,307.0,142.0,,,,
14037291,561.0,561.0,,57.0,54.0,34.2,44.0,51.1,
14037310,104.7,104.7,,13.0,10.0,15.6,26.6,29.6,
14037313,7362.7,7362.7,,783.0,437.0,,,,
14037320,1740.3,1740.3,,104.0,142.0,36.2,44.2,49.1,
14037369,1524.6,1647.0,1218.5,126.0,116.0,,,,0.047
14037408,2697.0,2697.0,,182.0,202.0,,,,
14037417,550.9,574.4,488.3,40.0,48.0,,,,
14037439,2419.0,2419.0,,276.0,136.0,36.5,43.5,48.2,
14037514,10919.3,10919.3,,524.0,790.0,,,,
14037522,8852.3,8852.3,,914.0,520.0,,,,
14037523,10440.0,10440.0,,524.0,1059.0,,,,
14037528,16702.1,17733.8,14123.0,1282.0,1005.0,44.0,49.8,54.7,
14037577,7127.0,7127.0,,681.0,411.0,,,,
14037689,11106.0,11106.0,,1139.0,596.0,,,,
14037691,14300.3,15342.0,11696.0,1243.0,1352.0,,,,
14037715,699.0,699.0,,105.0,100.0,,,,
14037979,483.4,511.2,414.0,48.0,40.0,,,,
14038199,2373.3,2373.3,,201.0,199.0,,,,
14038256,11137.7,11137.7,,678.0,1029.0,,,,
14038303,1446.3,1446.3,,177.0,124.0,36.7,48.5,57.0,
14038957,69.0,69.0,,4.0,8.0,15.8,24.6,28.8,
14039093,63.7,63.7,,7.0,5.0,13.5,22.6,24.7,
14039117,49.3,49.3,,5.0,5.0,24.5,32.9,37.1,
14039271,9470.7,9470.7,,881.0,610.0,,,,
14039313,9103.7,9103.7,,576.0,908.0,,,,
14039490,27.3,27.3,,5.0,5.0,29.4,34.5,38.5,
14039565,178.0,178.0,,15.0,18.0,19.8,29.1,32.6,
14039566,75.0,75.0,,8.0,10.0,21.0,29.4,33.1,
14039697,94.5,94.5,,9.0,9.0,12.5,21.2,26.2,
14039751,188.0,188.0,,14.0,16.0,21.2,31.7,34.6,
14039870,87.0,87.0,,7.0,10.0,11.5,18.3,23.1,
14039897,536.3,537.0,536.0,81.0,52.0,16.3,25.0,29.5,
14039930,354.0,354.0,,46.0,40.0,13.8,23.0,27.3,
14039931,371.3,371.3,,49.0,40.0,13.3,22.4,26.2,
14039969,970.7,970.7,,53.0,90.0,18.6,28.7,38.3,
14040171,50.0,50.0,,3.0,5.0,20.6,29.8,36.5,
14040176,78.0,78.0,,10.0,13.0,21.4,28.9,33.0,
14040208,74.0,74.0,,9.0,12.0,21.1,28.8,32.4,
14040288,91.0,91.0,,9.0,10.0,10.0,16.3,18.1,
14040370,9392.7,9392.7,,432.0,991.0,,,,
14040458,6813.4,7177.8,5902.5,427.0,569.0,37.8,44.6,49.8,
14040464,21.7,21.7,,4.0,2.0,12.4,21.3,23.8,
14040483,23.0,23.0,,2.0,3.0,12.6,21.6,23.9,
14040600,40.7,40.7,,5.0,5.0,13.9,22.7,24.3,
14040703,2535.7,2535.7,,149.0,209.0,29.1,37.9,43.4,
14040724,170.3,170.3,,19.0,22.0,17.6,27.2,31.6,
14040725,169.3,169.3,,20.0,24.0,18.5,28.4,33.4,
14040740,32.7,32.7,,5.0,5.0,15.4,24.0,27.6,
14040802,11554.3,11554.3,,808.0,785.0,,,,
14040831,54.5,54.5,,4.0,6.0,16.6,27.0,31.4,
14040944,52.0,52.0,,8.0,10.0,15.7,23.8,26.5,
14040957,173.0,173.0,,14.0,20.0,16.0,24.5,29.3,
14041079,6.7,6.7,,1.0,1.0,11.8,19.0,23.3,
14041182,185.0,185.0,,18.0,19.0,23.7,33.9,38.7,
14041505,4721.0,4721.0,,297.0,367.0,,,,
14041593,653.0,653.0,,54.0,69.0,16.4,26.4,29.3,
14041669,12740.3,12740.3,,555.0,1293.0,,,,
14041785,28.3,28.3,,3.0,4.0,17.8,27.2,29.1,
14041798,50.0,50.0,,5.0,7.0,16.9,24.5,28.7,
14041830,2118.0,2118.0,,119.0,220.0,,,,
14041946,41.0,41.0,,8.0,8.0,16.1,24.2,27.8,
14041961,47.0,47.0,,6.0,6.0,10.5,17.0,18.9,
14041974,524.0,524.0,,24.0,45.0,13.7,22.9,27.0,
14041975,494.3,494.3,,26.0,44.0,13.2,22.3,24.8,
14041992,371.0,371.0,,25.0,31.0,27.8,34.3,38.5,
14042095,61.0,61.0,,5.0,8.0,14.1,23.5,28.0,
14042117,261.3,261.3,,17.0,25.0,25.9,37.1,44.5,
14042119,384.7,384.7,,29.0,38.0,22.6,33.8,39.4,
14042132,22.0,22.0,,8.0,4.0,15.7,24.8,28.5,
14042133,24.0,24.0,,3.0,4.0,16.5,26.4,28.8,
14042143,96.0,96.0,,6.0,11.0,19.4,31.6,38.4,
14042145,97.0,97.0,,6.0,10.0,18.1,31.2,38.2,
14042228,3757.0,3757.0,,217.0,368.0,29.5,37.9,42.9,
14042261,145.0,145.0,,11.0,20.0,10.2,16.5,18.3,
14042359,89.0,89.0,,5.0,13.0,10.7,17.2,20.6,
14042372,208.0,208.0,,15.0,22.0,13.1,22.1,24.2,
14042415,281.0,281.0,,20.0,30.0,11.1,17.7,22.3,
14042438,25.0,25.0,,1.0,3.0,11.9,20.3,23.4,
14042492,230.0,230.0,,16.0,24.0,10.5,16.9,18.8,
14042722,437.0,437.0,,38.0,41.0,14.9,23.9,28.3,
14042955,9.0,9.0,,1.0,2.0,15.4,19.0,58.6,
14043007,81.0,81.0,,10.0,10.0,10.7,17.1,19.0,
14043061,9285.3,9285.3,,613.0,752.0,,,,
14043125,119.0,119.0,,13.0,15.0,19.8,29.2,33.2,
14043253,693.0,693.0,,42.0,78.0,32.0,44.4,49.6,
14043267,60.0,60.0,,7.0,8.0,13.7,18.4,45.0,
14043331,116.3,116.3,,11.0,15.0,17.4,26.8,29.5,
14043333,105.3,105.3,,8.0,10.0,10.8,17.0,18.9,
14043412,133.0,133.0,,14.0,16.0,11.0,17.6,22.2,
14043437,90.0,90.0,,10.0,12.0,22.4,34.2,47.5,
14043460,176.0,176.0,,13.0,18.0,14.2,23.3,29.6,
14043518,74.0,74.0,,11.0,13.0,15.7,23.8,26.3,
14043570,433.0,433.0,,75.0,44.0,25.1,33.5,38.7,
14043623,120.0,120.0,,11.0,17.0,18.6,31.6,38.0,
14043642,54.0,54.0,,5.0,6.0,15.7,23.8,26.4,
14043643,38.3,38.3,,4.0,4.0,15.7,24.4,28.2,
14043815,64.0,64.0,,11.0,9.0,16.3,24.1,27.4,
14043916,473.3,473.3,,36.0,38.0,28.1,36.2,39.8,
14044156,81.0,81.0,,5.0,10.0,17.8,31.9,47.3,
14044206,1375.7,1375.7,,141.0,142.0,24.5,33.2,37.4,
14044258,31.7,31.7,,6.0,4.0,15.7,24.6,28.4,
14044423,24.7,24.7,,4.0,4.0,12.8,21.7,23.9,
14044435,77.0,77.0,,8.0,12.0,18.1,24.7,28.6,
14044490,68.0,68.0,,7.0,11.0,17.0,24.8,28.8,
14044571,9073.7,9073.7,,651.0,708.0,,,,
14044752,131.0,131.0,,9.0,16.0,17.1,26.1,32.6,
14044753,129.0,129.0,,8.0,18.0,14.4,23.1,24.7,
14044769,1340.7,1340.7,,83.0,129.0,35.2,43.6,48.9,
14044779,135.0,135.0,,15.0,14.0,14.7,23.8,28.3,
14044819,428.0,428.0,,84.0,47.0,25.4,33.3,37.7,
14044858,4162.7,4162.7,,287.0,394.0,31.1,37.5,39.7,
14045127,151.7,151.7,,15.0,16.0,16.6,26.2,29.9,
14045135,558.3,558.3,,36.0,53.0,32.3,43.2,48.8,
14045224,107.0,107.0,,9.0,7.0,25.5,34.5,39.5,
14045348,104.0,104.0,,8.0,14.0,18.7,27.4,31.5,
14045509,84.5,84.5,,14.0,6.0,16.5,26.7,29.4,
14045510,84.3,84.3,,6.0,13.0,17.4,27.0,29.4,
14045848,185.0,185.0,,15.0,22.0,30.5,41.2,44.9,
14045942,279.0,279.0,,32.0,30.0,16.7,26.8,29.8,
14045953,1039.7,1039.7,,160.0,91.0,36.4,43.4,48.0,
14045960,393.0,393.0,,31.0,36.0,35.8,44.3,49.8,
14046051,133.3,133.3,,8.0,10.0,18.9,29.5,33.8,
14046376,77.0,77.0,,8.0,13.0,19.5,27.4,29.3,
14046387,11036.7,11036.7,,744.0,1028.0,,,,
14046569,16.3,16.3,,2.0,2.0,16.9,24.6,28.4,
14046627,48.0,48.0,,7.0,7.0,12.8,21.5,25.0,
14046718,42.3,42.3,,7.0,8.0,19.3,29.0,32.9,
14046742,102.7,102.7,,12.0,10.0,13.7,22.7,26.7,
14046747,29.7,29.7,,3.0,4.0,13.7,18.2,48.2,
14046848,51.7,51.7,,7.0,6.0,18.1,28.5,32.8,
14046852,40.3,40.3,,5.0,4.0,16.0,24.8,28.7,
14047307,1157.0,1157.0,,113.0,101.0,28.7,34.9,39.1,
14047336,4998.0,4998.0,,509.0,359.0,40.0,47.3,51.9,
14047964,90.0,90.0,,9.0,11.0,15.8,23.8,26.4,
14047976,7776.3,7776.3,,724.0,517.0,,,,
14048110,86.0,86.0,,16.0,14.0,16.2,23.9,26.6,
14048140,2708.3,2708.3,,215.0,271.0,26.3,33.2,36.4,
14048337,93.0,93.0,,11.0,10.0,18.5,28.1,32.1,
14048338,98.0,98.0,,14.0,12.0,19.3,29.1,33.1,
14048374,29.0,29.0,,7.0,6.0,14.7,23.9,27.8,
14048393,82.0,82.0,,11.0,13.0,16.2,24.7,29.1,
14048493,277.3,277.3,,20.0,28.0,31.7,44.2,51.8,
14048523,74.7,74.7,,6.0,7.0,10.8,17.4,21.3,
14048578,265.0,265.0,,34.0,25.0,11.5,18.3,23.4,
14048586,134.0,134.0,,10.0,11.0,20.3,29.7,34.2,
14048606,125.0,125.0,,12.0,12.0,14.9,23.5,26.5,
14048613,2053.3,2053.3,,142.0,193.0,37.8,46.3,51.6,
14048614,2105.3,2105.3,,142.0,198.0,35.5,42.8,47.2,
14048703,315.3,315.3,,30.0,27.0,,,,0.025
14048926,214.7,214.7,,31.0,23.0,13.2,22.2,27.0,
14048973,43.0,43.0,,6.0,6.0,12.9,22.0,24.4,
14048977,306.0,306.0,,33.0,30.0,15.5,24.6,29.3,
14049087,197.3,197.3,,27.0,24.0,15.7,27.3,32.8,
14049101,243.0,243.0,,28.0,27.0,12.6,21.2,24.6,
14049225,70.7,70.7,,9.0,7.0,,,,
14049254,95.0,95.0,,10.0,14.0,15.9,24.1,27.9,
14049265,48.0,48.0,,4.0,6.0,14.3,24.3,28.4,
14049266,69.0,69.0,,11.0,7.0,11.6,18.3,23.8,
14049280,96.3,96.3,,5.0,9.0,16.9,27.1,29.7,
14049297,129.7,129.7,,13.0,15.0,20.8,29.5,34.4,
14049449,1387.0,1387.0,,148.0,109.0,34.9,44.2,49.8,
14049566,2215.3,2215.3,,254.0,221.0,,,,
14049686,928.7,928.7,,38.0,142.0,,,,
14049732,53.0,53.0,,7.0,6.0,12.5,21.4,23.8,
14049975,1548.0,1548.0,,241.0,126.0,23.8,31.7,34.1,
14050053,681.0,681.0,,48.0,88.0,28.5,36.5,40.0,
14050056,110.0,110.0,,10.0,13.0,17.3,27.1,30.0,
14050121,13.5,13.5,,2.0,2.0,30.4,36.8,38.9,
14050129,54.0,54.0,,6.0,7.0,28.7,34.3,37.6,
14050155,127.0,127.0,,9.0,8.0,15.6,24.1,28.8,
14050156,64.3,64.3,,7.0,6.0,12.9,22.0,24.5,
14050212,163.7,163.7,,17.0,19.0,14.9,24.0,28.0,
14050252,16929.0,16929.0,,1190.0,1114.0,30.8,42.6,48.3,
14050288,268.0,268.0,,32.0,24.0,15.0,23.6,27.0,
14050289,216.3,216.3,,30.0,19.0,16.2,24.4,28.8,
14050426,55.0,55.0,,7.0,6.0,28.9,36.4,39.1,
14050548,73.0,73.0,,7.0,15.0,18.2,28.5,33.4,
14050575,496.7,496.7,,33.0,36.0,16.5,27.9,33.9,
14050631,48.0,48.0,,1.0,5.0,16.1,26.8,28.9,
14050656,1030.0,1030.0,,55.0,142.0,24.0,32.4,34.4,
14050772,1128.0,1128.0,,97.0,115.0,36.3,44.2,49.2,
14050773,356.0,356.0,,24.0,33.0,32.4,41.9,48.1,
14050887,48.0,48.0,,4.0,8.0,13.5,21.2,36.6,
14050910,13389.0,13389.0,,583.0,1265.0,,,,
14050923,173.3,173.3,,20.0,16.0,20.4,29.2,33.2,
14050992,569.4,569.4,,55.0,51.0,38.1,47.9,53.7,
14050993,1129.0,1129.0,,97.0,115.0,36.4,44.2,49.2,
14051224,41.0,41.0,,5.0,6.0,17.7,27.5,29.2,
14051287,99.0,99.0,,10.0,9.0,10.6,17.1,20.1,
14051288,65.0,65.0,,7.0,11.0,12.2,20.9,23.6,
14063147,12103.7,12163.2,11955.0,1050.0,755.0,,,,
14063231,36.7,36.7,,4.0,4.0,16.0,26.7,29.6,
14063276,183.3,183.3,,19.0,24.0,22.1,34.7,42.1,
14063435,266.3,266.3,,34.0,20.0,12.8,21.7,26.5,
14063592,11249.0,11249.0,,737.0,774.0,,,,
14063615,212.3,212.3,,15.0,24.0,13.5,22.6,27.4,
14063627,148.0,148.0,,17.0,24.0,19.2,28.6,32.8,
14063650,79.5,79.5,,14.0,14.0,22.0,32.5,36.5,
14063698,124.7,124.7,,10.0,17.0,15.2,24.5,33.4,
14063779,128.7,128.7,,10.0,12.0,18.0,28.1,29.8,
14063839,110.0,110.0,,11.0,14.0,16.2,24.8,29.8,
14063906,170.0,170.0,,17.0,17.0,19.2,29.5,36.6,
14063921,122.7,122.7,,11.0,13.0,19.0,28.9,36.7,
14063976,175.7,175.7,,14.0,16.0,19.7,29.4,37.2,
14064003,91.7,91.7,,12.0,11.0,12.1,19.0,24.9,
14064028,222.3,222.3,,27.0,18.0,13.5,22.7,28.9,
14064029,351.7,351.7,,28.0,36.0,15.1,26.3,31.6,
14064094,1387.4,1432.3,1320.0,128.0,115.0,25.0,33.8,38.3,
14064194,95.7,95.7,,14.0,13.0,19.7,28.9,32.9,
14064271,126.0,126.0,,13.0,14.0,17.3,27.0,29.4,
14064370,106.3,106.3,,13.0,11.0,14.6,23.4,26.7,
14064377,304.3,304.3,,17.0,35.0,34.1,42.0,46.2,
14064433,66.0,66.0,,6.0,10.0,16.7,26.1,34.6,
14064493,11706.3,11706.3,,612.0,1142.0,,,,
14064583,2264.0,2264.0,,189.0,236.0,,,,
14064629,5108.0,5108.0,,280.0,516.0,,,,
14064632,395.3,395.3,,22.0,46.0,12.7,21.5,26.3,
14064641,4935.5,4935.5,,394.0,504.0,42.7,49.4,54.2,
14064649,31.7,31.7,,4.0,4.0,16.3,27.9,33.6,
14064697,37811.3,37811.3,,2294.0,2521.0,,,,
14064813,88.0,88.0,,7.0,9.0,13.4,22.8,29.5,
14065377,92.0,92.0,,8.0,9.0,22.6,33.6,38.2,
14066058,549.7,544.0,561.0,36.0,41.0,23.6,33.1,37.6,
14066206,195.0,195.0,,28.0,22.0,12.5,21.0,24.8,
14066246,14133.0,14133.0,,961.0,1042.0,,,,
14066384,230.5,230.5,,20.0,20.0,23.6,32.4,37.2,
14066479,4884.7,4884.7,,415.0,448.0,30.7,37.6,39.9,
14066563,10002.9,10536.6,8668.5,791.0,978.0,,,,
14066568,12065.3,12065.3,,1034.0,866.0,,,,
14066592,106.3,106.3,,8.0,13.0,20.7,31.0,36.0,
14066597,1784.3,1784.3,,186.0,146.0,,,,
14066667,8852.0,8852.0,,624.0,746.0,,,,
14066671,4858.0,4858.0,,302.0,361.0,,,,
14066690,10304.0,10304.0,,510.0,787.0,,,,
14066698,35354.3,35354.3,,2441.0,2485.0,,,,
14066852,888.0,888.0,,70.0,78.0,24.4,32.9,37.1,
14066864,4138.5,4138.5,,314.0,265.0,24.4,33.0,37.8,
14066884,1587.7,1587.7,,145.0,111.0,27.6,33.9,38.2,
14066926,6092.0,6092.0,,259.0,514.0,40.2,47.5,51.4,
14066933,1580.7,1580.7,,142.0,107.0,27.6,34.0,38.0,
14066944,2386.0,2386.0,,178.0,230.0,34.0,41.4,46.7,
14066952,1610.0,1610.0,,163.0,205.0,33.8,39.9,44.5,
14067259,11705.0,11705.0,,1038.0,1072.0,48.0,56.5,62.8,
14067305,346.2,375.0,303.0,30.0,30.0,13.0,22.0,26.9,
14067386,988.0,988.0,,80.0,98.0,26.9,34.6,39.2,
14067477,621.5,641.5,581.5,62.0,73.0,37.1,46.7,52.0,
14067497,1401.3,1401.3,,280.0,133.0,,,,
14067860,590.3,590.3,,49.0,49.0,29.0,37.5,42.2,
14067872,796.0,796.0,,35.0,100.0,35.6,42.4,45.0,
14067925,4899.0,4899.0,,329.0,433.0,45.7,53.1,58.2,
14067926,4771.0,4771.0,,380.0,385.0,45.4,52.6,57.2,
14068209,348.0,348.0,,43.0,54.0,32.7,39.4,44.3,
14068217,590.7,590.7,,54.0,52.0,30.1,39.4,44.3,
14068226,140.0,140.0,,8.0,22.0,18.9,29.3,33.8,
14068233,8966.0,8966.0,,666.0,625.0,44.6,52.2,56.3,
14068267,5438.0,5438.0,,382.0,476.0,43.9,51.6,56.3,
14068332,185.0,185.0,,18.0,17.0,22.7,29.7,33.8,
14068448,511.2,531.0,471.5,58.0,51.0,38.2,47.7,52.8,
14068628,2349.0,2349.0,,211.0,293.0,36.1,43.1,47.9,
14068649,1022.7,1022.7,,103.0,215.0,38.0,46.2,49.6,
14068715,884.7,884.7,,47.0,86.0,34.1,41.9,45.0,
14068726,782.0,782.0,,47.0,105.0,35.1,44.2,49.6,
14068788,575.0,575.0,,40.0,52.0,35.0,44.4,51.4,
14068825,11343.0,11343.0,,703.0,703.0,36.7,44.5,49.3,
14068843,7792.0,7792.0,,571.0,577.0,,,,
14068851,6334.0,6334.0,,498.0,487.0,42.7,49.5,54.3,
14068902,816.7,816.7,,81.0,91.0,36.2,44.6,49.7,
14068953,1323.0,1323.0,,182.0,126.0,39.7,49.3,54.8,
14068961,255.0,255.0,,17.0,44.0,31.6,39.3,44.4,
14068974,899.5,899.5,,84.0,82.0,30.4,38.5,43.7,
14068998,227.0,227.0,,12.0,23.0,31.4,42.2,49.5,
14069008,2523.7,2523.7,,133.0,186.0,18.4,28.1,32.3,
14069043,7332.0,7332.0,,533.0,524.0,,,,
14069337,8421.0,8421.0,,646.0,784.0,52.7,59.3,64.4,
14070145,20252.3,20252.3,,1359.0,1615.0,48.4,56.2,59.9,
14070155,5497.7,5497.7,,409.0,489.0,31.2,39.8,44.8,
14070197,3047.0,3047.0,,251.0,287.0,42.1,52.5,58.4,
14072000,9314.4,9764.0,8190.5,628.0,698.0,45.0,52.7,57.3,
14072157,6119.0,6119.0,,400.0,510.0,45.3,53.1,58.1,
14072163,7590.7,7590.7,,440.0,594.0,,,,
14072203,1257.0,1257.0,,90.0,148.0,40.2,49.6,54.8,
14072375,2777.7,2777.7,,166.0,316.0,30.9,38.4,43.4,
14073078,143.0,143.0,,12.0,18.0,23.2,32.1,39.9,
14073184,3680.3,3680.3,,210.0,300.0,28.1,34.2,38.6,
14073489,2042.7,2042.7,,162.0,267.0,34.6,41.5,44.5,
14073490,2083.7,2083.7,,161.0,302.0,,,,
14073511,1178.7,1178.7,,97.0,93.0,23.4,32.5,36.8,
14073529,1748.5,1748.5,,121.0,166.0,30.2,38.6,43.3,
14073632,2322.5,2322.5,,185.0,256.0,32.0,38.6,44.0,
14073965,2971.0,2971.0,,456.0,182.0,,,,
14074097,4822.3,4822.3,,261.0,402.0,,,,
14074103,52586.0,52586.0,,3049.0,3938.0,,,,
14074104,50018.3,50018.3,,3304.0,3623.0,,,,
14074201,3615.0,3615.0,,319.0,251.0,48.3,57.7,63.1,
14075320,2524.7,2524.7,,234.0,227.0,,,,
14113229,1724.5,1724.5,,102.0,160.0,33.9,41.5,44.8,
14113400,11008.0,11008.0,,868.0,848.0,50.5,57.4,62.0,
14113401,20143.3,20143.3,,1373.0,1656.0,,,,
14120110,3329.5,3329.5,,219.0,300.0,22.3,31.2,34.6,
14120431,10371.0,10371.0,,708.0,896.0,49.8,57.6,62.4,
14120432,10672.7,10672.7,,796.0,894.0,46.7,54.0,58.9,
14121112,1014.0,1014.0,,74.0,88.0,,,,
14122084,8321.3,8321.3,,917.0,610.0,,,,
14123511,4494.7,4494.7,,414.0,399.0,,,,
14128641,5321.3,5321.3,,391.0,459.0,,,,
14129761,11759.0,11759.0,,1086.0,1187.0,46.8,54.2,62.2,
14134862,9933.3,9933.3,,756.0,1037.0,,,,
14134870,4465.0,4465.0,,388.0,450.0,54.0,61.0,64.9,
14134884,7645.0,7645.0,,709.0,647.0,,,,
14134887,14044.3,14044.3,,1006.0,1201.0,,,,
14134903,1960.0,1960.0,,234.0,172.0,,,,
14171574,36391.0,37157.0,34476.0,2359.0,2606.0,,,,
14171710,1794.0,1794.0,,164.0,185.0,47.5,58.8,131.0,
14171711,1492.0,1492.0,,145.0,139.0,40.2,48.6,53.3,
14172278,18185.7,18185.7,,1048.0,1328.0,44.3,53.1,58.4,
14172441,1078.0,1078.0,,106.0,134.0,36.2,44.4,49.7,
14172610,252.0,252.0,,16.0,37.0,27.3,34.9,39.6,
14172926,12138.3,12138.3,,671.0,949.0,,,,
14173482,7784.0,7784.0,,470.0,584.0,30.8,39.4,44.2,
14173565,10764.7,10764.7,,674.0,927.0,,,,
14173870,9035.3,9374.4,8187.5,617.0,723.0,44.0,53.1,58.5,
14173871,6236.3,6236.3,,361.0,778.0,,,,
14173902,14747.0,14747.0,,766.0,1230.0,,,,
14174224,12128.0,12128.0,,831.0,861.0,40.5,48.3,53.0,
14174326,12960.7,12960.7,,1110.0,1072.0,,,,
14174332,11260.3,11260.3,,931.0,791.0,,,,
14177701,1508.0,1508.0,,201.0,134.0,42.7,52.2,56.9,
14177858,20995.1,21612.6,19451.5,1508.0,1616.0,51.8,59.4,64.9,
14184390,6812.0,6812.0,,1049.0,365.0,,,,
14184416,1033.0,1033.0,,72.0,102.0,40.5,52.1,57.4,
14184434,691.0,691.0,,66.0,63.0,27.2,36.6,41.4,
14185151,2161.3,2161.3,,141.0,193.0,,,,
14185299,6166.0,6166.0,,496.0,462.0,36.0,44.1,49.1,
14185300,5848.0,5848.0,,444.0,459.0,39.2,46.9,51.7,
14185528,4757.3,5126.4,3834.5,459.0,499.0,,,,
14186978,1039.0,1039.0,,174.0,125.0,32.9,39.1,43.7,
14188084,3035.0,3035.0,,141.0,295.0,36.3,44.7,51.9,
14194366,19665.3,19665.3,,2733.0,1092.0,,,,
14194613,312.3,312.3,,23.0,32.0,24.8,33.1,36.7,
14194614,646.0,646.0,,84.0,66.0,36.9,44.1,48.2,
14197857,852.3,852.3,,37.0,117.0,,,,
14198001,1414.3,1414.3,,164.0,150.0,38.7,47.7,53.1,
14198189,1650.7,1650.7,,197.0,220.0,38.1,44.1,48.7,
14198299,164.0,164.0,,18.0,14.0,29.5,38.8,43.8,
14198300,175.0,175.0,,23.0,22.0,25.2,34.0,38.5,
14198308,1106.7,1106.7,,91.0,127.0,44.1,53.7,59.5,
14198756,1134.0,1134.0,,142.0,89.0,37.3,47.3,53.1,
14203374,963.2,1130.0,713.0,51.0,128.0,33.2,39.8,46.2,
14203392,19168.0,19168.0,,917.0,1457.0,,,,
14203393,20137.0,20137.0,,1098.0,1639.0,,,,
14203664,288.0,288.0,,26.0,36.0,28.7,38.2,43.5,
14203846,3419.0,3419.0,,170.0,300.0,42.8,51.1,54.9,
14203953,1325.0,1325.0,,89.0,111.0,30.2,37.4,39.9,
14204404,12610.0,12610.0,,1264.0,1080.0,,,,
14228122,28143.0,28143.0,,2597.0,3012.0,,,,
14228139,19666.3,19666.3,,916.0,1966.0,,,,
14228166,22252.0,22252.0,,1452.0,1935.0,,,,
14228178,22196.3,22196.3,,1664.0,1881.0,,,,
14228192,20767.3,20767.3,,1494.0,1701.0,,,,
14228205,27581.0,27581.0,,1892.0,2085.0,52.9,63.1,68.6,
14228227,28918.0,28918.0,,1327.0,2685.0,,,,
14228231,11794.1,11694.4,12043.5,593.0,915.0,,,,
14228235,17358.3,17488.0,17034.0,1064.0,880.0,49.5,61.5,67.4,
14228284,19405.0,19405.0,,1748.0,1944.0,,,,
14228399,30420.7,30420.7,,1660.0,2214.0,,,,
14228624,1142.7,1142.7,,119.0,84.0,36.6,46.1,51.8,
14228698,1069.7,1069.7,,98.0,79.0,32.6,42.7,47.9,
14228712,694.3,694.3,,57.0,65.0,37.4,48.4,54.2,
14228718,70.7,70.7,,4.0,9.0,17.3,27.1,29.5,
14228723,11183.3,11183.3,,1041.0,1022.0,,,,
14229540,2283.5,2283.5,,268.0,248.0,34.9,42.7,46.9,
14229843,6234.7,6234.7,,736.0,465.0,,,,
14230407,13946.1,14195.8,13322.0,821.0,1156.0,,,,
14232499,10673.0,10673.0,,580.0,1708.0,45.4,53.4,58.7,
14233125,2294.0,2294.0,,160.0,199.0,,,,0.093
14234481,700.0,700.0,,51.0,87.0,35.5,43.1,47.3,
14234587,498.3,498.3,,62.0,49.0,25.0,33.8,38.6,
14234749,15158.0,15158.0,,1213.0,1152.0,,,,
14234804,318.0,318.0,,23.0,21.0,28.9,39.0,44.4,
14236848,4545.0,4545.0,,544.0,331.0,46.3,57.5,64.0,
14236854,9260.0,9260.0,,791.0,766.0,50.7,58.7,64.3,
14236865,727.0,727.0,,38.0,69.0,30.8,37.9,42.7,
14238995,6043.7,6043.7,,484.0,467.0,,,,
14239869,7788.7,7788.7,,387.0,710.0,43.0,56.2,62.9,
14239870,14563.0,14563.0,,1110.0,1155.0,42.7,52.7,59.0,
14240235,11244.7,11244.7,,757.0,900.0,,,,
14240346,24051.5,24051.5,,1476.0,1822.0,59.3,67.7,73.2,
14242419,8420.0,8420.0,,456.0,498.0,29.4,38.8,43.9,
14245815,1984.3,1984.3,,88.0,158.0,40.1,48.2,53.1,
14245826,24249.7,24249.7,,1427.0,1612.0,55.4,63.5,68.9,
14245945,29821.0,29821.0,,2054.0,2668.0,,,,
14247242,740.3,740.3,,107.0,47.0,,,,
14247248,1515.0,1515.0,,82.0,147.0,27.1,34.1,38.4,
14247636,817.5,817.5,,82.0,65.0,30.5,34.8,39.4,
14247637,261.0,261.0,,28.0,23.0,26.9,34.5,38.4,
14248131,1171.0,1171.0,,156.0,128.0,35.0,42.4,46.6,
14248174,1206.0,1206.0,,184.0,152.0,38.1,47.8,53.7,
14248623,5313.0,5313.0,,399.0,380.0,43.8,53.5,59.7,
14248995,2804.0,2804.0,,200.0,246.0,36.3,44.5,51.2,
14249065,2152.0,2152.0,,264.0,220.0,47.0,54.4,59.4,
14249901,24177.0,24177.0,,1494.0,1834.0,60.3,69.5,76.2,
14250378,6629.7,6629.7,,486.0,594.0,,,,
14250386,856.0,856.0,,53.0,97.0,28.8,37.3,42.2,
14250387,883.0,883.0,,121.0,81.0,28.0,37.7,43.0,
14252576,138.0,138.0,,17.0,13.0,16.5,24.4,28.5,
14252649,921.0,921.0,,88.0,78.0,35.4,43.7,48.7,
14252659,511.0,511.0,,35.0,44.0,34.7,43.6,48.8,
14253104,14226.0,14226.0,,898.0,984.0,,,,
14253115,6484.3,6484.3,,746.0,443.0,,,,
14253116,10786.6,11400.2,9252.5,780.0,960.0,35.0,41.4,44.6,
14253124,660.7,660.7,,95.0,58.0,33.9,43.7,49.1,
14253384,11896.0,11896.0,,1239.0,768.0,,,,
14253440,4295.0,4295.0,,346.0,325.0,40.9,47.4,51.4,
14253441,4127.0,4127.0,,326.0,387.0,38.7,47.8,51.6,
14254058,1115.7,1115.7,,46.0,105.0,28.6,38.4,43.5,
14254062,1120.7,1120.7,,57.0,106.0,27.0,36.6,41.8,
14254832,21820.3,21820.3,,1677.0,1980.0,,,,
14254834,21861.3,21861.3,,1587.0,2003.0,31.2,38.6,43.1,
14254940,7503.0,7503.0,,549.0,559.0,,,,
14255002,9295.7,9295.7,,523.0,925.0,,,,
14255006,9196.0,9196.0,,1042.0,566.0,,,,
14255078,17385.0,17385.0,,818.0,2118.0,,,,
14255707,678.0,678.0,,63.0,97.0,35.9,43.6,47.9,
14255762,141.0,141.0,,10.0,18.0,11.6,18.5,23.4,
14255790,1113.7,1113.7,,80.0,99.0,32.5,44.7,51.5,
14257759,9469.3,9469.3,,339.0,965.0,,,,
14257769,7532.7,7532.7,,857.0,75.0,,,,
14300508,532.3,532.3,,38.0,43.0,28.3,36.8,39.7,
14301804,3889.3,3889.3,,294.0,376.0,45.1,53.1,58.0,
14302117,4158.3,4158.3,,320.0,364.0,44.0,52.0,57.1,
14303943,35933.0,35933.0,,2833.0,3019.0,59.2,69.4,74.9,
14303951,13015.6,15041.6,7950.5,968.0,1779.0,,,,
14303963,23208.3,23208.3,,1049.0,1756.0,,,,
14303970,13295.1,13167.2,13615.0,1041.0,816.0,,,,
14304063,19994.7,19994.7,,1387.0,1668.0,,,,
14304236,29155.3,29155.3,,2731.0,2378.0,,,,
14307781,702.0,702.0,,62.0,60.0,34.1,41.5,44.8,
14307786,274.0,274.0,,18.0,29.0,33.7,42.3,46.4,
14310867,5839.7,5839.7,,444.0,499.0,,,,
14310990,2185.0,2185.0,,121.0,293.0,47.4,53.8,58.6,
14311073,1206.7,1206.7,,71.0,103.0,25.0,33.6,38.3,
14311090,1743.3,1743.3,,169.0,154.0,26.9,34.5,39.4,
14311120,315.0,315.0,,18.0,30.0,22.1,33.7,37.3,
14311121,346.0,346.0,,34.0,31.0,22.5,33.2,37.2,
14311158,452.3,452.3,,35.0,42.0,22.1,29.7,33.8,
14311499,69.0,69.0,,10.0,12.0,23.8,32.7,36.6,
14314175,442.0,442.0,,38.0,37.0,28.3,37.7,43.0,
14314519,965.0,965.0,,100.0,91.0,42.6,52.3,58.3,
14604687,11470.3,11470.3,,722.0,1118.0,,,,
14604694,10879.3,10879.3,,1096.0,757.0,,,,
14605392,26110.3,26110.3,,1744.0,1891.0,47.7,57.4,62.6,
14605965,9115.3,9115.3,,408.0,916.0,,,,
14608170,2713.7,2713.7,,165.0,333.0,,,,
14610668,912.5,912.5,,54.0,82.0,32.0,39.6,44.9,
14614493,3783.3,3783.3,,271.0,392.0,,,,
14614667,1977.3,1977.3,,96.0,164.0,25.8,36.5,42.2,
14614691,18.0,18.0,,3.0,2.0,27.5,44.5,53.6,
14614692,4366.0,3964.5,5169.0,271.0,319.0,25.9,32.9,36.0,
14624107,19603.7,19603.7,,1204.0,1427.0,,,,
14624176,57.0,57.0,,5.0,8.0,23.1,33.6,37.2,
14624185,137.0,137.0,,14.0,13.0,24.8,36.9,39.6,
14624186,554.0,554.0,,124.0,40.0,27.8,38.1,43.5,
14627785,2632.7,2632.7,,384.0,389.0,37.5,44.9,49.8,
14627831,178.0,178.0,,19.0,28.0,29.8,37.3,39.5,
14627841,189.0,189.0,,16.0,23.0,28.0,38.6,48.0,
14627961,8222.0,8222.0,,407.0,583.0,47.9,57.5,64.0,
14628479,966.0,966.0,,98.0,77.0,26.7,34.1,38.3,
14628483,612.7,612.7,,60.0,66.0,28.8,37.7,42.1,
14628545,651.0,651.0,,42.0,61.0,29.7,38.3,43.1,
14628552,8306.0,9093.8,6336.5,493.0,1193.0,,,,
14628582,73.0,73.0,,6.0,6.0,20.9,29.6,34.1,
14628583,68.0,68.0,,7.0,7.0,21.2,30.0,37.7,
14628609,655.3,655.3,,43.0,64.0,25.6,34.7,39.5,
14628836,4000.0,4000.0,,376.0,460.0,,,,
14629357,7577.3,7577.3,,911.0,510.0,,,,
14630106,13864.7,13864.7,,1293.0,1331.0,44.5,56.1,64.4,
14630112,1977.0,1977.0,,223.0,167.0,35.5,42.0,44.6,
14630121,5919.7,5919.7,,325.0,638.0,,,,
14630158,408.3,408.3,,82.0,65.0,22.6,34.6,42.1,
14630484,3445.0,3445.0,,269.0,307.0,45.4,54.2,59.8,
14630489,6162.3,6162.3,,299.0,544.0,46.9,53.6,58.3,
14642988,5704.0,5704.0,,467.0,482.0,44.8,51.7,54.9,
14643004,281.0,281.0,,28.0,23.0,35.8,47.2,52.1,
14643037,6734.3,6734.3,,331.0,572.0,45.9,52.8,57.6,
14643079,5840.0,5840.0,,288.0,505.0,39.1,44.6,49.0,
14646499,7518.5,7518.5,,692.0,510.0,46.6,53.7,58.8,
14646506,3475.0,3475.0,,235.0,373.0,,,,
14646577,6567.0,6567.0,,625.0,707.0,28.7,37.8,41.3,
14655233,1533.0,1533.0,,99.0,135.0,20.9,29.3,33.8,
14658817,1221.0,1221.0,,123.0,140.0,25.6,33.6,36.8,
14658866,985.7,985.7,,94.0,134.0,37.8,44.4,49.5,
14658932,12987.0,12987.0,,635.0,1329.0,,,,
14658974,3422.0,3422.0,,204.0,267.0,37.0,47.2,52.4,
14658991,222.0,222.0,,22.0,23.0,23.4,33.7,38.7,
14658994,158.0,158.0,,14.0,15.0,28.7,38.9,43.3,
14659126,33231.0,33231.0,,2303.0,2056.0,46.4,56.4,62.0,
14659522,14866.0,14866.0,,1147.0,1229.0,44.8,53.9,59.2,
14659533,887.0,887.0,,157.0,82.0,28.7,36.8,42.0,
14659629,30534.0,30534.0,,1591.0,2536.0,55.5,66.1,71.9,
14659636,3244.7,3244.7,,259.0,402.0,37.1,43.4,47.7,
14659660,8935.3,8935.3,,644.0,793.0,,,,
14659688,11512.3,11512.3,,553.0,1320.0,,,,
14659746,8133.0,8133.0,,472.0,833.0,,,,
14659791,1150.0,1150.0,,91.0,121.0,46.2,57.5,64.2,
14659813,6274.0,6274.0,,464.0,648.0,,,,
14659830,3061.0,3061.0,,294.0,345.0,34.4,41.9,44.9,
14659843,440.0,440.0,,60.0,36.0,39.1,48.4,53.6,
14659874,14634.7,14634.7,,1318.0,1224.0,,,,
14660466,16656.1,17549.2,14423.5,1252.0,1372.0,64.1,72.7,78.3,
14660467,13488.9,14374.0,11276.0,1049.0,1164.0,66.3,74.6,91.6,
14660665,2970.7,2970.7,,303.0,283.0,,,,
14660824,506.7,506.7,,26.0,50.0,27.9,34.4,39.5,
14660918,9318.0,9318.0,,605.0,772.0,,,,
14660926,2588.0,2502.5,2759.0,115.0,199.0,27.5,34.0,38.0,
14660981,350.0,350.0,,40.0,35.0,37.2,49.0,56.5,
14660984,41920.7,41920.7,,3189.0,3021.0,,,,
14661127,43391.0,43391.0,,3084.0,3280.0,48.2,59.9,68.6,
14661238,11648.7,11648.7,,565.0,1114.0,,,,
14661251,9697.7,9697.7,,566.0,824.0,52.1,58.9,64.0,
14661322,2813.0,2813.0,,186.0,254.0,38.2,47.7,53.8,
14661333,14547.0,14547.0,,1810.0,1050.0,,,,
14661380,16299.3,16046.6,16931.0,1050.0,1162.0,,,,
14661390,924.0,924.0,,48.0,78.0,39.1,49.4,54.7,
14661600,4399.0,4399.0,,422.0,485.0,42.2,49.4,54.5,
14661964,1669.7,1669.7,,177.0,182.0,39.3,47.8,52.6,
14662122,19956.3,19956.3,,1179.0,1622.0,,,,
14662186,2396.0,2396.0,,472.0,274.0,34.8,39.9,44.1,
14662247,15389.3,15389.3,,1568.0,1359.0,,,,
14662340,2829.3,2829.3,,275.0,266.0,33.0,39.2,43.6,
14662403,13374.0,13374.0,,928.0,953.0,,,,
14662717,4169.3,4169.3,,298.0,304.0,40.0,51.0,57.4,
14662962,29271.0,29271.0,,2032.0,2219.0,42.9,52.6,58.3,
14663234,14278.3,14781.6,13020.0,894.0,1173.0,58.2,66.5,73.3,
14663380,19812.3,19812.3,,1474.0,1745.0,47.3,54.7,59.6,
14663886,43054.5,43054.5,,2920.0,3314.0,48.8,62.1,68.0,
14663902,14765.7,15405.2,13167.0,1464.0,1326.0,,,,
14663905,6663.7,7696.8,4081.0,497.0,1168.0,,,,
14664408,9017.0,9017.0,,748.0,808.0,,,,
14664635,5463.6,5697.4,4879.0,420.0,492.0,,,,
14664636,10803.0,10803.0,,692.0,793.0,48.6,56.8,62.4,
14666006,1302.0,1302.0,,74.0,163.0,26.0,33.3,36.7,
14666059,150.3,150.3,,12.0,14.0,19.6,28.9,33.4,
14666081,217.3,217.3,,19.0,18.0,27.2,37.0,42.2,
14666167,4447.0,4447.0,,315.0,352.0,42.3,51.8,57.5,
14666168,6765.0,6765.0,,478.0,528.0,39.0,46.8,51.3,
14666359,941.5,941.5,,67.0,104.0,41.6,49.8,55.0,
14666455,1251.7,1251.7,,87.0,100.0,38.8,47.2,52.5,
14666508,314.0,314.0,,25.0,43.0,26.9,34.8,39.3,
14666641,15856.0,16817.4,14253.7,1486.0,1119.0,,,,
14668282,8289.5,8289.5,,667.0,940.0,54.1,61.0,64.9,
14668355,9343.0,9343.0,,589.0,671.0,,,,
14668399,17840.7,17840.7,,1072.0,1344.0,56.0,63.7,69.4,
14668414,31094.7,31094.7,,2343.0,2469.0,,,,
14668428,14267.0,14267.0,,1513.0,1368.0,,,,
14668469,983.1,1032.2,860.5,52.0,88.0,37.3,47.2,52.5,
14668574,398.3,398.3,,23.0,40.0,38.0,48.1,53.7,
14668584,4239.7,4239.7,,318.0,277.0,,,,
14668745,2975.0,2975.0,,222.0,261.0,53.3,59.6,64.5,
14668774,281.5,281.5,,30.0,26.0,32.6,43.7,48.7,
14668780,19930.7,19847.4,20139.0,1262.0,1423.0,56.4,63.8,69.4,
14668792,1184.0,1184.0,,161.0,105.0,45.2,53.6,58.3,
14669068,1782.0,1782.0,,202.0,186.0,36.5,46.9,52.2,
14669105,252.7,252.7,,25.0,27.0,,,,
14669435,12508.3,12508.3,,996.0,992.0,,,,
14670981,262.0,,262.0,,,30.2,51.3,64.3,
14671590,1621.0,1621.0,,159.0,138.0,28.9,36.5,39.8,
14671607,12979.3,12979.3,,961.0,921.0,,,,
14671885,5294.3,5294.3,,339.0,463.0,,,,
14672379,380.0,380.0,,31.0,46.0,25.2,37.3,43.2,
14672400,108.0,108.0,,9.0,14.0,16.3,24.7,29.8,
14672765,1328.7,1328.7,,110.0,123.0,26.6,34.3,39.0,
14672792,419.3,419.3,,39.0,38.0,31.2,39.6,44.8,
14672800,1350.0,1350.0,,129.0,110.0,25.2,32.8,36.7,
14672824,243.8,243.8,,17.0,27.0,35.6,46.2,53.2,
14672915,2706.0,2706.0,,259.0,180.0,,,,
14673076,221.3,221.3,,24.0,26.0,26.0,34.5,38.9,
14673123,841.8,841.8,,70.0,98.0,,,,0.069
14673181,2142.7,2142.7,,190.0,173.0,23.8,33.4,38.4,
14673240,3795.0,3795.0,,230.0,315.0,27.4,36.3,40.0,
14673277,6733.7,6733.7,,387.0,578.0,,,,
14673345,3154.3,3154.3,,267.0,267.0,35.1,42.9,47.8,
14673366,2911.7,2911.7,,295.0,262.0,35.3,43.5,48.6,
14673415,864.0,864.0,,86.0,100.0,22.9,29.3,33.0,
14673437,6184.3,6184.3,,397.0,608.0,,,,
14673442,5442.3,5442.3,,349.0,409.0,48.9,58.1,63.9,
14673478,50226.3,50226.3,,3504.0,3219.0,,,,
14673527,8793.0,8793.0,,563.0,551.0,,,,
14673542,11000.3,11000.3,,709.0,808.0,,,,
14673579,10984.0,10984.0,,819.0,846.0,,,,
14673603,1857.0,1857.0,,103.0,150.0,25.9,36.0,39.8,
14673617,7130.7,7130.7,,494.0,542.0,,,,
14673618,6421.3,6421.3,,442.0,486.0,,,,
14673656,111.0,111.0,,7.0,14.0,21.1,29.6,34.2,
14673742,12810.9,13643.2,10730.0,1033.0,1094.0,,,,
14673993,83.0,83.0,,23.0,13.0,14.2,23.8,28.5,
14673994,83.3,83.3,,22.0,14.0,15.6,26.5,29.8,
14674635,647.7,647.7,,31.0,56.0,,,,
14674647,9167.0,9167.0,,447.0,799.0,,,,
14674892,4249.3,4249.3,,233.0,477.0,31.0,38.6,43.4,
14675034,5923.0,5923.0,,323.0,484.0,,,,
14675050,2672.0,2672.0,,266.0,243.0,26.7,37.8,43.5,
14675328,440.3,440.3,,33.0,43.0,31.8,42.8,48.4,
14675358,22605.3,22605.3,,1640.0,1933.0,,,,
14675726,988.7,988.7,,72.0,103.0,,,,
14675727,1613.7,1613.7,,121.0,162.0,43.6,53.2,59.2,
14675938,133.0,133.0,,10.0,15.0,17.5,27.8,29.8,
14675961,6722.3,6722.3,,655.0,418.0,,,,
14676249,7326.3,7326.3,,582.0,576.0,,,,
14676920,15222.0,15222.0,,1337.0,2176.0,51.3,61.3,67.5,
14677074,109.0,109.0,,13.0,10.0,23.0,32.0,34.5,
14677433,243.0,263.0,213.0,13.0,33.0,32.3,42.7,48.3,
14677577,11219.0,11219.0,,820.0,841.0,49.0,57.8,63.0,
14677578,9662.7,9662.7,,842.0,726.0,,,,
14677598,37249.3,37249.3,,2598.0,2945.0,,,,
14677748,12238.7,12238.7,,888.0,1070.0,42.0,49.2,54.4,
14677915,16.3,16.3,,2.0,3.0,21.8,29.5,33.4,
14677935,924.0,924.0,,90.0,82.0,29.7,36.3,39.3,
14678340,15282.7,15282.7,,1149.0,1272.0,,,,
20004196,539.0,539.0,,46.0,48.0,31.6,41.2,47.3,
20004204,3780.6,3950.8,3355.0,239.0,339.0,,,,
20004205,7826.7,7826.7,,571.0,611.0,32.0,37.8,39.7,
20004278,11492.7,11492.7,,922.0,903.0,,,,
20004285,661.0,661.0,,99.0,74.0,31.2,39.1,44.4,
20005760,566.7,566.7,,39.0,60.0,25.7,33.3,37.0,
20005783,354.3,354.3,,28.0,29.0,23.2,33.5,38.7,
20005970,1140.0,1140.0,,93.0,108.0,34.9,44.6,49.8,
20006084,494.0,494.0,,33.0,36.0,20.3,28.6,32.5,
20006122,7395.6,7531.8,7055.0,390.0,555.0,41.5,49.1,54.0,
20006123,12764.0,12764.0,,1295.0,902.0,,,,
20006289,24680.3,24680.3,,1564.0,1616.0,,,,
20010442,9342.0,9342.0,,872.0,846.0,45.5,53.5,58.9,
20010499,3526.7,3526.7,,289.0,320.0,,,,
20015382,5964.0,5964.0,,420.0,497.0,49.3,58.4,64.3,
20015393,5406.3,5406.3,,280.0,602.0,,,,
20019441,2699.3,2699.3,,156.0,259.0,38.7,46.1,49.7,
20028247,868.7,868.7,,81.0,77.0,33.3,43.0,48.4,
20029650,6306.3,6306.3,,534.0,613.0,,,,
20029651,12819.7,12819.7,,885.0,960.0,41.8,49.2,53.9,
20030249,484.3,484.3,,41.0,43.0,29.2,36.8,39.6,
20030935,897.0,897.0,,60.0,68.0,32.8,42.8,48.8,
20031510,575.3,575.3,,44.0,71.0,26.1,33.9,36.6,
20031730,9659.3,9659.3,,1439.0,695.0,,,,
20031731,9281.0,9281.0,,755.0,890.0,45.9,57.1,62.3,
20033087,1073.7,1073.7,,85.0,68.0,,,,
20033126,1968.3,1968.3,,110.0,218.0,,,,
20033133,456.0,456.0,,25.0,44.0,27.4,38.5,47.1,
20033155,456.0,456.0,,25.0,44.0,27.4,38.5,47.1,
20033224,130.0,130.0,,25.0,26.0,16.1,24.8,29.1,
20033401,1598.5,1598.5,,95.0,139.0,28.0,37.3,41.4,
20033433,947.0,947.0,,56.0,96.0,19.5,29.0,33.2,
20033698,2901.0,2901.0,,140.0,246.0,41.7,51.5,56.2,
20033715,301.0,301.0,,28.0,31.0,29.3,39.5,44.7,
20033726,2643.0,2643.0,,176.0,252.0,44.0,53.0,58.3,
20033784,1309.3,1309.3,,99.0,126.0,,,,
20033798,7002.3,7002.3,,363.0,744.0,,,,
20033808,203.5,203.5,,16.0,20.0,37.0,46.4,50.0,
20033809,452.3,452.3,,50.0,37.0,37.4,46.9,52.3,
20033814,1100.7,1100.7,,126.0,95.0,36.0,43.6,48.4,
20033857,955.0,955.0,,93.0,105.0,33.8,42.5,48.0,
20034373,35.0,35.0,,7.0,8.0,27.6,32.4,34.1,
20034406,341.0,341.0,,13.0,87.0,17.5,26.3,29.6,
20034541,6541.3,6541.3,,361.0,792.0,,,,
20034591,4996.0,4996.0,,509.0,426.0,,,,
20034912,13.0,13.0,,3.0,3.0,10.6,17.1,20.1,
20035157,615.5,615.5,,90.0,59.0,38.7,44.7,49.8,
20035197,491.7,491.7,,41.0,40.0,27.8,36.9,43.7,
20035248,12975.0,12975.0,,1104.0,1024.0,,,,
20035296,98.0,98.0,,12.0,11.0,20.1,29.7,34.5,
20035435,114.0,114.0,,9.0,15.0,18.8,29.5,34.4,
20035705,92.3,92.3,,11.0,10.0,22.2,32.9,37.2,
20037065,108.0,108.0,,13.0,13.0,28.0,38.7,47.8,
20037067,211.0,211.0,,18.0,26.0,25.0,37.1,41.6,
20037071,678.0,678.0,,35.0,63.0,34.8,46.1,49.9,
20037072,624.0,624.0,,59.0,27.0,30.6,42.6,50.0,
20037083,548.0,548.0,,31.0,48.0,32.7,43.2,48.5,
20037221,4776.0,4776.0,,457.0,402.0,,,,
20037233,588.0,588.0,,64.0,65.0,32.4,42.2,48.0,
20037482,170.0,170.0,,17.0,14.0,33.7,48.4,58.5,
20038836,65.0,65.0,,7.0,7.0,15.5,24.5,32.0,
20038917,2788.3,2788.3,,165.0,255.0,,,,
20038925,126.0,126.0,,14.0,12.0,,,,
20038931,33.0,33.0,,5.0,6.0,13.7,22.3,36.8,
20038945,583.7,583.7,,45.0,54.0,26.5,34.4,39.0,
20039047,563.0,563.0,,45.0,69.0,17.2,27.0,31.7,
20039084,8050.3,8050.3,,463.0,590.0,,,,
20039264,8696.3,8696.3,,564.0,619.0,,,,
20039568,273.0,273.0,,19.0,63.0,32.2,42.8,48.1,
20039583,21125.3,21125.3,,1336.0,1359.0,,,,
20039588,217.3,217.3,,9.0,29.0,20.0,31.9,38.9,
20039617,649.3,649.3,,58.0,104.0,32.6,41.7,46.0,
20040163,1305.0,1305.0,,121.0,144.0,44.0,49.8,54.6,
20040164,1098.0,1098.0,,94.0,144.0,42.9,49.3,53.8,
20040265,1063.0,1063.0,,223.0,114.0,39.0,47.4,51.4,
20040282,10373.7,10373.7,,1430.0,578.0,,,,
20040308,22458.0,22458.0,,1451.0,1895.0,,,,
20040507,12994.3,12994.3,,1072.0,1263.0,,,,
20040517,476.0,,476.0,,,28.4,34.9,39.5,
20040540,14677.7,14677.7,,1213.0,925.0,,,,
20040550,99.0,99.0,,6.0,11.0,22.1,36.3,39.9,
20040559,2384.7,2384.7,,121.0,196.0,,,,
20040583,2190.0,2190.0,,118.0,199.0,,,,
20040608,1759.7,1759.7,,115.0,180.0,,,,
20040669,3715.7,3715.7,,279.0,373.0,,,,
20040676,5919.7,5919.7,,325.0,638.0,,,,
20040689,2983.7,2983.7,,295.0,250.0,,,,
20040710,1078.3,1078.3,,67.0,81.0,,,,
20040727,2290.3,2290.3,,172.0,169.0,,,,
20040745,9758.0,9758.0,,782.0,933.0,,,,
20040766,10872.1,11388.4,9581.5,722.0,870.0,,,,
20040772,3570.0,3570.0,,357.0,408.0,,,,
20040806,5456.0,5456.0,,511.0,515.0,32.0,39.8,44.8,
20040861,458.0,458.0,,33.0,52.0,37.9,48.9,54.4,
20040960,24557.7,24557.7,,1545.0,1736.0,,,,
20040996,1466.4,1549.6,1258.5,154.0,115.0,,,,
20041008,35743.3,35743.3,,2295.0,2636.0,57.1,69.0,76.8,
20041068,19094.9,19983.2,16874.0,1383.0,1703.0,,,,
20041109,709.0,709.0,,73.0,72.0,46.6,56.2,62.3,
20041175,9587.3,9587.3,,1327.0,1121.0,,,,
20041182,2417.0,2417.0,,204.0,214.0,35.0,43.0,49.4,
20041245,1455.3,1455.3,,93.0,154.0,38.1,47.7,53.3,
20041307,12825.1,13800.2,10387.5,1048.0,1177.0,,,,
20041330,183.0,183.0,,21.0,19.0,31.0,39.2,44.6,
20041347,988.0,988.0,,99.0,124.0,33.5,41.4,44.4,
20041361,824.0,824.0,,68.0,67.0,28.1,39.7,47.8,
20041402,4014.0,4014.0,,233.0,391.0,,,,
20041479,33532.0,33532.0,,2561.0,2908.0,54.5,64.3,71.3,
20041487,331.3,331.3,,49.0,41.0,33.0,43.4,49.0,
20041680,470.7,470.7,,32.0,43.0,29.6,38.7,44.1,
20041730,288.3,288.3,,22.0,37.0,24.0,29.8,33.7,
20041822,7467.7,7467.7,,537.0,622.0,,,,
20042051,912.0,912.0,,79.0,85.0,37.6,45.0,49.9,
20042068,267.0,267.0,,18.0,27.0,27.4,37.4,42.9,
20042108,1141.7,1141.7,,73.0,114.0,45.9,53.6,58.9,
20042132,10372.3,10372.3,,568.0,1149.0,,,,
20042157,2917.0,2917.0,,289.0,261.0,,,,
20042173,1537.0,1537.0,,118.0,143.0,,,,
20042208,9293.9,9399.8,9029.0,611.0,779.0,,,,
20042229,355.3,355.3,,57.0,29.0,35.1,44.8,49.9,
20042302,17680.7,17680.7,,1113.0,1304.0,,,,
20042353,744.3,744.3,,39.0,85.0,38.2,47.9,54.7,
20042358,16060.0,16060.0,,1327.0,990.0,,,,
20042365,891.7,891.7,,46.0,105.0,28.8,38.2,43.8,
20042453,746.0,746.0,,72.0,71.0,36.0,43.9,48.7,
20042465,824.0,824.0,,96.0,89.0,29.8,37.7,41.6,
20042474,365.0,365.0,,51.0,28.0,27.9,37.4,42.2,
20042519,2384.0,2384.0,,193.0,170.0,,,,
20042524,12297.3,12297.3,,1020.0,954.0,26.7,36.5,42.2,
20042580,2189.3,2189.3,,208.0,223.0,27.7,37.0,41.2,
20042586,2376.0,2376.0,,147.0,236.0,42.3,49.4,54.2,
20042597,4111.7,4111.7,,328.0,433.0,,,,
20042625,1994.0,1994.0,,171.0,161.0,33.1,39.8,44.3,
20042723,11568.7,11568.7,,779.0,856.0,,,,
20042729,543.0,543.0,,79.0,65.0,34.7,44.0,49.3,
20042777,91.0,91.0,,10.0,11.0,14.7,23.7,27.4,
20042871,175.7,175.7,,22.0,15.0,24.2,33.8,38.2,
20042878,119.0,119.0,,10.0,17.0,15.1,24.8,29.7,
20042879,49.0,49.0,,11.0,4.0,15.6,27.3,34.1,
20042883,136.0,136.0,,24.0,9.0,14.6,23.9,28.6,
20042892,67.0,67.0,,8.0,12.0,12.7,21.5,24.8,
20042928,956.3,956.3,,185.0,78.0,24.4,32.2,34.3,
20042943,940.7,940.7,,111.0,95.0,31.8,39.5,44.3,
20042987,150.0,150.0,,10.0,12.0,19.7,29.4,33.4,
20043015,8090.7,8090.7,,377.0,799.0,,,,
20043094,1267.7,1267.7,,118.0,113.0,33.4,43.2,48.1,
20043117,6906.7,6906.7,,848.0,467.0,,,,
20043125,871.0,871.0,,104.0,99.0,34.4,42.9,48.0,
20043164,6609.3,6609.3,,455.0,609.0,,,,
20043171,126.0,126.0,,21.0,17.0,22.5,33.1,36.7,
20043175,614.7,614.7,,60.0,59.0,29.6,37.1,39.7,
20043182,11143.9,11696.8,9761.5,1005.0,800.0,,,,
20043220,997.0,997.0,,95.0,103.0,20.8,27.7,29.6,
20043257,753.3,753.3,,63.0,71.0,28.9,37.1,39.7,
20043432,1337.0,1337.0,,101.0,126.0,30.0,38.6,43.2,
20043602,1165.4,1210.0,1054.0,114.0,101.0,28.1,36.3,42.5,
20043744,22699.7,22699.7,,1600.0,1945.0,,,,
20043753,498.0,498.0,,31.0,46.0,,,,
20043779,410.0,410.0,,44.0,49.0,36.5,48.0,52.8,
20043784,1056.1,1124.6,885.0,94.0,104.0,,,,
20043792,1160.0,1160.0,,83.0,144.0,42.3,51.7,57.6,
20043826,546.0,548.2,540.5,36.0,39.0,,,,
20043845,2330.9,2625.8,1593.5,330.0,262.0,,,,
20043855,655.0,655.0,,48.0,74.0,41.7,52.8,59.4,
20043896,536.3,536.3,,90.0,52.0,,,,
20043911,2118.0,2118.0,,97.0,246.0,40.4,49.4,54.8,
20043996,21104.3,21104.3,,1558.0,2817.0,,,,
20044187,19266.0,19266.0,,1409.0,1360.0,,,,
20044321,15035.7,16206.0,12110.0,1336.0,1339.0,,,,
20044338,4987.3,4987.3,,443.0,510.0,32.8,39.5,44.0,
20044404,522.0,522.0,,57.0,58.0,31.7,39.0,44.3,
20044422,8935.4,9045.0,8661.5,699.0,659.0,,,,
20044445,9083.0,9083.0,,778.0,817.0,,,,
20044466,7012.0,7012.0,,620.0,693.0,39.6,49.3,54.8,
20044520,316.0,316.0,,47.0,32.0,,,,
20044521,576.0,576.0,,54.0,58.0,37.9,47.4,52.3,
20044957,3806.7,3806.7,,232.0,405.0,,,,
20045090,1542.3,1542.3,,152.0,132.0,34.5,43.9,49.1,
20045277,3093.7,3093.7,,326.0,364.0,42.3,49.4,54.8,
20045367,13195.7,14351.4,10306.5,1340.0,1167.0,,,,
20045619,19195.3,20930.3,15147.0,982.0,2062.0,,,,
20045692,693.5,693.5,,50.0,70.0,31.4,39.6,46.1,
20045707,1622.7,1622.7,,87.0,153.0,28.5,36.4,39.8,
20045795,12140.7,12140.7,,907.0,1029.0,50.6,58.4,64.0,
20045818,1586.3,1586.3,,101.0,139.0,25.0,32.0,34.7,
20045826,20258.0,20258.0,,1673.0,1673.0,57.8,66.2,72.9,
20045854,1638.0,1638.0,,137.0,193.0,42.5,49.9,54.9,
20045924,12143.7,12888.2,10282.5,717.0,778.0,41.8,48.8,53.9,
20046644,855.0,855.0,,45.0,85.0,41.4,51.4,57.0,
20046826,6105.3,6802.2,4363.0,418.0,564.0,49.0,56.7,61.9,
20047024,315.7,315.7,,16.0,32.0,33.9,43.2,48.1,
20047880,208.0,208.0,,28.0,32.0,22.2,34.3,39.9,
20047986,489.0,489.0,,51.0,72.0,31.1,38.4,42.4,
20048143,5635.7,5635.7,,441.0,463.0,,,,
20048164,771.0,792.0,750.0,36.0,67.0,34.9,43.3,48.6,
20048279,497.0,497.0,,43.0,46.0,39.2,51.8,58.2,
20048284,910.0,910.0,,48.0,106.0,33.6,42.9,48.0,
20048292,5222.3,5851.8,3648.5,561.0,414.0,,,,
20048334,399.0,399.0,,32.0,47.0,39.8,49.4,54.3,
20048476,8790.7,8790.7,,678.0,697.0,,,,
20048481,581.0,581.0,,47.0,55.0,32.2,41.0,44.8,
20048489,716.5,716.5,,94.0,88.0,38.4,47.0,51.6,
20048527,538.0,538.0,,52.0,58.0,36.8,46.1,51.0,
20048532,629.0,629.0,,39.0,63.0,39.7,48.7,53.6,
20048547,1034.0,1034.0,,146.0,88.0,37.9,46.9,51.3,
20048572,921.0,921.0,,43.0,104.0,33.8,41.8,44.7,
20048596,771.7,771.7,,60.0,74.0,34.7,43.9,49.0,
20048606,712.0,712.0,,45.0,70.0,31.7,42.4,47.7,
20048618,491.3,491.3,,50.0,43.0,25.1,29.6,33.0,
20048746,16795.3,16795.3,,1059.0,1276.0,,,,
20049939,442.0,442.0,,22.0,57.0,32.9,41.9,46.8,
20050211,599.0,599.0,,68.0,52.0,35.0,48.4,54.5,
20050222,2012.0,2012.0,,178.0,175.0,30.6,37.6,41.9,
20050262,27186.0,27186.0,,2433.0,2677.0,,,,
20050314,22742.0,22742.0,,1703.0,1714.0,54.8,63.2,68.3,
20050383,23365.0,23365.0,,1587.0,1894.0,,,,
20050392,11054.0,11054.0,,941.0,1011.0,62.9,71.0,77.3,
20050407,20895.0,20895.0,,1772.0,2021.0,,,,
20050431,36954.3,36954.3,,2453.0,3126.0,,,,
20050470,8116.3,8116.3,,631.0,490.0,,,,
20050549,33629.3,33629.3,,2280.0,2792.0,,,,
20050591,22947.3,22947.3,,1887.0,1627.0,58.3,68.1,73.5,
20050592,25288.0,25288.0,,2092.0,2191.0,,,,
20050636,182.3,182.3,,13.0,15.0,23.5,33.1,39.1,
20050652,16533.3,16533.3,,1112.0,1312.0,,,,
20050681,2512.0,2512.0,,242.0,213.0,37.6,44.1,48.5,
20050727,22113.3,22113.3,,1396.0,1428.0,48.9,53.9,57.7,
20050875,1580.7,1580.7,,119.0,137.0,41.3,48.8,54.0,
20051038,105.0,105.0,,10.0,13.0,23.0,34.3,43.3,
20051133,571.0,571.0,,59.0,45.0,35.3,42.8,46.8,
20051202,598.0,598.0,,48.0,57.0,35.5,47.2,52.5,
20051203,5937.3,5937.3,,459.0,542.0,,,,
20051279,2235.7,2235.7,,249.0,247.0,44.6,53.0,59.1,
20051519,20620.3,20620.3,,1564.0,1618.0,59.2,67.3,72.8,
20051524,30914.3,30914.3,,1650.0,2622.0,,,,
20051654,3163.0,3163.0,,261.0,270.0,50.4,58.4,63.9,
20051674,3523.7,3882.8,2626.0,393.0,407.0,,,,
20051705,7809.7,7809.7,,528.0,719.0,,,,
20051775,22967.7,22967.7,,1856.0,2009.0,,,,
20051778,10352.7,10352.7,,954.0,1109.0,,,,
20051848,11937.7,11937.7,,847.0,958.0,,,,
20051895,477.0,477.0,,40.0,46.0,27.7,38.5,43.8,
20051949,1580.3,1580.3,,156.0,151.0,24.1,38.0,44.7,
20051975,2086.0,2086.0,,165.0,175.0,21.0,33.2,34.7,
20052013,701.0,701.0,,75.0,59.0,26.7,36.3,41.8,
20052186,26866.3,26866.3,,1191.0,2296.0,,,,
20052389,4710.3,4710.3,,249.0,512.0,,,,
20052436,6987.0,6987.0,,618.0,514.0,51.1,58.7,64.1,
20052473,11270.3,11270.3,,1134.0,753.0,,,,
20052501,11954.3,11954.3,,1233.0,826.0,,,,
20052530,267.0,267.0,,21.0,23.0,29.7,38.1,41.6,
20052541,2111.7,2111.7,,116.0,207.0,,,,
20052612,1241.0,1241.0,,150.0,134.0,32.9,41.8,46.5,
20052629,751.5,751.5,,54.0,81.0,31.9,38.7,44.2,
20052707,8839.1,8988.8,8465.0,724.0,688.0,,,,
20052811,6291.7,6291.7,,591.0,481.0,,,,
20052818,813.0,813.0,,67.0,80.0,28.1,38.1,43.6,
20052848,1606.0,1606.0,,101.0,275.0,45.7,53.7,58.9,
20052872,584.3,584.3,,33.0,44.0,27.3,34.8,39.5,
20052931,2618.7,2618.7,,225.0,213.0,36.3,43.3,47.9,
20052938,3287.3,3287.3,,221.0,355.0,30.6,36.9,39.9,
20052990,19184.7,19184.7,,1827.0,1388.0,,,,
20053131,780.0,780.0,,60.0,91.0,39.3,46.3,49.8,
20053150,9587.3,9587.3,,447.0,1258.0,,,,
20053158,640.0,640.0,,90.0,68.0,37.0,47.9,54.0,
20053193,54.0,54.0,,7.0,9.0,16.4,24.5,28.2,
20053212,212.0,212.0,,17.0,21.0,34.6,43.1,46.6,
20053293,807.7,807.7,,78.0,63.0,,,,
20053315,883.0,883.0,,171.0,123.0,30.7,38.5,43.3,
20053322,536.0,536.0,,31.0,48.0,35.4,46.2,53.0,
20053372,15945.0,15945.0,,1279.0,1347.0,58.8,67.6,72.9,
20053422,1057.0,1057.0,,74.0,83.0,21.6,31.1,34.9,
20054128,4313.7,4313.7,,223.0,471.0,,,,
20054199,6011.7,6011.7,,733.0,416.0,,,,
20054530,8697.0,8697.0,,1106.0,566.0,,,,
20054775,19159.3,19159.3,,1237.0,1532.0,47.2,55.0,61.7,
20054940,10996.7,10996.7,,829.0,1019.0,,,,
20054995,1203.7,1203.7,,107.0,114.0,35.3,44.6,49.8,
20055090,2488.3,2488.3,,165.0,250.0,,,,
20055124,549.7,549.7,,16.0,59.0,11.4,18.2,23.2,
20055788,210.7,210.7,,17.0,17.0,27.5,37.7,43.3,
20055791,15894.7,15894.7,,1134.0,1242.0,47.9,57.6,63.0,
20055831,2667.0,2667.0,,192.0,213.0,,,,
20055966,934.9,961.2,869.0,76.0,70.0,31.2,39.8,47.1,
20056787,4666.0,4666.0,,362.0,495.0,40.8,48.2,52.7,
20057350,518.0,518.0,,51.0,61.0,35.1,42.9,47.4,
20057496,349.7,349.7,,28.0,32.0,20.0,32.6,37.9,
20058392,1201.0,1201.0,,105.0,102.0,40.0,48.5,53.5,
20058417,22157.7,22157.7,,1390.0,1515.0,39.1,48.6,53.9,
20058478,7740.0,7740.0,,594.0,722.0,47.4,56.9,62.9,
20058500,744.3,744.3,,74.0,108.0,36.3,45.0,52.6,
20058518,2091.7,2292.0,1991.5,152.0,188.0,21.9,29.9,34.1,
20058678,1464.0,1464.0,,149.0,119.0,,,,
20058753,19321.3,19321.3,,1033.0,1850.0,,,,
20059039,18519.1,20725.1,13371.7,1264.0,1574.0,,,,
20059059,19065.0,19065.0,,1383.0,1076.0,58.9,69.2,74.8,
20059721,688.3,688.3,,37.0,62.0,25.8,34.6,39.5,
20059729,6631.3,6631.3,,539.0,447.0,,,,
20060121,1015.3,1015.3,,101.0,80.0,29.0,36.1,39.1,
20061060,47754.0,47754.0,,3770.0,3158.0,51.1,61.5,68.1,
20061775,8974.3,9074.8,8723.0,566.0,661.0,39.8,46.7,49.9,
20061809,641.0,641.0,,48.0,46.0,29.8,37.9,43.2,
20061910,2548.0,2548.0,,155.0,219.0,31.5,38.6,43.2,
20062032,60.3,60.3,,9.0,5.0,14.5,23.3,25.0,
20062088,110.0,110.0,,23.0,13.0,10.9,17.2,21.0,
20062163,577.3,577.3,,97.0,51.0,32.8,41.9,46.9,
20062172,8913.7,8913.7,,517.0,723.0,,,,
20062212,595.7,595.7,,74.0,56.0,30.9,39.5,44.3,
20062227,5530.0,5530.0,,420.0,435.0,,,,
20062243,2467.7,2467.7,,185.0,241.0,22.2,29.9,34.4,
20062256,72.3,72.3,,8.0,10.0,33.1,39.7,44.1,
20062276,71.3,71.3,,8.0,4.0,16.5,26.5,28.8,
20062333,1673.0,1942.3,1269.0,261.0,129.0,28.9,36.4,39.6,
20062357,82.0,82.0,,7.0,11.0,26.7,34.8,39.5,
20062411,97.0,97.0,,12.0,15.0,13.8,22.8,28.5,
20062455,9212.2,9223.5,9189.5,408.0,847.0,,,,
20062478,757.0,757.0,,41.0,66.0,21.5,29.7,35.0,
20062648,7111.7,7111.7,,815.0,515.0,,,,
20062660,1232.3,1232.3,,185.0,94.0,,,,
20062661,3702.7,3702.7,,394.0,399.0,,,,
20077908,1168.3,1168.3,,95.0,98.0,27.4,34.4,38.7,
20077974,573.0,573.0,,43.0,64.0,33.4,42.6,48.1,
20078439,2627.6,2667.0,2529.0,137.0,195.0,33.1,41.4,46.1,
20078558,403.3,403.3,,28.0,63.0,34.5,42.7,47.2,
20078570,4478.7,4478.7,,314.0,454.0,28.1,36.9,41.3,
20078673,45.0,45.0,,3.0,6.0,15.5,23.8,27.0,
20078750,189.0,189.0,,19.0,22.0,18.9,27.3,29.7,
20078754,183.0,183.0,,18.0,25.0,33.3,49.3,59.1,
20078770,199.0,199.0,,13.0,21.0,32.6,40.0,44.6,
20078771,98.3,98.3,,15.0,10.0,32.0,42.5,48.1,
20078780,67.0,67.0,,9.0,7.0,15.9,23.9,26.7,
20078781,93.0,93.0,,11.0,9.0,,,,
20078785,119.0,119.0,,15.0,16.0,10.0,16.3,18.1,
20078986,718.0,718.0,,102.0,67.0,29.5,36.5,39.4,
20079096,4251.7,4251.7,,249.0,472.0,34.3,41.8,46.5,
20079113,212.7,212.7,,16.0,17.0,19.3,28.4,32.7,
20079169,249.3,249.3,,25.0,22.0,11.8,18.5,24.0,
20079174,500.7,500.7,,36.0,49.0,13.5,22.6,26.2,
20079197,310.0,310.0,,22.0,26.0,15.9,24.9,29.0,
20079198,494.7,494.7,,40.0,46.0,13.9,23.2,28.0,
20079199,64.7,64.7,,4.0,8.0,10.6,16.9,18.7,
20079202,74.0,74.0,,6.0,10.0,16.9,28.1,33.5,
20079242,96.0,96.0,,9.0,9.0,15.6,24.4,28.9,
20079773,147.0,147.0,,18.0,17.0,29.3,38.1,41.9,
20080085,569.3,569.3,,64.0,56.0,37.9,47.6,54.1,
20080104,7372.9,7429.6,7231.0,403.0,478.0,29.7,38.5,43.1,
20080133,12922.0,12922.0,,933.0,1015.0,,,,
20080174,117.0,117.0,,13.0,12.0,18.3,26.7,29.2,
20080371,5949.0,5949.0,,391.0,448.0,10.8,16.8,18.7,
20080397,1705.3,1705.3,,161.0,144.0,26.8,34.4,39.4,
20080670,150.3,150.3,,12.0,17.0,13.6,23.0,28.0,
20082210,1513.3,1513.3,,122.0,134.0,,,,
20082220,2034.0,2034.0,,338.0,251.0,32.8,42.9,48.0,
20089613,2331.5,2331.5,,194.0,239.0,34.7,43.2,48.4,
20089869,337.0,337.0,,19.0,35.0,23.3,33.0,36.4,
20089883,287.5,287.5,,17.0,27.0,30.4,39.3,44.9,
20089948,24857.3,24857.3,,1742.0,1910.0,43.6,53.3,59.0,
20089968,6916.0,6916.0,,645.0,673.0,46.7,56.4,62.0,
20089994,5044.0,5044.0,,268.0,426.0,33.3,38.9,42.8,
20090013,3907.0,3907.0,,195.0,328.0,31.2,38.2,42.3,
20090028,905.7,905.7,,95.0,80.0,34.4,47.2,54.2,
20091360,300.5,300.5,,60.0,45.0,33.4,42.9,48.5,
20091367,474.0,474.0,,36.0,43.0,34.5,44.9,52.7,
20091384,1576.0,1576.0,,88.0,119.0,35.5,43.7,48.6,
20091385,1797.5,1797.5,,86.0,165.0,35.7,44.3,49.1,
20091481,56.5,56.5,,5.0,8.0,15.4,26.7,32.4,
20091484,24.3,24.3,,2.0,3.0,12.0,20.0,23.7,
20091487,971.0,971.0,,70.0,94.0,,,,
20091525,310.0,310.0,,35.0,27.0,30.1,38.8,43.3,
20091534,856.0,856.0,,98.0,86.0,26.8,34.7,39.0,
20091535,1768.0,1768.0,,236.0,168.0,29.0,34.5,38.5,
20091548,519.0,519.0,,30.0,63.0,35.0,47.1,52.6,
20091592,68.0,68.0,,16.0,7.0,14.6,23.2,24.7,
20091649,19488.7,19488.7,,1252.0,1808.0,,,,
20091879,87.5,87.5,,7.0,10.0,13.2,22.3,26.1,
20091883,117.5,117.5,,10.0,17.0,20.9,31.8,36.6,
20091987,27168.7,27168.7,,1827.0,2053.0,27.8,33.5,34.9,
20091988,14541.0,14541.0,,918.0,1100.0,,,,
20092034,26627.0,26627.0,,1684.0,1880.0,53.4,62.7,68.4,
20098087,8765.7,8765.7,,609.0,583.0,,,,
20101489,27355.7,27355.7,,2255.0,2596.0,,,,
20101796,31306.7,31306.7,,1966.0,2055.0,,,,
20101797,25785.0,25785.0,,1491.0,1534.0,,,,
20102845,10649.7,10649.7,,844.0,782.0,,,,
20103009,2374.3,2374.3,,175.0,223.0,34.6,42.1,46.4,
20103010,833.5,833.5,,54.0,95.0,36.2,43.3,47.5,
20103060,118.0,118.0,,4.0,33.0,15.1,26.3,29.3,
20103061,243.0,243.0,,17.0,30.0,13.3,22.4,27.1,
20103068,49.0,49.0,,5.0,6.0,10.4,16.8,18.6,
20103146,31909.0,31909.0,,2146.0,2357.0,57.5,64.4,69.5,
20105764,20191.7,20191.7,,918.0,2316.0,,,,
20110446,12962.0,12962.0,,974.0,1018.0,48.7,56.6,59.9,
20110552,6259.7,6259.7,,392.0,543.0,,,,
20110688,85.0,85.0,,5.0,11.0,15.3,26.7,29.3,
20110694,86.7,86.7,,4.0,10.0,11.5,18.4,23.1,
20110781,1077.7,1077.7,,37.0,89.0,26.5,34.1,40.0,
20111019,11749.7,11749.7,,885.0,863.0,,,,
20111024,11786.0,11786.0,,929.0,774.0,,,,
20111567,6527.3,6527.3,,348.0,485.0,33.8,41.5,44.9,
20111586,2224.0,2224.0,,106.0,188.0,26.4,34.1,39.3,
20112057,353.0,353.0,,32.0,43.0,40.1,48.2,52.9,
20112058,204.0,204.0,,19.0,23.0,38.5,44.8,48.7,
20112063,4822.3,4822.3,,296.0,368.0,39.7,48.2,53.9,
20112296,1400.0,1400.0,,106.0,144.0,36.0,44.5,49.6,
20112306,967.0,967.0,,89.0,103.0,35.4,43.0,47.1,
20112336,71.0,71.0,,12.0,12.0,14.8,23.7,27.2,
20112337,39.0,39.0,,6.0,9.0,15.2,23.6,26.1,
20112620,14741.3,14741.3,,799.0,1218.0,,,,
20112629,531.0,531.0,,37.0,67.0,31.7,39.9,47.4,
20112649,1292.0,1292.0,,130.0,105.0,30.2,38.2,42.3,
20112706,744.7,744.7,,50.0,84.0,33.5,42.3,46.8,
20112729,1258.0,1258.0,,94.0,106.0,39.4,47.4,52.8,
20112732,95.0,95.0,,8.0,10.0,24.1,31.3,34.3,
20112786,19254.7,19254.7,,1206.0,1354.0,40.2,51.3,56.4,
20112816,221.0,221.0,,19.0,28.0,17.9,26.7,29.3,
20112838,395.5,395.5,,25.0,38.0,39.0,48.9,54.0,
20112854,5856.3,5856.3,,470.0,669.0,,,,
20112861,5719.0,5719.0,,511.0,751.0,,,,
20112923,40.0,40.0,,6.0,4.0,21.1,27.5,29.5,
20112928,14941.3,14941.3,,962.0,1082.0,43.3,52.9,58.4,
20112950,41.0,41.0,,5.0,7.0,19.0,25.0,32.9,
20112958,215.0,215.0,,15.0,38.0,20.2,32.0,34.7,
20117627,443.0,443.0,,64.0,44.0,27.4,34.6,39.2,
20117646,21052.0,21052.0,,1575.0,1693.0,55.1,64.7,72.5,
20117785,2998.0,2998.0,,354.0,202.0,,,,
20117870,1063.3,1063.3,,55.0,84.0,23.0,33.3,38.5,
20117929,158.0,158.0,,15.0,25.0,22.4,33.7,38.3,
20118090,6983.3,6983.3,,294.0,722.0,,,,
20118124,664.0,664.0,,63.0,97.0,31.2,41.6,46.1,
20118200,1095.0,1095.0,,96.0,104.0,32.2,38.3,40.0,
20118223,3934.5,3934.5,,251.0,454.0,29.0,34.9,39.2,
20119895,1356.0,1356.0,,115.0,121.0,32.7,40.0,46.1,
20119980,13244.3,13244.3,,950.0,1018.0,48.2,57.4,62.9,
20120256,34.0,34.0,,7.0,6.0,17.2,26.7,29.4,
20120977,9239.0,9239.0,,910.0,753.0,54.4,63.1,68.1,
20139600,4515.7,4515.7,,294.0,332.0,,,,
20139610,5065.0,5065.0,,230.0,446.0,,,,
20139637,12963.7,12963.7,,645.0,986.0,,,,
20141011,6780.0,6780.0,,527.0,501.0,46.0,53.5,58.5,
20141012,9141.7,9141.7,,579.0,674.0,,,,
20141049,23177.3,23177.3,,1721.0,1884.0,,,,
20141111,10460.0,10460.0,,1146.0,810.0,46.4,53.9,58.8,
20141745,12529.7,12529.7,,783.0,995.0,,,,
20141932,18740.7,18740.7,,991.0,1584.0,,,,
20142356,45783.3,45783.3,,2919.0,3029.0,45.4,61.7,68.7,
20145295,498.0,498.0,,40.0,19.0,30.8,42.1,48.8,
20145304,660.0,660.0,,52.0,26.0,33.9,43.9,49.7,
20146476,7872.3,7872.3,,397.0,832.0,,,,
20146477,17089.7,17089.7,,1199.0,1424.0,,,,
20146725,1355.7,1355.7,,102.0,120.0,29.9,39.3,44.6,
20146761,9796.0,9796.0,,589.0,920.0,,,,
20149132,6543.0,6543.0,,400.0,520.0,39.5,47.2,51.5,
20149177,6306.0,6306.0,,501.0,591.0,49.4,57.2,63.0,
20149476,10830.4,11366.6,9490.0,759.0,1086.0,,,,
20154107,2217.7,2217.7,,233.0,155.0,,,,
20154108,2119.7,2119.7,,265.0,157.0,26.1,36.4,42.1,
20154394,3443.8,3443.8,,243.0,292.0,43.0,49.8,54.9,
20154541,9546.6,9932.8,8581.0,691.0,812.0,61.4,69.5,74.9,
20154544,18317.0,18317.0,,1216.0,1362.0,,,,
20155602,6430.0,6430.0,,726.0,559.0,58.7,74.4,102.7,
20155603,7338.7,7338.7,,515.0,715.0,,,,
20161370,42587.7,42587.7,,2629.0,3338.0,,,,
20164338,5563.0,5563.0,,542.0,343.0,,,,
20164355,8867.3,8867.3,,563.0,706.0,,,,
20164729,12066.0,12066.0,,679.0,1052.0,,,,
20164823,7867.0,7867.0,,588.0,714.0,50.4,58.1,63.5,
20165128,630.3,630.3,,49.0,55.0,36.1,44.4,49.3,
20165722,89.0,89.0,,10.0,19.0,18.3,28.9,34.4,
20166259,12608.3,12608.3,,1052.0,1008.0,,,,
20166607,4494.0,4494.0,,364.0,55.0,45.8,54.4,59.4,
20167711,4651.0,4651.0,,338.0,399.0,,,,
20169653,62.0,62.0,,11.0,10.0,14.0,22.8,24.4,
20230239,3151.3,3151.3,,304.0,280.0,,,,
20230426,5431.0,5431.0,,789.0,311.0,58.8,66.3,71.0,
20230538,11028.3,11028.3,,1429.0,624.0,,,,
20230566,8344.0,8197.4,8710.5,798.0,461.0,,,,
20230567,323.3,323.3,,26.0,38.0,,,,
20231119,125.5,125.5,,11.0,14.0,30.6,42.0,48.2,
20232321,1111.0,1111.0,,111.0,99.0,33.2,41.5,44.9,
20232428,7123.7,7123.7,,532.0,571.0,,,,
20233507,12403.7,12403.7,,1692.0,1226.0,,,,
20233508,13259.7,13259.7,,1694.0,1243.0,,,,
20233643,8010.4,8349.2,7163.5,682.0,639.0,,,,
20233959,16142.3,16142.3,,1330.0,1980.0,,,,
20234048,17298.0,17298.0,,1448.0,1153.0,,,,
20234082,20066.7,20066.7,,1778.0,1419.0,,,,
20234118,15577.7,15577.7,,1023.0,1835.0,,,,
20235328,12571.7,12571.7,,1533.0,545.0,,,,
20235352,354.0,,354.0,,,32.7,39.1,43.3,
20235444,2547.0,2547.0,,213.0,221.0,40.3,48.2,53.1,
20235445,2470.0,2470.0,,141.0,268.0,34.3,44.2,50.0,
20235556,7293.0,7293.0,,784.0,572.0,40.8,48.0,52.0,
20235608,24406.0,24406.0,,2355.0,1581.0,,,,
20235732,468.0,468.0,,35.0,44.0,32.1,39.1,43.1,
20235848,11169.0,11169.0,,907.0,882.0,,,,
20235984,1136.3,1136.3,,168.0,95.0,34.9,43.8,49.9,
20236350,593.7,593.7,,53.0,50.0,35.0,44.9,53.1,
20236612,41324.0,41324.0,,2866.0,3430.0,52.8,59.6,64.7,
20237162,6834.0,6834.0,,427.0,610.0,,,,
20247657,30033.3,30033.3,,2586.0,2833.0,55.7,63.9,69.1,
20258364,336.0,336.0,,53.0,31.0,34.3,43.8,49.0,
20258379,4912.3,4912.3,,382.0,401.0,,,,
20258541,370.0,370.0,,37.0,38.0,32.6,39.8,44.5,
20259264,2415.0,2415.0,,192.0,154.0,21.8,33.8,39.4,
20259494,28811.0,28811.0,,2174.0,2465.0,,,,
20259956,1081.0,1081.0,,131.0,79.0,,,,
20356251,281.0,281.0,,22.0,40.0,29.3,37.9,41.5,
20362204,9220.7,9220.7,,822.0,913.0,,,,
20362226,18592.0,20088.6,14850.5,1513.0,1762.0,,,,
20364201,13463.3,13463.3,,867.0,910.0,,,,
20364355,19866.3,20871.0,17354.5,1847.0,1407.0,,,,
20364356,55214.0,55214.0,,3867.0,4309.0,,,,
30000275,4383.0,4383.0,,262.0,472.0,,,,
30000287,996.0,996.0,,84.0,98.0,25.5,32.6,34.7,
30000487,15195.0,15195.0,,996.0,1275.0,,,,
30000517,312.0,312.0,,34.0,29.0,39.1,49.7,54.7,
30000536,170.0,170.0,,17.0,24.0,23.1,33.2,36.2,
30000537,77.0,77.0,,8.0,10.0,27.4,39.8,44.2,
30000540,5285.0,5285.0,,263.0,502.0,56.9,64.2,69.2,
30000613,11601.0,11601.0,,859.0,709.0,54.2,63.2,68.7,
30000632,19044.7,19044.7,,1459.0,1291.0,,,,
30000651,9625.0,9625.0,,925.0,864.0,53.0,59.1,64.0,
30000713,11534.6,12216.6,9829.5,1123.0,1058.0,,,,
30000721,21986.3,21986.3,,1334.0,1948.0,,,,
30000727,2758.5,2758.5,,373.0,254.0,40.6,48.3,53.0,
30000872,10243.0,10243.0,,623.0,1280.0,,,,
30000993,13055.0,13055.0,,832.0,1147.0,53.5,63.4,69.4,
30001036,15528.3,15528.3,,1058.0,1091.0,,,,
30001128,26247.0,26247.0,,1976.0,2385.0,63.4,69.9,74.7,
30001161,29913.0,29913.0,,1567.0,2319.0,55.2,63.5,69.2,
30001179,403.0,403.0,,30.0,34.0,41.4,48.6,53.6,
30001209,9553.3,9553.3,,540.0,820.0,47.7,54.6,59.6,
30001212,9796.3,9796.3,,1057.0,699.0,,,,
30001365,20199.0,20199.0,,1135.0,1496.0,55.6,63.2,68.5,
30001367,20297.3,20297.3,,1118.0,1457.0,57.0,64.1,69.4,
30001448,2685.0,2685.0,,301.0,290.0,38.1,44.9,49.6,
30001655,192.3,192.3,,10.0,19.0,27.2,37.3,43.2,
30001688,15029.3,15029.3,,913.0,1472.0,,,,
30001784,7450.3,7450.3,,620.0,613.0,,,,
30001808,21315.3,21023.8,22044.0,2037.0,1408.0,,,,
30001865,12881.3,12881.3,,633.0,1273.0,,,,
30001920,22830.0,22830.0,,1588.0,1640.0,63.1,71.1,77.1,
30001937,5343.0,5343.0,,494.0,485.0,,,,
30001947,4890.0,4890.0,,474.0,378.0,,,,
30001950,17792.0,17792.0,,819.0,1737.0,,,,0.068
30001996,24588.0,24588.0,,1787.0,1755.0,68.2,74.7,79.7,
30002251,15671.5,15671.5,,844.0,1385.0,52.2,64.5,73.1,
30002254,10127.3,10127.3,,710.0,826.0,48.7,54.3,58.8,
30002255,9832.0,9832.0,,699.0,827.0,47.7,53.8,58.0,
30002264,7413.7,7413.7,,546.0,729.0,,,,
30002365,12443.7,12443.7,,552.0,1213.0,,,,
30002389,2165.0,2165.0,,224.0,178.0,36.1,44.7,49.8,
30002404,335.0,335.0,,72.0,28.0,32.7,44.4,52.0,
30002406,13073.1,14010.8,10729.0,1115.0,1157.0,63.1,73.1,79.5,
30002727,1534.0,1534.0,,139.0,216.0,35.1,47.2,59.1,
30002729,11178.0,11178.0,,902.0,836.0,,,,
30002744,16035.7,16035.7,,1812.0,792.0,,,,
30002748,23608.0,23608.0,,2682.0,1261.0,,,,
30002759,24801.3,24801.3,,955.0,3046.0,,,,
30002807,8379.0,8379.0,,710.0,589.0,,,,
30003276,8690.0,8690.0,,588.0,819.0,45.5,53.5,59.9,
30003463,12941.1,13046.6,12677.5,124.0,836.0,,,,0.063
30003573,18503.5,18503.5,,1324.0,1741.0,66.7,73.6,79.5,
30003690,5374.0,5374.0,,393.0,537.0,,,,
30003879,14482.7,14482.7,,1250.0,1134.0,,,,
30004007,27354.7,27354.7,,2340.0,1879.0,,,,
30004014,20273.7,20273.7,,1669.0,1666.0,65.0,74.5,93.6,
30004030,9700.0,9700.0,,849.0,1047.0,57.4,66.7,69.9,
30004031,10310.0,10310.0,,1279.0,692.0,66.7,74.0,79.3,
30004270,14335.9,15052.8,12543.5,1101.0,976.0,,,,
30004314,7680.0,7680.0,,801.0,939.0,40.0,47.7,51.6,
30004432,15600.3,15600.3,,1255.0,1178.0,,,,
30004495,22377.7,22377.7,,1524.0,1725.0,58.1,66.6,72.6,
30004508,7369.0,7369.0,,750.0,727.0,42.4,49.9,54.9,
30004522,16704.3,16704.3,,2077.0,1248.0,,,,
30004678,12256.7,12256.7,,668.0,1189.0,,,,
30004684,2161.3,2161.3,,133.0,194.0,37.0,44.6,49.2,
30004693,1305.0,1305.0,,122.0,89.0,43.0,51.2,54.9,
30004696,1453.0,1453.0,,76.0,151.0,42.3,51.3,54.7,
30004709,4485.0,4485.0,,472.0,417.0,49.6,56.7,61.6,
30004871,8513.6,9714.6,5511.0,950.0,754.0,,,,
30004881,24665.0,24665.0,,2104.0,2290.0,61.0,68.7,74.3,
30005145,249.0,249.0,,23.0,23.0,34.1,43.1,47.0,
30005163,7919.0,7919.0,,724.0,842.0,56.1,63.2,68.7,
30005193,3962.5,3962.5,,534.0,426.0,39.9,51.9,55.0,
30005215,30906.9,32941.8,25819.5,2569.0,2986.0,,,,
30005221,18227.3,19192.8,15813.5,1695.0,1495.0,,,,
30005251,7669.0,7669.0,,745.0,722.0,39.8,49.2,59.5,
30005364,4086.5,4086.5,,424.0,460.0,49.8,57.2,62.1,
30005367,16243.7,16243.7,,1537.0,1288.0,,,,
30005471,32239.7,32239.7,,2503.0,2835.0,,,,
30005474,786.0,786.0,,63.0,91.0,39.8,48.6,53.1,
30005477,2432.7,2432.7,,233.0,222.0,42.3,49.2,54.0,
30005748,2436.3,2436.3,,235.0,234.0,,,,
30005845,18989.7,18989.7,,1067.0,1919.0,,,,
30005858,6887.0,6887.0,,484.0,622.0,,,,
30005864,14464.7,14464.7,,1049.0,1348.0,45.7,53.2,58.1,
30005904,914.3,914.3,,90.0,78.0,,,,
30005910,1703.7,1703.7,,220.0,182.0,,,,
30005949,11593.0,11593.0,,710.0,924.0,51.6,62.6,68.7,
30006217,319.5,319.5,,49.0,41.0,41.3,51.1,57.1,
30006220,461.0,461.0,,95.0,72.0,28.3,36.3,39.4,
30006234,12588.3,12588.3,,1617.0,1301.0,,,,
30006410,28572.7,28572.7,,3977.0,2165.0,,,,
30006672,1188.0,1188.0,,129.0,75.0,41.0,51.9,57.1,
30006689,3705.7,3705.7,,404.0,428.0,40.8,48.7,54.1,
30006690,2902.0,2902.0,,313.0,288.0,,,,
30006755,26066.0,26066.0,,1939.0,2017.0,50.4,59.4,64.9,
30006783,1034.0,1034.0,,73.0,112.0,41.2,49.2,54.4,
30006790,1922.0,1922.0,,204.0,211.0,30.7,37.7,41.3,
30006793,17812.7,17812.7,,1039.0,1364.0,,,,
30006876,11499.0,11499.0,,1101.0,932.0,,,,
30006925,575.3,575.3,,43.0,50.0,,,,0.035
30006932,1112.0,1112.0,,41.0,120.0,42.3,49.3,53.9,
30006935,7377.7,7576.4,6881.0,439.0,547.0,,,,0.101
30007045,42911.3,42911.3,,2886.0,3131.0,,,,
30007050,2910.7,2910.7,,175.0,275.0,,,,
30007062,20348.3,20348.3,,1381.0,1712.0,52.8,64.9,73.0,
30007273,7279.0,7279.0,,437.0,582.0,36.5,44.2,50.0,
30007276,24954.0,24954.0,,1698.0,1850.0,46.7,57.7,63.1,
30007286,12387.7,12881.8,11152.5,890.0,929.0,,,,
30007349,6093.0,6093.0,,401.0,471.0,42.7,52.2,57.3,
30007403,1234.3,1234.3,,108.0,152.0,,,,0.037
30007605,17874.3,17874.3,,1912.0,1085.0,,,,
30007770,15476.0,15734.4,14830.0,891.0,980.0,30.5,41.8,47.3,
30007944,2999.0,2999.0,,213.0,337.0,30.1,39.3,47.8,
30007958,6327.3,6327.3,,593.0,584.0,,,,
30008133,58.7,58.7,,5.0,8.0,16.4,26.3,29.5,
30008171,15071.3,15071.3,,1035.0,965.0,,,,
30008715,962.0,962.0,,42.0,99.0,37.3,44.8,51.5,
30008716,1091.0,1091.0,,37.0,99.0,37.1,44.8,51.8,
30008718,24615.3,24615.3,,1685.0,2609.0,,,,
30008917,561.0,561.0,,53.0,63.0,40.2,49.2,54.0,
30009093,1484.0,1484.0,,134.0,137.0,31.3,39.6,46.1,
30009200,15935.7,15935.7,,1204.0,1275.0,,,,
30009309,1531.0,1531.0,,135.0,140.0,37.4,44.1,48.7,
30009321,2594.0,2594.0,,326.0,280.0,46.9,54.8,59.4,
30009337,12966.7,12966.7,,672.0,1650.0,,,,
30009623,2441.0,2441.0,,323.0,238.0,40.4,48.4,53.6,
30009802,5167.7,5167.7,,255.0,481.0,41.4,49.4,54.7,
30010491,3606.5,3606.5,,259.0,313.0,33.2,41.5,44.8,
30010748,15821.7,15821.7,,751.0,1672.0,,,,
30011000,1996.0,1996.0,,162.0,201.0,36.1,42.5,44.8,
30011245,6755.0,6755.0,,321.0,519.0,43.8,51.2,54.9,
30011246,6790.0,6790.0,,420.0,564.0,,,,
30011290,9970.3,9970.3,,697.0,901.0,,,,
30011644,7052.3,7052.3,,484.0,526.0,31.7,39.9,44.7,
30011645,1424.0,1424.0,,164.0,149.0,34.9,42.8,47.5,
30011658,28357.0,28357.0,,3825.0,2177.0,,,,
30011819,6171.7,6171.7,,492.0,552.0,,,,
30012372,14959.0,14959.0,,696.0,1387.0,,,,
30012667,8841.7,8835.4,8849.5,951.0,633.0,,,,
30012725,5999.3,5999.3,,468.0,538.0,,,,
30012728,12089.7,12089.7,,736.0,751.0,,,,
30012730,738.3,738.3,,32.0,73.0,11.7,18.5,24.0,
30012808,1456.3,1456.3,,96.0,136.0,27.0,34.7,39.8,
30012810,197.7,197.7,,14.0,21.0,12.7,21.6,26.8,
30012855,886.9,991.0,626.5,69.0,99.0,19.7,28.5,32.6,
30012958,1582.0,1582.0,,154.0,130.0,37.4,46.1,51.1,
30013029,19194.9,19977.6,17890.3,1370.0,1624.0,,,,
30013036,19391.8,20999.2,16712.7,1653.0,1780.0,,,,
30013313,279.3,279.3,,38.0,24.0,27.3,34.9,39.4,
30013725,16821.3,16821.3,,1034.0,1689.0,,,,
30013726,18493.0,18493.0,,1742.0,1335.0,,,,
30013783,5220.7,5220.7,,354.0,697.0,,,,
30014022,14278.7,14278.7,,803.0,1187.0,,,,
30014062,23437.3,24880.4,19829.5,1914.0,2322.0,,,,
30014880,5919.7,5919.7,,373.0,574.0,38.8,46.1,49.7,
30014930,7636.7,7636.7,,677.0,646.0,51.7,59.7,64.4,
30015011,13375.0,13375.0,,1203.0,1016.0,,,,
30015106,10761.7,10761.7,,697.0,782.0,,,,
30015172,6038.0,6038.0,,371.0,458.0,33.2,39.5,44.2,
30015421,11733.3,12512.6,9785.0,1001.0,1217.0,,,,
30015671,12291.0,12291.0,,797.0,1089.0,49.2,57.6,63.1,
30015833,26377.7,26377.7,,1377.0,1924.0,,,,
30015906,24103.0,24103.0,,1881.0,1991.0,56.8,68.0,74.8,
30015940,502.7,502.7,,43.0,43.0,33.4,42.4,47.3,
30015984,3243.3,3243.3,,235.0,286.0,32.1,38.9,43.5,
30016130,14458.3,14458.3,,1069.0,1213.0,,,,
30016243,28243.0,28243.0,,3666.0,2752.0,,,,
30016282,20765.3,20765.3,,939.0,2787.0,,,,
30016929,21240.7,21240.7,,1255.0,1789.0,,,,
30016964,393.0,393.0,,43.0,45.0,37.4,49.2,104.6,
30017146,3862.3,3862.3,,253.0,327.0,,,,
30017326,723.5,723.5,,56.0,82.0,28.5,36.9,42.0,
30017340,250.0,250.0,,20.0,21.0,27.9,36.8,47.6,
30017350,345.0,345.0,,23.0,48.0,26.3,33.9,38.5,
30017352,1177.7,1177.7,,300.0,91.0,37.2,44.5,49.5,
30017428,1118.0,1118.0,,82.0,90.0,18.9,28.7,33.7,
30017432,894.3,894.3,,55.0,81.0,30.3,42.0,48.7,
30017460,411.0,411.0,,56.0,37.0,25.6,37.7,43.2,
30017517,2013.7,2013.7,,178.0,158.0,29.5,38.5,43.2,
30017526,1726.0,1726.0,,286.0,173.0,30.3,36.7,39.8,
30017529,208.0,208.0,,20.0,21.0,29.5,42.0,47.8,
30017561,173.0,173.0,,21.0,14.0,20.2,29.7,34.6,
30017562,45.0,45.0,,5.0,7.0,18.5,27.7,29.5,
30017812,4887.0,4887.0,,429.0,507.0,,,,
30017819,2034.0,2034.0,,149.0,169.0,,,,
30017943,1792.0,1792.0,,94.0,209.0,36.7,43.9,48.8,
30018006,850.5,850.5,,85.0,85.0,26.7,33.0,37.1,
30018012,11843.1,11767.0,12033.5,513.0,909.0,,,,
30018013,16264.0,16264.0,,1065.0,1002.0,,,,
30018111,28577.0,28577.0,,4136.0,2141.0,,,,
30018237,448.3,543.0,211.5,46.0,50.0,,,,
30018281,3574.0,3574.0,,299.0,304.0,38.1,46.2,51.1,
30018291,10643.6,12038.4,7156.5,1052.0,1205.0,,,,
30018568,3558.0,3558.0,,255.0,341.0,42.9,51.9,58.3,
30018572,3558.0,3558.0,,255.0,341.0,42.9,51.9,58.3,
30018905,5003.0,5003.0,,473.0,424.0,,,,
30018925,31513.0,31513.0,,2898.0,2914.0,,,,
30019074,8319.5,8319.5,,439.0,549.0,,,,
30019279,5011.3,5011.3,,441.0,521.0,,,,
30019302,29126.7,29126.7,,2102.0,2294.0,,,,
30019407,1946.8,2090.2,1588.3,325.0,96.0,,,,
30019509,2039.7,2197.2,1646.0,376.0,99.0,,,,
30019513,5205.0,5205.0,,458.0,556.0,62.6,72.2,78.5,
30020038,12753.3,12753.3,,720.0,1117.0,,,,
30020059,14684.7,14684.7,,837.0,1081.0,,,,
30020101,4246.0,4246.0,,461.0,468.0,45.7,53.9,59.1,
30020514,12582.7,12582.7,,638.0,1201.0,,,,
30020521,21719.0,21719.0,,1193.0,1493.0,,,,
30020545,15057.7,15057.7,,1177.0,1028.0,,,,
30020926,1684.0,1684.0,,86.0,180.0,38.8,44.3,48.6,
30020932,9412.0,9412.0,,612.0,866.0,45.5,53.9,59.6,
30021217,8534.3,8534.3,,868.0,794.0,,,,
30021270,28661.0,28661.0,,3471.0,2900.0,,,,
30021421,2193.0,2193.0,,214.0,195.0,30.0,38.5,43.3,
30021422,2894.5,2894.5,,309.0,233.0,39.3,47.6,52.3,
30021445,17237.3,17237.3,,1454.0,1307.0,,,,
30021478,2717.3,2717.3,,249.0,215.0,35.8,42.4,46.5,
30021786,6006.7,6006.7,,315.0,456.0,,,,
30022091,792.3,792.3,,52.0,75.0,32.0,39.5,44.8,
30022094,243.3,243.3,,13.0,26.0,30.7,38.9,43.3,
30022724,221.0,221.0,,36.0,20.0,27.0,34.3,38.6,
30022993,34978.0,34978.0,,2077.0,2100.0,,,,
30023164,14799.7,15042.0,14194.0,862.0,1154.0,,,,
30023208,37477.0,37477.0,,2459.0,2838.0,,,,
30023226,46864.0,46864.0,,3860.0,4076.0,68.1,76.1,97.1,
30023267,3743.5,3743.5,,409.0,353.0,41.6,49.0,54.0,
30023971,646.5,646.5,,92.0,47.0,35.2,42.6,46.8,
30024011,16069.6,16691.4,14515.0,1179.0,1351.0,52.1,58.1,62.5,
30024156,153.0,153.0,,10.0,13.0,28.1,39.2,44.3,
30024615,20767.3,20767.3,,1503.0,1846.0,,,,
30024672,14116.0,14116.0,,858.0,1191.0,46.0,53.6,58.7,
30025326,765.7,765.7,,53.0,74.0,18.9,24.6,28.0,
30025639,1487.0,1487.0,,210.0,126.0,41.5,49.9,55.0,
30026467,1671.0,1671.0,,115.0,140.0,24.8,33.0,37.1,
30028670,3640.3,3640.3,,371.0,319.0,,,,
30029093,4622.3,4622.3,,360.0,445.0,36.8,44.6,49.3,
30029094,5135.7,5135.7,,419.0,493.0,36.9,44.7,49.5,
30029306,9351.7,9351.7,,1382.0,534.0,,,,
30029395,2396.7,2396.7,,137.0,230.0,,,,
30029504,4345.5,4345.5,,176.0,440.0,42.5,49.6,54.4,
30029962,139.7,139.7,,10.0,15.0,31.0,39.1,43.8,
30029963,151.7,151.7,,10.0,13.0,30.2,38.4,42.8,
30030000,602.0,602.0,,42.0,49.0,35.4,43.6,48.2,
30030123,6146.0,6146.0,,442.0,496.0,45.0,53.3,58.4,
30030129,3088.3,3088.3,,228.0,282.0,34.5,41.9,44.9,
30030132,1755.0,1755.0,,122.0,147.0,27.0,38.0,42.9,
30030409,28577.3,28577.3,,1214.0,2471.0,,,,
30030603,9374.7,9374.7,,806.0,804.0,,,,
30030929,1829.3,1829.3,,138.0,146.0,34.2,42.6,47.4,
30031099,18392.0,18392.0,,1497.0,1555.0,,,,
30031177,15941.1,16007.8,15774.5,1342.0,1194.0,,,,
30032281,2715.7,2715.7,,258.0,238.0,38.7,47.2,52.2,
30032286,453.7,453.7,,45.0,39.0,29.2,36.5,39.6,
30032639,3024.0,3024.0,,417.0,368.0,43.3,49.5,54.2,
30032952,6643.0,6643.0,,573.0,634.0,52.9,61.2,67.0,
30032971,17445.0,17445.0,,1684.0,1191.0,,,,
30033047,779.3,779.3,,58.0,69.0,29.1,38.4,42.9,
30034054,456.0,456.0,,20.0,47.0,26.0,36.3,40.0,
30034345,6313.3,6313.3,,479.0,344.0,42.8,48.8,53.2,
30035821,1323.5,1323.5,,129.0,98.0,26.1,34.1,38.6,
30035849,6421.0,6421.0,,559.0,497.0,,,,
30035939,9525.0,9525.0,,762.0,862.0,67.7,74.0,79.3,
30036315,2268.0,2268.0,,294.0,195.0,49.8,59.0,64.8,
30036751,7732.7,7732.7,,464.0,490.0,35.0,44.4,49.4,
30036977,1125.3,1125.3,,56.0,114.0,24.7,33.2,37.4,
30037083,3203.3,3203.3,,187.0,325.0,,,,
30037289,777.5,777.5,,126.0,100.0,30.8,39.0,43.7,
30037801,10232.0,10232.0,,625.0,713.0,,,,
30037980,2827.0,2827.0,,292.0,240.0,34.3,43.3,47.9,
30037989,2517.3,2517.3,,213.0,195.0,32.4,42.7,48.0,
30038063,11676.0,11676.0,,1291.0,778.0,,,,
30038101,167.0,167.0,,20.0,15.0,30.3,37.9,41.3,
30038103,145.0,145.0,,17.0,21.0,30.1,36.9,39.9,
30038669,8052.0,8052.0,,593.0,756.0,,,,
30038842,57328.3,57328.3,,4408.0,4643.0,,,,
30038852,4309.3,4309.3,,384.0,402.0,33.6,39.5,43.8,
30038855,1997.7,1997.7,,286.0,251.0,35.8,43.6,48.8,
30038863,2023.7,2023.7,,315.0,312.0,38.6,44.3,48.7,
30039159,151.0,151.0,,8.0,19.0,30.5,38.6,44.1,
30039432,1136.0,1136.0,,187.0,103.0,30.9,37.9,42.0,
30039456,2859.7,2859.7,,176.0,261.0,39.5,46.7,49.7,
30039478,11379.7,11379.7,,842.0,707.0,,,,
30039482,19238.7,19238.7,,1344.0,1531.0,,,,
30039606,4796.0,4796.0,,290.0,430.0,,,,
30040259,9767.0,10354.6,8298.0,552.0,968.0,53.3,59.6,64.7,
30040336,1599.0,1599.0,,124.0,171.0,32.4,42.5,48.1,
30040425,9966.0,9966.0,,450.0,938.0,,,,
30040838,670.7,670.7,,80.0,62.0,29.9,36.3,39.4,
30040979,17697.0,17697.0,,854.0,1386.0,,,,
30041477,883.4,881.0,889.5,63.0,69.0,28.6,34.1,37.7,
30042177,2365.0,2365.0,,169.0,201.0,,,,0.03
30042183,2096.3,2096.3,,100.0,252.0,23.9,31.9,34.7,
30042187,4225.3,4225.3,,294.0,395.0,,,,0.028
30042190,1960.0,1960.0,,86.0,238.0,24.4,32.4,35.0,
30042192,3822.3,3822.3,,227.0,466.0,32.1,39.6,44.5,
30042276,16996.0,16996.0,,1018.0,1225.0,47.7,56.1,61.9,
30042323,13441.7,13876.8,12354.0,933.0,1185.0,,,,
30042423,32452.3,32452.3,,3654.0,3073.0,,,,
30042683,1463.0,1463.0,,83.0,122.0,38.6,47.9,53.2,
30043226,1255.3,1255.3,,107.0,109.0,,,,
30043638,1095.7,1095.7,,89.0,91.0,28.7,37.4,42.8,
30043805,3620.3,3620.3,,283.0,256.0,,,,
30043811,1007.1,1066.0,860.0,58.0,85.0,,,,
30044054,18018.0,18635.0,16475.5,1737.0,1466.0,,,,
30044177,2930.5,2930.5,,243.0,268.0,37.6,46.4,51.9,
30044212,2161.0,2161.0,,193.0,183.0,41.7,49.1,54.3,
30044342,9564.3,9564.3,,606.0,949.0,,,,
30044441,18145.3,18145.3,,1549.0,1329.0,,,,
30044624,11875.0,11875.0,,689.0,1175.0,48.0,59.6,66.5,
30044636,6192.7,6192.7,,628.0,625.0,52.1,61.8,68.0,
30051990,17628.3,17628.3,,1204.0,1232.0,,,,
30052747,327.7,327.7,,31.0,36.0,22.5,30.0,34.2,
30052796,1068.0,1068.0,,147.0,119.0,35.0,43.7,48.1,
30053063,10205.7,10454.2,9584.5,646.0,839.0,,,,
30053129,16898.3,16898.3,,2068.0,1397.0,,,,
30053139,10830.0,10830.0,,1034.0,631.0,,,,
30053224,783.0,783.0,,26.0,68.0,40.9,49.2,54.6,
30053235,1352.0,1352.0,,98.0,138.0,45.1,57.9,67.2,
30053413,1079.0,1079.0,,230.0,127.0,39.4,48.4,53.5,
30053442,13660.5,13660.5,,1357.0,1380.0,45.4,56.9,64.7,
30053449,242.7,242.7,,22.0,22.0,32.5,41.1,47.8,
30053542,12749.0,12749.0,,1121.0,1152.0,44.5,54.9,64.4,
30054191,23906.3,23906.3,,1991.0,1915.0,,,,
30054901,1586.0,1586.0,,158.0,139.0,36.8,44.6,49.5,
30055120,2082.7,2082.7,,199.0,159.0,,,,
30055310,2108.0,2108.0,,188.0,193.0,46.1,53.7,58.7,
30055589,38788.0,38788.0,,2875.0,2988.0,63.6,72.3,78.7,
30055590,18111.7,18111.7,,1294.0,1588.0,,,,
30055872,4770.3,4770.3,,323.0,354.0,35.1,44.9,52.6,
30055884,4912.9,5206.2,4179.5,442.0,313.0,,,,0.054
30055887,9212.0,9212.0,,671.0,739.0,29.8,41.1,46.6,
30056202,19259.3,19259.3,,1636.0,1502.0,,,,
30056944,13407.0,13407.0,,1042.0,1234.0,,,,
30057002,7934.0,7934.0,,638.0,612.0,40.6,48.1,52.9,
30057153,11601.0,11601.0,,610.0,946.0,,,,
30057166,647.3,647.3,,77.0,58.0,25.4,33.2,38.0,
30057316,34644.7,34644.7,,2246.0,2285.0,,,,
30057696,8774.7,8774.7,,392.0,848.0,,,,
30057972,45824.7,45824.7,,2879.0,3419.0,,,,
30058051,677.0,677.0,,147.0,89.0,27.4,37.8,43.1,
30058169,2717.0,2717.0,,194.0,304.0,39.7,48.6,53.9,
30058197,1952.3,1952.3,,119.0,204.0,30.2,39.7,46.1,
30058206,2372.3,2372.3,,107.0,188.0,29.0,38.2,42.9,
30058561,379.0,379.0,,92.0,47.0,31.8,39.4,44.0,
30058626,41269.0,41269.0,,3213.0,3209.0,,,,
30058630,20776.7,20776.7,,1632.0,1707.0,,,,
30058789,2240.0,2240.0,,147.0,189.0,43.3,51.8,56.7,
30058815,18377.7,18956.4,16931.0,1413.0,1385.0,,,,
30058854,297.3,297.3,,38.0,29.0,35.5,44.3,49.2,
30058954,121.3,121.3,,12.0,11.0,26.1,33.9,38.3,
30058958,212.3,212.3,,20.0,21.0,28.2,37.4,42.0,
30058963,5556.1,6104.7,3910.5,373.0,525.0,,,,
30059209,2162.7,2162.7,,286.0,258.0,37.4,44.0,48.4,
30059256,8046.3,8046.3,,974.0,811.0,,,,
30059300,1450.0,1450.0,,171.0,179.0,36.1,43.0,47.4,
30059375,40009.3,40009.3,,3085.0,3311.0,,,,
30059486,433.7,433.7,,39.0,50.0,36.0,44.5,49.9,
30059524,1989.7,1989.7,,264.0,195.0,40.0,47.5,51.7,
30059640,1441.0,1441.0,,131.0,120.0,33.3,41.5,46.8,
30059702,1260.0,1260.0,,211.0,194.0,32.3,42.5,47.8,
30059706,1267.3,1267.3,,214.0,178.0,33.7,42.6,47.9,
30059747,1296.3,1312.8,1255.0,88.0,124.0,31.8,39.9,46.4,
30059767,1888.0,1888.0,,163.0,182.0,41.6,49.2,54.1,
30059782,6654.7,6654.7,,594.0,559.0,48.0,54.2,59.2,
30059784,6360.3,6360.3,,548.0,509.0,61.2,68.3,73.8,
30059892,2108.0,2108.0,,306.0,263.0,29.0,34.5,38.6,
30059919,1749.0,1749.0,,244.0,170.0,42.6,49.8,54.6,
30059921,1793.7,1793.7,,221.0,203.0,32.4,38.3,41.5,
30059933,18635.7,18635.7,,1640.0,1655.0,59.0,67.3,72.7,
30059936,8785.3,8785.3,,916.0,653.0,,,,
30059983,88.3,88.3,,16.0,18.0,17.9,26.8,28.9,
30059997,133.0,133.0,,11.0,12.0,26.5,38.4,44.6,
30060049,8.0,8.0,,3.0,2.0,,,,
30060149,2343.0,2343.0,,214.0,194.0,44.6,52.7,57.6,
30060480,22742.0,22742.0,,1703.0,1714.0,76.6,79.9,132.9,
30060533,16011.0,16011.0,,743.0,1515.0,,,,
30060591,223.0,223.0,,13.0,24.0,17.8,27.8,33.5,
30060762,1873.7,1873.7,,203.0,179.0,36.8,44.6,49.6,
30060868,6938.7,6938.7,,704.0,848.0,,,,
30060870,6938.7,6938.7,,704.0,848.0,,,,
30061072,3573.9,3816.6,2967.0,235.0,307.0,,,,
30061212,5052.7,5052.7,,425.0,540.0,41.4,48.9,53.6,
30061253,771.5,771.5,,97.0,85.0,33.6,43.0,48.2,
30061518,17324.3,17324.3,,749.0,1787.0,,,,
30061648,720.0,720.0,,74.0,82.0,30.9,38.7,42.9,
30062058,19502.7,19502.7,,1130.0,1223.0,,,,0.107
30062110,1614.3,1614.3,,116.0,136.0,35.8,42.5,44.9,
30062202,5246.0,5246.0,,612.0,538.0,37.4,46.8,53.0,
30062257,2781.0,2781.0,,354.0,289.0,43.0,49.5,54.3,
30062266,1735.0,1735.0,,265.0,152.0,44.3,52.3,57.7,
30062304,1460.3,1460.3,,134.0,117.0,40.3,48.1,53.0,
30062506,1437.7,1437.7,,118.0,125.0,39.1,46.5,49.8,
30062578,4077.0,4077.0,,333.0,370.0,44.6,52.5,58.0,
30062584,350.0,350.0,,33.0,39.0,36.5,48.1,56.4,
30062615,11210.7,11210.7,,946.0,889.0,,,,
30062620,16790.0,16790.0,,1242.0,1293.0,51.6,58.8,64.0,
30062621,9262.3,9262.3,,965.0,811.0,,,,
30062848,27006.7,27006.7,,1987.0,2272.0,,,,
30063121,14178.7,14178.7,,1717.0,769.0,,,,
30063257,8532.3,8532.3,,388.0,999.0,,,,
30063269,3656.0,3656.0,,321.0,295.0,,,,
30063330,1934.3,1934.3,,119.0,231.0,25.3,33.0,38.1,
30063351,18472.7,18472.7,,1208.0,1139.0,39.2,49.3,56.2,
30063418,786.0,786.0,,35.0,71.0,14.7,24.9,31.5,
30063747,225.0,225.0,,20.0,26.0,32.4,39.8,44.6,
30063812,2254.7,2254.7,,272.0,257.0,42.3,49.7,54.8,
30063877,3390.3,3390.3,,239.0,261.0,34.4,42.3,47.2,
30063882,3942.3,3942.3,,251.0,337.0,37.8,43.8,47.7,
30063895,22246.0,23717.2,18568.0,1596.0,1949.0,50.3,58.0,64.0,
30064110,4004.0,4004.0,,315.0,297.0,,,,
30064114,34471.7,34471.7,,2197.0,2070.0,,,,
30064186,3456.5,3456.5,,227.0,448.0,32.4,39.8,44.2,
30064505,19500.0,19500.0,,1057.0,1394.0,55.0,64.3,70.0,
30064524,5439.3,5439.3,,225.0,685.0,,,,
30064857,7480.3,7480.3,,923.0,844.0,,,,
30064914,965.3,965.3,,112.0,113.0,36.4,43.8,48.5,
30064920,43862.0,43862.0,,3037.0,3340.0,61.9,71.1,77.6,
30065224,2255.3,2255.3,,187.0,194.0,40.6,48.8,53.5,
30065363,1124.7,1124.7,,182.0,142.0,29.7,37.1,41.2,
30065364,1297.0,1297.0,,212.0,166.0,25.1,32.6,34.9,
30065393,1098.0,1098.0,,112.0,118.0,39.5,48.1,53.8,
30065488,9140.3,9140.3,,1065.0,594.0,,,,
30065648,7439.7,7439.7,,998.0,439.0,,,,
30065718,1213.7,1213.7,,87.0,137.0,34.8,43.8,48.5,
30065733,32059.0,32059.0,,3674.0,3375.0,,,,
30065926,11000.7,11866.6,8836.0,1175.0,975.0,,,,
30065980,7324.7,7324.7,,415.0,674.0,,,,
30066158,10412.0,10412.0,,1036.0,451.0,,,,
30066190,208.0,208.0,,39.0,32.0,31.9,43.3,48.7,
30066201,308.5,308.5,,29.0,34.0,33.1,39.8,44.6,
30066221,60.0,60.0,,9.0,12.0,16.7,26.4,29.1,
30066323,9219.7,9219.7,,778.0,782.0,,,,
30066340,10672.1,11087.8,9633.0,1121.0,946.0,,,,
30066497,14124.9,14503.2,13652.0,855.0,1507.0,,,,
30067030,5839.3,5839.3,,590.0,667.0,,,,
30067250,4475.7,4475.7,,499.0,405.0,,,,
30067839,8848.7,9175.5,8031.8,518.0,721.0,,,,0.116
30067840,17803.7,17803.7,,1610.0,1264.0,,,,
30067946,1212.7,1212.7,,131.0,88.0,,,,
30067952,23851.5,23851.5,,1801.0,1935.0,58.2,66.5,71.2,
30067955,2720.0,2720.0,,165.0,298.0,,,,
30067980,22783.0,22783.0,,1977.0,2069.0,62.3,69.6,74.9,
30067989,5165.0,5165.0,,297.0,434.0,30.7,37.3,39.9,
30068016,38268.7,38268.7,,2740.0,2635.0,,,,
30068176,11207.7,11207.7,,516.0,1081.0,,,,
30068182,772.5,772.5,,92.0,86.0,36.8,47.2,52.4,
30068192,590.0,590.0,,35.0,67.0,38.2,47.6,53.0,
30068206,6402.7,6402.7,,637.0,434.0,,,,
30068858,20668.7,20668.7,,1794.0,1980.0,45.4,53.2,58.3,
30069192,14338.3,14338.3,,1058.0,1029.0,,,,
30069222,692.7,692.7,,55.0,73.0,25.7,33.6,38.0,
30069252,4856.3,4856.3,,498.0,473.0,,,,
30069469,9387.0,9387.0,,785.0,660.0,,,,
30069553,6550.7,6550.7,,666.0,730.0,,,,
30069645,17026.0,17026.0,,1123.0,1372.0,,,,
30069648,1398.7,1398.7,,126.0,114.0,,,,
30069654,15984.3,15984.3,,1017.0,1190.0,,,,
30069669,15387.7,15387.7,,1136.0,1241.0,40.7,48.2,52.6,
30069857,2300.3,2300.3,,301.0,231.0,44.7,52.0,56.7,
30069986,3575.0,3575.0,,279.0,405.0,40.3,47.9,52.8,
30070009,3103.7,3103.7,,152.0,249.0,34.2,43.7,49.1,
30070013,2113.5,2159.5,2067.5,154.0,136.0,40.6,52.0,57.6,
30070016,1368.3,1368.3,,178.0,86.0,,,,
30071209,21619.7,21619.7,,1490.0,1707.0,,,,
30071257,3236.3,3236.3,,265.0,295.0,25.3,33.3,37.5,
30071474,3008.0,3008.0,,382.0,351.0,48.7,57.1,62.1,
30071590,654.3,654.3,,66.0,75.0,43.5,52.2,58.0,
30071758,2571.0,2727.0,2415.0,227.0,265.0,43.3,52.1,57.3,
30071767,586.0,586.0,,56.0,63.0,37.3,43.9,48.4,
30071848,23010.5,23010.5,,1745.0,2066.0,68.7,76.3,102.9,
30072607,732.0,732.0,,80.0,84.0,34.8,43.4,48.8,
30072609,687.0,687.0,,111.0,89.0,34.7,42.7,47.4,
30072777,1128.0,1128.0,,92.0,122.0,35.1,44.2,50.0,
30072826,4370.3,4370.3,,286.0,386.0,41.2,48.5,53.4,
30072984,6441.0,6441.0,,400.0,497.0,,,,
30073339,4600.7,4600.7,,245.0,482.0,33.3,41.1,44.9,
30073369,776.7,776.7,,44.0,62.0,22.3,32.1,36.5,
30073425,21933.7,21933.7,,1273.0,1697.0,49.9,58.3,64.2,
30073428,376.7,376.7,,19.0,48.0,31.6,42.6,48.8,
30073444,438.0,438.0,,53.0,39.0,38.6,48.0,52.4,
30073468,23734.0,23734.0,,1692.0,1833.0,,,,
30073536,353.0,353.0,,23.0,35.0,15.1,24.6,29.7,
30073545,14076.0,14726.0,12451.0,1112.0,996.0,62.6,72.2,78.2,
30073569,666.0,666.0,,106.0,69.0,36.8,45.0,49.9,
30073582,3568.0,3568.0,,389.0,398.0,40.5,48.6,53.8,
30073584,2491.0,2491.0,,283.0,227.0,45.4,54.4,60.0,
30073585,2024.0,2024.0,,241.0,189.0,36.4,43.5,49.1,
30073627,442.3,442.3,,39.0,51.0,39.6,48.3,53.1,
30073636,2165.0,2165.0,,188.0,215.0,41.7,49.1,53.8,
30073761,12997.0,12997.0,,834.0,896.0,,,,
30073840,18405.7,18405.7,,1481.0,1825.0,,,,
30073849,22841.3,22841.3,,1444.0,1771.0,,,,
30073850,23663.0,23663.0,,1260.0,1394.0,55.9,67.2,73.8,
30073868,246.0,246.0,,20.0,24.0,22.2,31.5,34.3,
30073902,14061.0,14061.0,,898.0,1364.0,,,,
30073908,36444.3,36444.3,,2593.0,2714.0,,,,
30073909,2923.0,2923.0,,228.0,270.0,,,,0.03
30073936,214.7,214.7,,12.0,19.0,28.7,39.3,44.7,
30073937,40548.0,40548.0,,2390.0,2916.0,,,,
30073938,195.5,195.5,,12.0,29.0,24.9,38.9,47.7,
30073946,3527.0,3527.0,,261.0,275.0,,,,
30073960,5311.0,5311.0,,384.0,343.0,,,,
30073968,15115.0,15115.0,,929.0,904.0,37.7,46.7,54.0,
30073984,701.3,701.3,,21.0,67.0,17.8,28.4,33.9,
30073991,13069.3,13702.4,11486.5,1006.0,1138.0,,,,
30073995,8093.0,8093.0,,495.0,612.0,34.8,43.6,48.5,
30074007,845.0,845.0,,78.0,69.0,38.7,46.4,49.9,
30074026,3731.7,3731.7,,276.0,378.0,45.5,53.5,58.6,
30074092,1187.3,1187.3,,221.0,92.0,24.9,32.5,34.4,
30074130,275.0,275.0,,22.0,28.0,11.2,17.6,23.3,
30074391,15535.0,16845.2,12259.5,1256.0,1338.0,,,,
30074468,1982.7,1982.7,,301.0,112.0,31.8,41.6,46.7,
30074478,10620.7,10620.7,,479.0,1123.0,,,,
30074541,13795.3,13795.3,,694.0,1141.0,,,,
30074578,167.0,167.0,,16.0,11.0,35.8,53.4,69.0,
30074631,879.0,879.0,,92.0,121.0,35.3,43.0,47.5,
30074729,9460.3,9460.3,,556.0,765.0,37.8,47.6,53.3,
30074733,4960.3,4960.3,,570.0,376.0,,,,
30075042,652.0,652.0,,92.0,74.0,33.2,43.4,49.8,
30075151,7090.3,7090.3,,514.0,458.0,,,,
30075775,10503.1,11285.0,8548.5,643.0,949.0,,,,
30075799,13871.3,13871.3,,1143.0,1175.0,,,,
30075861,2468.0,2468.0,,257.0,235.0,35.8,43.1,47.1,
30075863,18809.0,18809.0,,1698.0,1133.0,,,,
30075868,11366.0,11366.0,,1025.0,986.0,54.2,62.6,68.0,
30075875,2289.3,2289.3,,192.0,185.0,,,,
30075901,13131.7,13131.7,,1046.0,918.0,47.4,54.8,59.9,
30075913,544.0,544.0,,52.0,86.0,33.3,43.2,48.0,
30075914,1964.0,1964.0,,116.0,156.0,30.7,39.0,44.0,
30075964,1735.3,1735.3,,161.0,165.0,33.3,41.3,44.8,
30075981,6076.3,6076.3,,425.0,650.0,,,,
30075982,14299.3,15206.8,12030.5,1250.0,1300.0,,,,
30075985,2443.0,2443.0,,254.0,225.0,,,,
30075995,41767.7,41767.7,,2698.0,2774.0,,,,
30076001,914.0,914.0,,71.0,77.0,26.2,34.5,41.6,
30076006,874.0,874.0,,86.0,65.0,38.7,46.2,50.0,
30076029,11165.0,11165.0,,971.0,808.0,,,,
30076031,4659.0,4659.0,,385.0,363.0,30.2,42.0,47.7,
30076037,15422.7,15422.7,,1046.0,1026.0,,,,
30076088,2246.0,2246.0,,202.0,198.0,35.9,44.6,49.4,
30076089,4298.3,4298.3,,377.0,347.0,,,,
30076115,19748.3,19748.3,,1499.0,1497.0,,,,
30076400,233.0,233.0,,26.0,21.0,35.1,44.7,53.4,
30076504,7049.7,7049.7,,648.0,699.0,44.4,50.0,54.5,
30076534,207.3,207.3,,16.0,23.0,31.6,44.7,51.7,
30076716,2166.0,2166.0,,153.0,167.0,36.4,44.0,48.7,
30076788,21212.0,21212.0,,1380.0,1411.0,46.5,56.3,62.2,
30076791,1276.3,1276.3,,72.0,104.0,29.5,37.9,42.6,
30076797,6632.0,6632.0,,647.0,548.0,,,,
30076863,2331.3,2331.3,,158.0,156.0,,,,
30076866,940.7,940.7,,66.0,72.0,21.7,31.6,35.0,
30076943,1189.7,1189.7,,75.0,109.0,21.4,31.9,37.0,
30076945,10533.0,10533.0,,545.0,614.0,37.4,47.8,53.6,
30076951,586.0,586.0,,87.0,53.0,,,,
30077007,1705.0,1705.0,,148.0,166.0,34.6,42.7,47.6,
30077018,198.0,198.0,,17.0,31.0,30.9,41.6,47.3,
30077341,149.0,149.0,,11.0,15.0,19.8,29.3,33.0,
30077359,178.3,180.0,174.0,17.0,20.0,26.3,36.6,41.6,
30077398,3768.9,4112.0,2911.0,360.0,382.0,,,,
30077399,25.0,25.0,,3.0,7.0,12.9,21.9,24.0,
30077643,6283.3,6283.3,,553.0,552.0,,,,
30077880,1209.0,1209.0,,78.0,97.0,41.2,48.5,53.4,
30078035,14736.3,14736.3,,687.0,1307.0,,,,
30078040,221.0,221.0,,17.0,23.0,18.1,27.1,30.0,
30078376,5963.7,5963.7,,539.0,427.0,,,,
30078479,1024.0,1024.0,,89.0,83.0,,,,
30078723,4315.4,4451.6,3975.0,301.0,339.0,,,,
30078742,365.7,365.7,,30.0,40.0,30.3,38.8,44.2,
30078748,12117.0,12117.0,,587.0,1006.0,,,,
30078788,3166.6,3394.0,2598.0,392.0,240.0,43.3,49.7,54.1,
30078811,468.0,468.0,,64.0,49.0,28.7,38.1,42.7,
30078909,36992.3,36992.3,,2362.0,2483.0,63.9,73.2,79.1,
30079400,4381.3,4381.3,,251.0,308.0,,,,
30080311,20317.9,20858.4,18966.5,1508.0,1527.0,49.7,58.0,63.7,
30080481,4930.0,4930.0,,398.0,452.0,38.3,44.5,49.1,
30080542,602.3,602.3,,44.0,56.0,28.1,36.6,39.8,
30080554,4427.0,4648.5,3984.0,347.0,394.0,25.9,33.6,36.2,
30080647,3262.3,3262.3,,292.0,213.0,,,,
30081011,951.0,951.0,,87.0,78.0,27.8,37.7,42.3,
30081939,2212.0,2212.0,,215.0,132.0,30.7,37.6,41.8,
30081981,687.7,687.7,,69.0,66.0,40.3,47.4,51.7,
30082355,55.6,62.6,38.0,8.0,10.0,12.4,20.3,27.8,
30082712,877.3,877.3,,100.0,101.0,,,,
30082764,7352.0,7352.0,,686.0,780.0,32.8,39.4,43.8,
30083324,1777.7,1777.7,,119.0,124.0,35.8,44.4,49.3,
30083412,1073.0,1073.0,,83.0,92.0,38.2,48.9,54.9,
30084194,3938.7,3938.7,,570.0,522.0,40.0,47.7,52.2,
30084195,3595.7,3595.7,,598.0,519.0,39.7,47.1,51.7,
30085237,17911.3,17911.3,,1497.0,1332.0,,,,
30085272,513.0,513.0,,56.0,33.0,38.0,46.0,51.3,
30085273,477.0,477.0,,19.0,41.0,39.4,48.1,52.6,
30085275,843.0,843.0,,89.0,96.0,36.6,47.1,54.0,
30085278,1599.0,1599.0,,171.0,161.0,36.1,45.0,51.2,
30085793,16379.0,16379.0,,1296.0,1468.0,50.9,58.7,64.3,
30085820,22296.0,22296.0,,1956.0,2240.0,,,,
30086514,1222.7,1222.7,,89.0,108.0,41.1,48.4,53.7,
30086684,10910.6,11471.4,9508.5,607.0,1039.0,,,,
30087170,19246.7,19246.7,,1676.0,1490.0,,,,
30087997,1224.0,1224.0,,73.0,116.0,,,,0.195
30088251,1359.3,1359.3,,100.0,152.0,31.5,38.9,43.2,
30088393,8368.3,8368.3,,415.0,696.0,,,,
30088483,2328.3,2328.3,,142.0,203.0,28.6,37.3,41.5,
30088484,512.7,512.7,,77.0,60.0,32.3,39.1,43.7,
30088577,2044.3,2044.3,,132.0,175.0,27.7,36.4,39.8,
30089103,1993.0,1993.0,,86.0,247.0,41.4,49.3,53.6,
30089214,3798.3,3798.3,,279.0,341.0,26.7,37.1,39.8,
30089220,6071.0,6071.0,,492.0,566.0,43.6,52.4,58.5,
30089359,9455.3,9455.3,,782.0,833.0,,,,
30089364,31687.7,31687.7,,2054.0,2394.0,,,,
30089453,96.3,96.3,,9.0,10.0,33.0,39.6,43.4,
30089518,10638.3,10638.3,,539.0,665.0,42.0,49.6,54.4,
30089551,18854.0,18854.0,,1104.0,1516.0,,,,
30089898,8939.0,8939.0,,911.0,991.0,49.0,57.5,62.1,
30089911,10032.0,10032.0,,1045.0,1012.0,53.3,59.3,63.8,
30090015,3006.0,3006.0,,294.0,212.0,54.7,61.9,66.9,
30090074,5031.3,5031.3,,592.0,521.0,46.0,52.6,57.3,
30090088,4938.7,4938.7,,422.0,369.0,53.2,59.7,64.7,
30090089,5532.3,5532.3,,377.0,427.0,47.7,56.8,63.6,
30091371,3058.7,3058.7,,154.0,263.0,,,,0.088
30091375,2280.7,2280.7,,148.0,189.0,,,,0.095
30091481,7365.3,7365.3,,521.0,671.0,,,,
30091985,1525.0,1525.0,,136.0,147.0,39.5,47.9,53.0,
30092053,17193.3,17193.3,,1198.0,1793.0,,,,
30092082,3002.0,3002.0,,252.0,439.0,44.5,53.7,62.6,
30092085,1586.3,1586.3,,246.0,225.0,36.8,46.3,51.2,
30092193,11371.7,11371.7,,829.0,931.0,,,,
30092261,2954.0,2954.0,,161.0,258.0,44.5,52.7,58.1,
30092285,1494.7,1494.7,,87.0,130.0,28.5,33.6,34.9,
30092328,1761.3,1761.3,,155.0,181.0,37.2,44.3,49.3,
30092369,723.0,723.0,,97.0,82.0,31.5,38.9,43.4,
30092385,13299.0,13299.0,,920.0,1089.0,,,,
30092402,1369.7,1369.7,,201.0,125.0,,,,
30092432,37327.3,37327.3,,2982.0,2957.0,,,,
30092464,15255.3,15255.3,,1119.0,1338.0,,,,
30092489,1202.3,1202.3,,100.0,104.0,33.0,40.0,46.1,
30092625,352.0,352.0,,64.0,63.0,35.3,46.8,52.8,
30092860,2912.0,2912.0,,319.0,289.0,33.7,41.0,44.8,
30092951,758.5,758.5,,115.0,68.0,37.8,49.6,56.7,
30092972,6016.0,6016.0,,391.0,490.0,48.3,56.4,61.9,
30093012,765.0,765.0,,69.0,116.0,38.1,46.3,49.7,
30093015,592.0,592.0,,97.0,70.0,26.7,39.7,46.2,
30093091,1724.7,1724.7,,130.0,194.0,35.7,43.7,48.7,
30093146,3661.5,3661.5,,225.0,331.0,36.9,44.4,49.2,
30093309,14302.3,14302.3,,983.0,1185.0,,,,
30093361,19339.0,19339.0,,1368.0,1222.0,,,,
30093378,1155.0,1155.0,,79.0,99.0,37.8,46.9,52.2,
30093401,1226.0,1226.0,,91.0,118.0,46.3,62.9,72.8,
30093418,15246.3,15246.3,,1129.0,1298.0,,,,
30093433,870.3,870.3,,90.0,87.0,39.5,49.2,54.4,
30093436,1380.0,1380.0,,182.0,161.0,39.2,49.0,54.5,
30093437,1633.0,1633.0,,227.0,134.0,39.1,47.9,53.0,
30093481,5677.0,5677.0,,407.0,532.0,44.6,52.3,57.0,
30093500,1818.0,1818.0,,156.0,179.0,44.4,52.6,57.8,
30093578,8527.0,8527.0,,732.0,894.0,43.0,51.3,56.0,
30093617,1532.7,1532.7,,132.0,132.0,,,,
30093647,1395.0,1395.0,,208.0,124.0,45.1,52.9,58.1,
30093725,1552.0,1552.0,,124.0,142.0,,,,
30093808,3921.0,3921.0,,294.0,378.0,32.1,39.1,43.8,
30093851,549.0,549.0,,38.0,69.0,31.3,42.1,48.1,
30093857,6374.3,6374.3,,507.0,440.0,,,,
30093927,3118.5,3118.5,,302.0,281.0,42.9,49.7,54.7,
30093971,19650.3,19650.3,,1643.0,1736.0,,,,
30094042,294.3,294.3,,42.0,34.0,31.8,41.4,44.6,
30094090,9473.0,9473.0,,485.0,986.0,,,,
30094092,8172.7,8172.7,,294.0,1240.0,,,,
30094145,820.7,820.7,,73.0,94.0,44.7,51.7,56.0,
30094151,1739.8,1739.8,,152.0,169.0,32.9,39.3,43.9,
30094180,15279.1,15885.8,13762.5,1323.0,1002.0,,,,
30094206,641.7,641.7,,45.0,49.0,21.9,29.3,33.2,
30094209,654.3,654.3,,45.0,46.0,28.6,38.6,43.8,
30095146,20764.6,19375.4,24237.5,2161.0,1506.0,,,,
30095244,875.3,875.3,,62.0,73.0,35.2,44.2,49.2,
30095247,526.0,526.0,,60.0,70.0,30.6,38.4,43.9,
30095283,485.0,485.0,,33.0,80.0,27.0,37.7,43.0,
30095387,12329.0,12329.0,,763.0,1426.0,,,,
30095424,8500.3,8500.3,,576.0,818.0,,,,
30095427,39216.3,39216.3,,2854.0,2891.0,,,,
30095598,2136.0,2136.0,,167.0,193.0,41.4,49.4,54.8,
30095618,10383.4,10583.2,9884.0,660.0,758.0,43.9,49.8,54.6,
30095648,984.6,972.3,1034.0,72.0,94.0,41.1,49.9,56.4,
30095688,9526.3,9526.3,,1041.0,563.0,,,,
30095864,1735.0,1735.0,,238.0,204.0,47.9,56.2,59.9,
30095974,1543.7,1543.7,,193.0,145.0,35.4,45.0,51.0,
30096081,863.0,863.0,,101.0,82.0,42.7,53.2,59.0,
30096084,259.0,259.0,,25.0,29.0,36.6,47.9,52.5,
30096117,2237.9,2357.8,1938.0,163.0,184.0,25.5,33.3,37.9,
30096169,24485.7,24485.7,,1665.0,1918.0,46.1,54.6,60.0,
30096170,11401.3,12188.4,9433.5,797.0,870.0,,,,
30096198,6736.3,6736.3,,318.0,672.0,,,,
30096260,815.7,815.7,,174.0,121.0,30.0,38.0,42.2,
30096274,7916.7,7916.7,,986.0,846.0,,,,
30096279,2250.3,2194.5,2362.0,135.0,193.0,26.3,33.0,36.1,
30096310,2910.2,3015.5,2699.5,183.0,254.0,36.1,42.9,46.8,
30096417,1255.3,1255.3,,135.0,129.0,35.8,44.4,49.5,
30096465,7142.3,7142.3,,580.0,664.0,39.9,48.8,53.9,
30096480,3.0,3.0,,0.0,1.0,,,,
30096489,9034.7,8726.0,9806.5,550.0,578.0,35.7,45.0,51.5,
30096515,14739.7,14739.7,,718.0,1369.0,,,,
30096517,362.0,362.0,,27.0,32.0,26.0,34.2,38.2,
30096535,1112.5,1112.5,,96.0,106.0,31.5,39.7,44.4,
30096542,2696.7,2696.7,,254.0,199.0,,,,
30096580,9258.0,9258.0,,1277.0,756.0,,,,
30096653,55075.3,55075.3,,4241.0,3873.0,,,,
30096655,406.0,406.0,,23.0,47.0,16.9,26.9,29.6,
30096859,653.0,653.0,,74.0,59.0,41.4,49.0,53.7,
30097031,405.0,405.0,,31.0,32.0,38.8,48.0,53.0,
30097067,33550.0,33550.0,,2341.0,2732.0,,,,
30097069,6529.7,6529.7,,609.0,615.0,41.1,48.8,53.3,
30097140,5171.7,5171.7,,598.0,317.0,,,,
30097367,6674.0,6674.0,,460.0,568.0,44.1,51.7,56.3,
30097455,5580.0,5580.0,,590.0,536.0,39.7,47.5,52.2,
30097489,351.5,351.5,,31.0,37.0,29.8,37.2,41.3,
30097495,1198.5,1198.5,,75.0,125.0,25.6,33.2,37.4,
30097518,987.0,987.0,,152.0,89.0,41.3,49.3,54.7,
30097569,437.0,437.0,,32.0,47.0,39.0,49.7,63.4,
30097586,79.0,79.0,,11.0,9.0,16.9,27.6,32.6,
30097795,541.0,541.0,,111.0,77.0,32.9,42.6,47.7,
30097820,5398.7,5875.0,4208.0,531.0,474.0,,,,
30097830,5787.4,5902.0,5501.0,325.0,549.0,,,,
30097844,9507.7,9507.7,,598.0,419.0,37.0,48.3,54.0,
30097975,1001.7,1001.7,,87.0,100.0,31.0,39.7,46.1,
30097981,638.0,638.0,,63.0,64.0,30.2,39.7,51.5,
30097995,2774.0,2774.0,,249.0,246.0,37.2,43.4,47.4,
30098045,2534.0,2534.0,,320.0,236.0,32.8,42.1,46.1,
30098086,1386.0,1386.0,,71.0,188.0,,,,
30098161,34237.3,34237.3,,2499.0,3008.0,47.4,56.6,62.1,
30098250,15564.5,15564.5,,935.0,1093.0,45.1,53.8,59.1,
30098397,14047.7,14047.7,,1161.0,1129.0,,,,
30098408,241.0,241.0,,36.0,18.0,31.7,39.7,43.9,
30098556,206.3,206.3,,22.0,25.0,25.4,39.9,52.6,
30098693,2213.0,2213.0,,90.0,218.0,30.0,37.3,42.0,
30098875,1728.7,1728.7,,125.0,164.0,,,,
30098910,27662.0,27662.0,,2080.0,2227.0,,,,
30098918,15572.7,15572.7,,1112.0,1004.0,,,,
30098920,12777.0,12777.0,,705.0,883.0,,,,
30099146,12727.0,12727.0,,915.0,944.0,48.9,57.2,62.2,
30099333,22451.3,22451.3,,1774.0,1857.0,,,,
30099410,147.0,147.0,,13.0,13.0,31.6,46.3,51.8,
30099464,230.0,230.0,,22.0,23.0,25.7,33.9,38.1,
30099516,37048.0,37048.0,,2906.0,2839.0,52.7,59.7,64.8,
30099740,14017.7,14017.7,,1191.0,1281.0,,,,
30099851,12235.0,12235.0,,1092.0,1168.0,50.7,59.0,64.2,
30099972,600.7,600.7,,52.0,72.0,25.4,33.4,38.6,
30100004,815.0,815.0,,97.0,87.0,40.4,51.4,56.3,
30100005,1529.0,1529.0,,223.0,160.0,36.7,47.2,52.2,
30100064,15844.7,15844.7,,984.0,1183.0,,,,0.208
30100087,12911.3,12911.3,,1401.0,1269.0,,,,
30100157,5877.0,5877.0,,301.0,475.0,37.6,44.9,49.9,
30100206,1809.0,1809.0,,184.0,144.0,33.2,42.5,47.5,
30100304,3772.3,3772.3,,214.0,328.0,36.2,43.9,48.6,
30100319,578.0,578.0,,61.0,60.0,39.6,49.9,54.7,
30100415,4984.0,4984.0,,321.0,450.0,45.8,54.6,61.4,
30100525,1738.5,1738.5,,156.0,220.0,36.8,44.9,49.6,
30100553,949.3,949.3,,73.0,84.0,,,,
30100672,24741.0,24741.0,,1747.0,2040.0,,,,
30100850,6364.3,6364.3,,601.0,599.0,,,,
30100872,1324.0,1324.0,,130.0,159.0,44.7,53.0,58.6,
30100878,1241.3,1241.3,,149.0,122.0,42.0,49.2,54.3,
30100959,814.3,814.3,,39.0,85.0,38.3,47.9,53.2,
30101047,1192.3,1192.3,,54.0,112.0,27.7,34.4,38.9,
30101117,2527.3,2527.3,,224.0,215.0,42.2,49.2,54.2,
30101238,1020.7,1020.7,,77.0,161.0,33.8,42.0,44.9,
30101248,542.5,542.5,,127.0,98.0,38.3,47.1,50.0,
30101273,1203.0,1203.0,,83.0,108.0,33.4,42.0,44.9,
30101323,90.0,90.0,,10.0,8.0,30.3,42.4,47.7,
30101401,85.7,85.7,,6.0,10.0,16.6,26.8,31.9,
30101478,5635.0,5635.0,,403.0,45.0,38.7,51.3,68.5,
30101582,978.0,978.0,,141.0,82.0,40.7,47.2,52.5,
30101647,2273.0,2273.0,,228.0,217.0,33.2,41.3,44.8,
30101703,28162.0,28162.0,,1675.0,1973.0,50.0,59.3,64.5,
30101777,1276.8,1422.3,1058.5,108.0,123.0,33.6,43.6,48.8,
30101799,2160.0,2160.0,,255.0,205.0,41.0,48.5,53.3,
30101909,217.0,217.0,,32.0,24.0,29.0,37.7,41.5,
30102023,867.7,867.7,,50.0,72.0,,,,0.048
30102080,21912.0,21912.0,,1478.0,1641.0,,,,
30102187,7108.4,7108.4,,533.0,580.0,,,,0.193
30102452,218.0,218.0,,15.0,22.0,22.9,33.6,39.5,
30102486,614.0,614.0,,52.0,49.0,28.8,38.2,42.9,
30102548,12099.7,12099.7,,750.0,879.0,35.5,43.5,48.0,
30102596,411.7,411.7,,22.0,40.0,30.3,39.7,44.9,
30102651,131.0,131.0,,10.0,12.0,,,,0.069
30102681,3462.3,3462.3,,223.0,293.0,33.2,42.9,48.2,
30102813,1260.7,1260.7,,184.0,114.0,39.6,48.9,54.4,
30102887,15189.0,15189.0,,842.0,1184.0,,,,
30102889,994.5,994.5,,93.0,98.0,36.1,43.4,47.8,
30102895,2254.3,2254.3,,239.0,217.0,23.9,29.8,33.9,
30102962,1376.0,1376.0,,170.0,140.0,40.4,49.8,54.8,
30102966,1360.0,1360.0,,192.0,149.0,41.1,49.0,54.2,
30102991,1852.5,1852.5,,158.0,200.0,40.7,48.6,53.8,
30103011,9124.3,9124.3,,785.0,725.0,,,,
30103012,1039.0,1039.0,,67.0,104.0,,,,
30103015,1186.0,1186.0,,180.0,160.0,41.2,49.7,55.0,
30103057,6841.7,6841.7,,533.0,590.0,37.8,44.6,49.3,
30103061,1596.0,1596.0,,177.0,156.0,37.5,44.3,48.9,
30103105,12765.0,12765.0,,958.0,988.0,,,,
30103136,734.3,734.3,,44.0,66.0,36.4,44.5,49.3,
30103142,5732.0,5732.0,,785.0,648.0,42.6,49.2,53.9,
30103212,1212.3,1212.3,,179.0,142.0,37.4,44.2,48.8,
30103241,4778.3,4778.3,,611.0,491.0,,,,
30103624,5815.3,5815.3,,296.0,493.0,41.2,48.2,52.4,
30103635,7317.0,7317.0,,537.0,616.0,38.6,44.6,48.8,
30103638,6786.0,6786.0,,527.0,534.0,36.4,43.3,46.9,
30103669,14025.7,14025.7,,1339.0,1485.0,44.5,56.2,64.6,
30103781,443.0,443.0,,13.0,40.0,29.7,38.2,43.3,
30103830,58.5,58.5,,9.0,6.0,24.6,33.0,34.9,
30103836,1230.0,1230.0,,69.0,147.0,27.1,34.2,38.6,
30103865,5599.7,5599.7,,554.0,398.0,,,,
30103889,23128.7,23128.7,,1799.0,2049.0,,,,
30103924,3801.0,3801.0,,354.0,319.0,,,,
30103927,21930.3,21930.3,,1649.0,1656.0,,,,
30104079,251.0,251.0,,26.0,22.0,31.0,42.1,46.6,
30104101,249.7,249.7,,10.0,25.0,26.2,34.1,39.0,
30104137,2950.0,2950.0,,339.0,311.0,41.3,48.5,53.3,
30104319,14305.0,14305.0,,683.0,1366.0,,,,
30104379,2806.0,2806.0,,231.0,247.0,30.1,38.5,43.5,
30104382,6717.0,6717.0,,549.0,539.0,31.6,38.0,42.2,
30104447,369.3,369.3,,24.0,32.0,27.5,34.8,38.9,
30104486,8615.0,8615.0,,750.0,824.0,40.4,48.7,54.0,
30104507,1166.0,1166.0,,97.0,132.0,31.5,43.4,48.5,
30104574,6906.0,6906.0,,412.0,518.0,33.6,42.0,46.1,
30104588,2457.3,2457.3,,137.0,222.0,23.3,29.8,34.2,
30104621,216.3,216.3,,15.0,20.0,28.3,38.8,44.9,
30104668,489.0,489.0,,36.0,43.0,24.7,33.6,38.7,
30104745,4626.7,4626.7,,415.0,356.0,48.2,56.3,61.9,
30104774,494.0,494.0,,82.0,69.0,47.9,59.4,66.6,
30104879,3083.0,3083.0,,342.0,303.0,43.3,53.0,58.8,
30104923,18279.0,18279.0,,1270.0,1364.0,54.4,63.0,68.1,
30105073,19289.7,19289.7,,1659.0,1667.0,,,,
30105097,4426.0,4426.0,,498.0,385.0,42.7,49.6,54.6,
30105330,708.0,708.0,,52.0,64.0,22.6,32.0,34.5,
30105524,666.0,666.0,,40.0,72.0,40.8,48.9,54.2,
30105552,884.7,884.7,,38.0,73.0,,,,
30105582,2463.0,2463.0,,220.0,230.0,46.0,54.2,59.7,
30105614,2489.0,2489.0,,251.0,266.0,42.9,49.7,54.7,
30105658,1852.0,1852.0,,198.0,258.0,42.0,49.5,54.3,
30105663,2570.5,2570.5,,161.0,158.0,,,,
30105672,4282.0,4282.0,,311.0,372.0,,,,
30105686,360.0,360.0,,31.0,31.0,32.9,42.3,46.8,
30105718,244.0,244.0,,37.0,26.0,24.3,32.9,38.2,
30105743,4320.0,4320.0,,384.0,343.0,37.4,46.2,50.0,
30105871,3833.0,3833.0,,317.0,370.0,37.1,44.1,48.7,
30105899,13618.3,13618.3,,915.0,1268.0,56.4,64.0,69.5,
30105930,3433.0,3433.0,,236.0,268.0,,,,0.071
30106000,20851.0,20851.0,,1931.0,1593.0,,,,
30106017,617.0,617.0,,50.0,72.0,28.0,34.4,38.8,
30106222,16356.0,16356.0,,1051.0,1081.0,,,,
30106428,36106.3,36106.3,,2547.0,2748.0,63.7,71.8,77.9,
30106515,9674.0,9674.0,,657.0,868.0,,,,
30106629,1045.0,1045.0,,98.0,106.0,38.8,44.8,49.4,
30106666,3494.3,3494.3,,501.0,416.0,41.7,49.5,54.4,
30106789,903.0,903.0,,49.0,85.0,25.7,34.5,39.4,
30106845,8944.3,8944.3,,676.0,803.0,,,,
30106991,1497.0,1497.0,,137.0,134.0,36.2,48.3,57.2,
30107018,1020.0,1020.0,,112.0,95.0,37.7,44.7,49.7,
30107046,1420.0,1420.0,,93.0,126.0,40.3,49.1,54.4,
30107096,7711.3,7711.3,,673.0,492.0,,,,
30107503,4788.0,4788.0,,296.0,452.0,52.1,60.0,64.7,
30107530,4592.7,4592.7,,345.0,530.0,49.9,61.7,68.6,
30107577,12220.3,12220.3,,770.0,1352.0,,,,
30107607,24961.5,24961.5,,1556.0,1809.0,59.0,69.2,76.3,
30107763,1318.0,1318.0,,158.0,144.0,32.3,39.7,44.4,
30107815,8037.9,8064.8,7970.5,541.0,420.0,,,,
30107932,98.5,98.5,,8.0,15.0,33.1,42.2,47.1,
30107936,851.5,851.5,,147.0,105.0,40.2,49.1,54.6,
30108020,876.0,876.0,,69.0,100.0,41.4,49.1,54.0,
30108055,1662.0,1662.0,,151.0,203.0,39.4,47.6,52.7,
30108075,2178.3,2178.3,,170.0,161.0,,,,
30108163,1755.0,1968.7,1434.5,185.0,172.0,42.6,51.6,56.5,
30108220,704.0,704.0,,57.0,70.0,25.7,34.5,39.6,
30108288,511.0,511.0,,71.0,33.0,27.4,38.1,43.2,
30108297,1293.0,1293.0,,204.0,142.0,38.9,46.6,51.3,
30108313,1348.5,1348.5,,72.0,122.0,37.6,44.9,50.0,
30108548,767.5,767.5,,78.0,76.0,35.8,44.3,49.2,
30108579,22269.3,22269.3,,2053.0,1841.0,,,,
30108594,14980.0,14980.0,,1051.0,1220.0,45.2,52.9,58.0,
30108690,839.3,839.3,,69.0,91.0,33.5,39.8,44.7,
30108888,876.3,876.3,,90.0,88.0,,,,
30108898,13715.6,14320.8,12202.5,1014.0,1048.0,,,,
30108922,6395.3,6395.3,,554.0,503.0,,,,
30109002,5009.0,5009.0,,619.0,442.0,,,,
30109075,10884.3,10884.3,,915.0,1205.0,,,,
30109123,6533.0,6533.0,,435.0,547.0,36.9,44.1,48.9,
30109139,1144.3,1144.3,,78.0,136.0,31.1,39.0,44.1,
30109243,7095.3,7095.3,,446.0,522.0,,,,
30109377,236.0,236.0,,29.0,30.0,33.8,39.9,44.0,
30109380,2031.0,2031.0,,199.0,53.0,27.8,29.1,43.9,
30109381,812.0,812.0,,76.0,103.0,38.8,44.9,51.3,
30109473,746.7,746.7,,70.0,89.0,27.8,37.3,42.7,
30110004,36561.0,36561.0,,2343.0,2583.0,58.3,68.6,74.5,
30110128,16174.3,16174.3,,1259.0,1549.0,,,,
30110293,224.0,224.0,,18.0,21.0,16.9,27.5,36.1,
30110348,13232.0,13232.0,,936.0,914.0,34.2,44.0,49.4,
30110625,1343.7,1343.7,,81.0,177.0,25.8,33.3,34.7,
30111633,3434.7,3434.7,,200.0,299.0,25.5,32.1,34.5,
30111686,1517.0,1517.0,,131.0,142.0,30.9,39.2,44.2,
30111711,8502.7,8502.7,,376.0,1010.0,,,,
30111765,2323.0,2323.0,,199.0,249.0,41.2,53.9,59.5,
30111766,2591.0,2591.0,,222.0,288.0,41.6,52.7,58.2,
30111786,8387.0,8387.0,,501.0,572.0,33.5,41.6,46.2,
30111850,337.0,337.0,,32.0,31.0,41.9,52.0,57.9,
30113186,3762.0,3762.0,,240.0,293.0,34.1,42.6,47.8,
30113187,3188.0,3188.0,,199.0,258.0,35.8,43.7,48.8,
30113189,2189.3,2189.3,,171.0,185.0,34.3,42.5,47.2,
30113190,3079.0,3079.0,,216.0,246.0,31.6,39.8,44.8,
30113436,1444.0,1444.0,,121.0,148.0,35.5,42.6,47.1,
30113585,2720.0,2720.0,,165.0,298.0,,,,
30113636,16688.1,16966.8,16223.7,991.0,1476.0,,,,
30114010,11874.7,11874.7,,715.0,880.0,64.0,69.9,76.4,
30114611,28839.3,28839.3,,2581.0,2206.0,,,,
30114853,4590.3,4590.3,,375.0,342.0,28.7,39.1,44.4,
30115051,255.3,255.3,,23.0,27.0,15.4,24.7,29.6,
30115388,5283.0,5283.0,,272.0,525.0,,,,
30115595,2095.0,2095.0,,227.0,200.0,40.6,48.5,53.5,
30115734,1455.3,1455.3,,41.0,280.0,,,,
30116000,1275.0,1275.0,,106.0,109.0,28.7,41.1,47.8,
30117389,16092.5,16092.5,,720.0,1363.0,48.3,56.3,59.9,
30117520,13052.7,13052.7,,807.0,1269.0,,,,
30117662,22743.0,22743.0,,1573.0,1756.0,56.0,66.9,73.0,
30117820,3225.0,3225.0,,441.0,256.0,45.4,54.7,59.7,
30117921,4058.7,4058.7,,401.0,327.0,,,,
30118195,24212.3,24563.5,23510.0,1516.0,1501.0,44.8,54.7,61.6,
30118210,1875.0,1875.0,,224.0,240.0,41.1,51.3,56.8,
30118219,1383.0,1431.6,1261.5,130.0,141.0,33.1,39.0,42.9,
30118231,7824.5,7824.5,,740.0,828.0,30.3,35.0,39.2,
30118242,3540.0,3540.0,,357.0,373.0,37.7,46.8,50.0,
30118261,1121.0,1121.0,,89.0,96.0,33.6,42.3,47.1,
30118372,8987.3,8987.3,,816.0,833.0,43.2,50.0,56.1,
30118439,2397.9,2505.0,2130.0,180.0,242.0,40.9,49.1,54.2,
30118460,803.5,803.5,,149.0,104.0,40.5,49.2,54.2,
30118478,4282.3,4282.3,,322.0,346.0,35.3,41.9,44.9,
30118750,3377.3,3377.3,,421.0,266.0,37.2,44.2,49.0,
30118756,14787.3,14932.4,14424.5,797.0,1026.0,48.4,54.9,61.3,
30118878,8366.3,8366.3,,529.0,666.0,47.8,54.9,59.9,
30118894,1000.0,1000.0,,57.0,87.0,38.7,46.4,49.9,
30119141,6388.0,6388.0,,671.0,551.0,,,,
30119212,904.7,904.7,,61.0,102.0,29.9,38.6,43.7,
30119251,564.5,564.5,,32.0,55.0,27.0,34.9,39.6,
30119507,13607.6,14078.4,12430.5,846.0,1297.0,,,,
30119587,24225.7,24225.7,,1660.0,1778.0,,,,
30119626,4502.7,4502.7,,303.0,358.0,40.4,47.5,52.1,
30119699,14399.3,14399.3,,1583.0,1069.0,,,,
30119744,363.0,363.0,,19.0,42.0,33.2,42.9,47.9,
30119750,2629.0,2629.0,,280.0,318.0,41.9,49.4,54.4,
30119914,489.0,489.0,,19.0,68.0,19.5,26.8,29.5,
30119927,18036.0,18036.0,,1117.0,1169.0,31.2,34.7,38.3,
30119951,944.0,944.0,,133.0,122.0,37.6,46.2,49.5,
30120067,11199.7,11199.7,,666.0,697.0,35.9,44.9,49.9,
30120086,825.0,825.0,,111.0,94.0,39.3,46.5,49.4,
30120090,1403.0,1403.0,,148.0,123.0,44.8,54.3,59.7,
30120135,8033.7,8033.7,,604.0,695.0,,,,
30120237,680.0,680.0,,47.0,83.0,33.8,42.0,46.6,
30120463,16134.0,16134.0,,1042.0,1270.0,,,,
30120545,9991.3,9991.3,,835.0,843.0,,,,
30120867,516.7,636.2,218.0,47.0,44.0,,,,0.405
30121150,2908.7,2908.7,,310.0,273.0,34.4,44.4,51.3,
30121301,64750.0,64750.0,,5354.0,5855.0,57.3,65.0,70.0,
30121399,883.7,883.7,,99.0,76.0,,,,
30121440,4624.6,4975.6,3747.0,357.0,444.0,,,,
30121449,16080.0,16080.0,,1264.0,1290.0,,,,
30121450,44350.7,44350.7,,3161.0,3701.0,,,,
30121639,23002.3,23002.3,,1544.0,1905.0,,,,
30121646,8333.7,8333.7,,789.0,675.0,,,,
30121660,1234.7,1234.7,,85.0,98.0,,,,
30121661,1252.3,1252.3,,92.0,106.0,,,,
30121663,1119.0,1119.0,,130.0,96.0,,,,
30122135,118.0,118.0,,11.0,16.0,10.0,16.3,18.1,
30122712,26774.5,26774.5,,2012.0,2209.0,56.8,64.9,71.6,
30123079,2821.0,2821.0,,301.0,233.0,,,,
30123529,2923.7,2923.7,,339.0,257.0,29.8,41.5,47.8,
30123710,1448.0,1448.0,,141.0,158.0,42.1,49.7,54.6,
30123774,5165.7,5165.7,,374.0,431.0,47.4,54.0,58.9,
30124301,22931.0,22931.0,,1486.0,2111.0,,,,
30124419,20642.0,20642.0,,1117.0,1381.0,43.8,54.8,62.6,
30124442,8852.0,8852.0,,705.0,838.0,,,,
30124731,2780.0,2780.0,,166.0,244.0,30.9,41.5,46.5,
30124745,925.0,925.0,,135.0,103.0,45.1,54.7,59.7,
30124955,270.0,270.0,,20.0,29.0,35.5,47.2,52.9,
30124970,1157.0,1157.0,,129.0,132.0,28.8,37.4,41.7,
30125351,39878.0,39878.0,,4018.0,4076.0,,,,
30125375,1906.0,1906.0,,376.0,157.0,50.9,59.5,64.6,
30125934,8123.0,8123.0,,384.0,766.0,,,,
30126052,38081.7,38081.7,,2285.0,2601.0,,,,
30126207,351.0,351.0,,62.0,37.0,31.8,39.6,46.8,
30126208,270.0,270.0,,32.0,36.0,25.8,34.9,40.0,
30126289,5638.7,5638.7,,469.0,474.0,,,,
30126292,14998.7,14998.7,,802.0,1274.0,,,,
30126336,980.3,980.3,,78.0,75.0,25.5,34.0,38.7,
30126652,3213.3,3213.3,,294.0,335.0,,,,0.042
30126666,1742.5,1742.5,,195.0,173.0,36.4,43.9,48.2,
30126688,7051.1,7582.4,5723.0,980.0,453.0,,,,
30126867,38714.7,38714.7,,3592.0,3722.0,,,,
30126898,9221.0,9221.0,,828.0,776.0,29.7,39.4,44.8,
30127036,18056.0,18056.0,,1288.0,1302.0,,,,
30127295,360.0,360.0,,46.0,44.0,28.5,39.2,44.8,
30127531,10072.7,9944.2,10394.0,737.0,736.0,,,,
30127532,50635.3,50635.3,,3414.0,3592.0,,,,
30127656,626.5,626.5,,53.0,59.0,37.2,48.0,53.6,
30127691,230.3,230.3,,18.0,17.0,27.7,34.4,38.6,
30127833,7170.0,7170.0,,403.0,607.0,44.2,52.9,58.4,
30127867,1489.0,1489.0,,124.0,160.0,35.1,44.8,49.2,
30127983,2781.3,2781.3,,217.0,307.0,,,,
30128023,22946.0,22946.0,,2292.0,1884.0,,,,
30128897,3057.0,3057.0,,327.0,419.0,29.1,36.3,39.9,
30128942,203.0,203.0,,17.0,21.0,24.2,33.2,38.1,
30129124,6675.3,6675.3,,462.0,556.0,,,,
30129157,1391.0,1391.0,,101.0,117.0,27.2,36.1,39.7,
30129159,842.0,842.0,,36.0,95.0,32.9,42.1,47.1,
30129453,7735.0,7735.0,,692.0,446.0,,,,
30130151,1463.0,1463.0,,204.0,170.0,35.4,42.4,47.0,
30130211,4623.7,4623.7,,337.0,419.0,,,,
30130622,1116.7,1116.7,,118.0,104.0,34.1,41.6,44.6,
30130649,371.0,371.0,,28.0,26.0,31.1,40.0,44.7,
30131062,1472.0,1472.0,,128.0,184.0,29.1,34.5,39.0,
30131519,435.0,435.0,,41.0,36.0,35.5,46.8,52.4,
30131538,929.7,929.7,,72.0,68.0,38.1,47.9,52.9,
30131770,96.0,96.0,,8.0,15.0,23.1,34.0,39.6,
30131926,2576.0,2576.0,,183.0,349.0,35.7,42.5,46.6,
30131951,2730.3,2730.3,,184.0,328.0,28.7,37.6,42.0,
30131954,2249.0,2249.0,,128.0,263.0,26.1,33.4,37.0,
30131966,20798.3,20798.3,,1448.0,1782.0,,,,
30132041,802.7,802.7,,58.0,96.0,35.5,46.0,49.9,
30132125,11852.0,11852.0,,1264.0,1160.0,48.7,57.3,63.0,
30132156,354.0,354.0,,24.0,31.0,36.6,46.9,51.8,
30132213,1154.0,1154.0,,62.0,132.0,34.2,43.7,48.9,
30132436,572.0,572.0,,27.0,83.0,42.2,48.9,54.1,
30132723,3404.0,3404.0,,323.0,317.0,,,,
30133479,1660.0,1660.0,,140.0,165.0,42.1,51.1,54.5,
30133566,39030.0,39030.0,,2956.0,3225.0,,,,
30133596,26935.3,26935.3,,1666.0,1824.0,,,,
30133733,1325.3,1325.3,,72.0,118.0,26.5,34.0,38.2,
30133736,2319.0,2319.0,,242.0,283.0,,,,
30133850,5522.7,5522.7,,453.0,595.0,,,,
30133879,6452.0,6452.0,,655.0,611.0,53.9,62.9,68.6,
30134174,281.3,281.3,,24.0,30.0,30.0,41.1,47.2,
30134187,414.0,414.0,,27.0,48.0,32.2,41.5,44.8,
30134320,6087.0,6087.0,,599.0,702.0,,,,
30134522,4525.0,4525.0,,255.0,333.0,,,,
30134525,2110.3,2110.3,,249.0,143.0,,,,
30134604,37760.0,37760.0,,2856.0,3152.0,,,,
30134638,9121.3,9121.3,,774.0,814.0,45.1,52.5,57.2,
30134669,6917.7,6917.7,,397.0,507.0,34.3,40.0,44.5,
30134812,25444.7,25444.7,,1601.0,1730.0,,,,
30134870,4376.6,4406.2,4302.5,209.0,253.0,30.3,38.6,43.8,
30135078,16139.7,16139.7,,979.0,1449.0,,,,
30135103,11177.3,11177.3,,1149.0,771.0,,,,
30135140,2679.0,2679.0,,197.0,249.0,25.1,29.9,34.0,
30135145,4925.0,4925.0,,332.0,409.0,24.9,32.6,34.4,
30135146,3048.0,3048.0,,211.0,245.0,21.5,29.4,34.2,
30135292,605.3,605.3,,59.0,66.0,26.4,36.3,41.4,
30135395,39009.7,39009.7,,3307.0,3580.0,,,,
30135447,19980.1,22308.6,14159.0,2232.0,1845.0,,,,
30135792,556.0,556.0,,48.0,55.0,40.3,49.3,54.5,
30135820,393.0,393.0,,30.0,62.0,30.6,37.9,40.0,
30135837,957.0,957.0,,67.0,84.0,22.9,29.3,34.5,
30136060,26900.3,26900.3,,2166.0,2402.0,,,,
30136081,24482.7,24482.7,,1778.0,1817.0,,,,
30136093,8068.0,8815.6,6199.0,839.0,979.0,,,,
30136308,571.7,571.7,,66.0,62.0,26.3,34.4,39.2,
30136391,2580.0,2580.0,,242.0,381.0,24.1,31.9,34.8,
30136426,3151.0,3168.5,3116.0,449.0,223.0,36.7,43.9,48.8,
30136427,3231.0,3231.0,,260.0,390.0,37.0,43.6,48.3,
30136428,3094.0,3094.0,,441.0,210.0,32.9,38.5,42.8,
30136532,3668.6,4036.6,2748.5,377.0,370.0,53.2,62.5,68.7,
30136558,1451.7,1451.7,,177.0,85.0,,,,
30136744,14506.3,14506.3,,1361.0,895.0,,,,
30136767,21824.0,21824.0,,2004.0,1923.0,,,,
30136814,1146.3,1100.5,1238.0,55.0,107.0,26.8,34.6,39.4,
30136860,539.0,539.0,,71.0,60.0,31.6,43.0,48.3,
30136882,10316.3,10316.3,,987.0,738.0,,,,
30136959,4370.0,4370.0,,363.0,422.0,35.0,42.8,47.1,
30136981,321.0,321.0,,29.0,25.0,30.2,39.8,46.2,
30137441,2633.7,2633.7,,101.0,509.0,,,,
30137692,6351.7,6351.7,,403.0,642.0,,,,
30137694,10774.0,10774.0,,763.0,887.0,,,,
30137869,4072.0,4072.0,,322.0,70.0,34.0,46.7,61.1,
30138148,1564.7,1564.7,,134.0,162.0,30.9,41.3,46.5,
30138278,208.0,208.0,,20.0,22.0,22.7,31.0,34.1,
30138348,16185.3,16185.3,,870.0,1087.0,,,,
30138428,905.7,905.7,,125.0,96.0,,,,
30138430,573.0,573.0,,31.0,43.0,41.3,51.8,56.1,
30138453,584.0,584.0,,33.0,59.0,40.6,51.2,56.4,
30138953,737.3,737.3,,81.0,71.0,38.6,48.0,54.2,
30138972,22107.0,22107.0,,876.0,2162.0,,,,
30139132,17417.0,17417.0,,1395.0,1071.0,59.5,67.5,72.6,
30139432,6767.3,6556.6,7294.0,726.0,336.0,,,,
30139456,12357.0,12357.0,,792.0,769.0,,,,
30139500,1245.5,1245.5,,96.0,144.0,38.6,47.0,52.1,
30139501,2731.5,2731.5,,150.0,279.0,42.4,49.5,54.7,
30139548,5945.7,5945.7,,517.0,375.0,,,,
30139576,6601.0,6601.0,,602.0,448.0,,,,
30139646,2811.7,2811.7,,248.0,283.0,22.0,28.8,32.3,
30139672,502.5,502.5,,52.0,56.0,27.8,37.0,39.7,
30139922,421.0,421.0,,35.0,45.0,42.7,52.9,59.1,
30140708,3446.7,3446.7,,258.0,278.0,32.9,39.4,43.7,
30141096,1391.3,1391.3,,109.0,137.0,37.4,46.7,49.9,
30141191,598.3,598.3,,56.0,62.0,29.4,36.7,41.1,
30141361,4899.0,4899.0,,487.0,402.0,41.5,48.4,53.2,
30141699,3785.3,3785.3,,373.0,290.0,,,,
30141791,1366.0,1366.0,,169.0,113.0,,,,
30141844,13861.0,13861.0,,984.0,1238.0,,,,
30141966,17804.3,17804.3,,1135.0,1416.0,44.0,52.9,58.2,
30142502,2543.0,2543.0,,247.0,240.0,30.8,36.6,39.7,
30142869,13280.3,13280.3,,741.0,840.0,44.5,52.4,57.1,
30142891,796.0,796.0,,40.0,83.0,,,,
30142898,1969.0,1969.0,,209.0,175.0,32.6,41.3,44.8,
30142945,2596.0,2596.0,,204.0,219.0,,,,
30142962,13011.7,13011.7,,1097.0,1001.0,,,,
30143155,380.7,380.7,,36.0,39.0,26.4,34.9,39.2,
30143175,26417.3,26417.3,,1879.0,2027.0,,,,
30143178,16002.4,16695.6,14269.5,946.0,1536.0,,,,
30143241,4450.3,4450.3,,427.0,318.0,,,,
30143625,8729.5,8729.5,,570.0,656.0,45.3,53.8,59.3,
30144269,56.3,56.3,,4.0,6.0,18.0,27.9,33.6,
30144287,18037.0,19085.8,15415.0,1133.0,1309.0,,,,0.128
30144371,8825.3,8825.3,,660.0,763.0,,,,
30144597,776.3,776.3,,77.0,88.0,36.1,46.1,52.3,
30144711,182.0,182.0,,14.0,19.0,31.8,39.7,44.3,
30144760,467.0,467.0,,28.0,44.0,38.3,48.7,54.6,
30144820,14037.3,14037.3,,605.0,1367.0,,,,
30145418,11276.7,11276.7,,645.0,957.0,,,,
30145508,2881.3,2881.3,,197.0,312.0,31.5,36.2,39.1,
30145682,1393.0,1393.0,,123.0,127.0,37.7,48.7,54.0,
30145697,3067.7,3067.7,,307.0,287.0,39.3,48.3,53.3,
30145753,1041.7,1041.7,,100.0,108.0,33.2,41.1,46.2,
30145777,20603.0,20603.0,,1310.0,1224.0,,,,0.1
30145805,18056.1,19104.0,15436.5,1370.0,1909.0,,,,
30145837,1416.5,1416.5,,123.0,150.0,27.8,34.7,39.5,
30145850,15851.4,16584.0,14630.3,773.0,1667.0,,,,
30145906,5292.7,5292.7,,331.0,538.0,,,,
30145907,7496.3,8213.0,5704.5,571.0,705.0,,,,
30146417,1181.5,1181.5,,96.0,111.0,36.1,44.1,49.0,
30146461,533.7,533.7,,100.0,73.0,34.1,43.9,48.9,
30146481,29497.0,29497.0,,2470.0,2350.0,,,,
30146484,20766.0,20766.0,,1561.0,1505.0,58.5,69.3,76.9,
30146599,1887.3,1887.3,,160.0,156.0,43.6,52.9,58.1,
30146804,1654.7,1654.7,,109.0,119.0,28.1,36.6,40.0,
30146982,20029.6,20102.6,19847.0,1111.0,1293.0,42.2,48.9,53.6,
30146984,20633.0,20633.0,,1255.0,1405.0,45.7,54.4,59.8,
30147380,1082.0,1082.0,,100.0,108.0,40.7,48.5,53.8,
30147381,1062.0,1062.0,,129.0,104.0,44.5,53.5,59.0,
30147745,1555.0,1555.0,,96.0,152.0,42.6,51.7,56.7,
30147855,2353.1,2750.8,1359.0,174.0,412.0,31.0,41.1,46.6,
30147926,1667.5,1667.5,,122.0,177.0,33.4,41.7,44.9,
30148348,1271.8,1271.8,,203.0,100.0,,,,0.071
30148376,273.7,273.7,,19.0,27.0,27.2,37.0,41.9,
30148387,9622.0,10367.4,7758.5,938.0,860.0,,,,
30148601,948.0,948.0,,77.0,108.0,35.8,43.5,48.1,
30148797,13444.0,13444.0,,1007.0,1136.0,,,,
30149034,4503.7,4503.7,,459.0,381.0,,,,
30149064,2998.7,2998.7,,148.0,289.0,,,,
30150625,653.3,653.3,,85.0,75.0,30.6,39.1,44.3,
30150949,3061.3,3061.3,,281.0,255.0,26.5,33.4,37.0,
30151195,1155.0,1155.0,,148.0,163.0,37.2,43.7,47.9,
30151503,89.0,89.0,,8.0,12.0,27.4,37.5,43.6,
30151845,9.0,9.0,,1.0,1.0,21.3,28.2,29.4,
30152271,1256.7,1256.7,,169.0,124.0,23.5,29.8,34.0,
30152740,21323.9,21449.6,21009.5,1239.0,1623.0,,,,
30153606,29276.7,29276.7,,2509.0,2002.0,,,,
30153608,16404.7,16404.7,,1393.0,1421.0,,,,
30153735,3077.0,3077.0,,368.0,339.0,27.1,34.1,38.4,
30154165,6317.0,6317.0,,641.0,341.0,,,,
30154178,25180.0,25180.0,,1996.0,1356.0,,,,
30154379,870.0,870.0,,66.0,83.0,21.7,29.9,34.8,
30155159,17179.0,17179.0,,1355.0,1031.0,59.6,67.6,72.8,
30155267,13887.2,14179.0,13109.0,1538.0,1034.0,,,,
30155269,599.7,599.7,,52.0,49.0,42.7,58.5,69.3,
30156748,11151.4,11381.4,10576.5,697.0,734.0,40.1,47.6,51.8,
30157998,2490.0,2490.0,,250.0,380.0,38.8,44.9,49.3,
30157999,2659.0,2659.0,,287.0,405.0,35.6,42.6,46.6,
30158769,2225.3,2225.3,,233.0,200.0,,,,
60000049,30432.0,30432.0,,4603.0,2735.0,,,,
60000212,18935.7,19960.2,16374.5,1595.0,1544.0,,,,
60000256,4712.0,4712.0,,237.0,453.0,42.6,49.6,56.4,
60000275,299.0,299.0,,29.0,31.0,30.3,39.3,44.0,
60000288,818.7,818.7,,125.0,91.0,30.4,39.9,47.0,
60000559,854.4,929.8,666.0,232.0,63.0,,,,
60001246,5076.7,5076.7,,367.0,430.0,,,,
60001293,13999.7,13999.7,,669.0,1365.0,,,,
60001522,3301.7,3301.7,,218.0,209.0,13.7,23.0,28.5,
60001537,21727.3,21727.3,,1450.0,2056.0,,,,
60001565,1991.0,1991.0,,221.0,179.0,52.8,58.7,63.4,
60001581,36096.3,36096.3,,3079.0,3000.0,,,,
60001610,23422.0,23422.0,,1996.0,1979.0,,,,
60001794,11056.3,11056.3,,859.0,785.0,35.0,43.2,47.8,
60001867,50.0,50.0,,6.0,5.0,21.2,32.7,38.0,
60002151,3433.3,3433.3,,254.0,291.0,34.8,43.9,49.1,
60002296,1707.7,1707.7,,109.0,216.0,33.6,41.5,46.1,
60002313,1075.0,1075.0,,114.0,109.0,44.0,53.4,58.9,
60002520,9892.3,9892.3,,524.0,1095.0,,,,
60002565,5675.0,5675.0,,493.0,398.0,45.1,52.6,57.8,
60002593,15744.5,15744.5,,998.0,1029.0,69.6,77.2,107.7,
60002910,3867.7,3867.7,,361.0,514.0,46.2,53.7,58.7,
60003363,30476.5,30476.5,,2101.0,2288.0,77.1,83.9,134.6,
60003511,21693.0,21693.0,,1571.0,2055.0,,,,
60003840,17629.3,17629.3,,1855.0,1121.0,117.8,147.5,155.8,
60004320,38483.7,38483.7,,2851.0,2973.0,,,,
60004940,12996.7,12996.7,,683.0,989.0,50.9,59.3,64.7,
60004957,3787.5,3787.5,,196.0,290.0,48.4,57.4,63.2,
60004992,2054.5,2054.5,,213.0,193.0,36.3,44.7,51.1,
60005935,9082.0,9082.0,,573.0,800.0,,,,
60006249,992.0,992.0,,58.0,96.0,38.2,51.2,57.7,
60006264,12206.6,13073.4,10039.5,1090.0,1094.0,,,,
60006609,22518.0,22518.0,,1793.0,1915.0,62.5,69.7,76.0,
60006639,10253.0,10253.0,,550.0,1134.0,,,,
60007131,1739.0,1739.0,,133.0,177.0,30.7,42.4,48.1,
60007572,83.3,83.3,,9.0,9.0,13.5,22.1,28.0,
60007718,125.3,125.3,,12.0,23.0,20.6,31.9,36.6,
60007770,15923.7,15923.7,,880.0,1186.0,50.4,57.9,62.9,
60007783,7477.7,7477.7,,527.0,658.0,51.2,59.2,64.2,
60007813,9590.0,9590.0,,942.0,758.0,,,,
60007989,1301.0,1301.0,,188.0,107.0,24.3,32.9,37.2,
60008176,1252.0,1252.0,,122.0,120.0,30.2,38.0,42.3,
60008214,20171.0,20171.0,,1566.0,1608.0,,,,
60008259,41102.0,41102.0,,3119.0,3158.0,,,,
60008277,15844.0,15844.0,,983.0,1437.0,,,,
60008292,21364.6,22481.4,18572.5,1983.0,1497.0,,,,
60008335,8949.7,8949.7,,610.0,720.0,39.6,44.5,48.8,
60008374,158.0,158.0,,11.0,14.0,21.6,29.8,34.4,
60008387,1919.0,1919.0,,194.0,201.0,32.0,42.1,46.5,
60008413,42717.0,42717.0,,2625.0,2901.0,,,,
60008426,15710.0,15710.0,,1085.0,1185.0,,,,
60008454,23199.3,23629.8,22123.0,1592.0,1359.0,,,,
60008472,42346.7,42346.7,,3696.0,3662.0,,,,
60008778,34927.7,34927.7,,3559.0,3491.0,,,,
60008806,21136.3,21136.3,,2867.0,2032.0,,,,
60009235,442.0,442.0,,49.0,84.0,,,,0.147
60009608,19408.7,19408.7,,1223.0,1238.0,,,,
60009902,6350.0,6350.0,,280.0,457.0,,,,0.126
60009917,11654.3,11654.3,,736.0,912.0,,,,
60009945,6386.3,6386.3,,427.0,476.0,,,,
60009974,7363.3,7363.3,,406.0,498.0,36.3,44.7,49.7,
60010054,17843.3,17843.3,,1359.0,1308.0,,,,
60010099,8525.0,8525.0,,512.0,661.0,,,,
60010184,13512.9,14222.0,11740.0,1249.0,967.0,,,,
60010264,13114.7,13114.7,,1459.0,911.0,,,,
60010410,983.4,983.4,,139.0,115.0,32.3,39.2,44.3,
60011168,15757.3,15757.3,,1213.0,1104.0,,,,
60011184,3068.0,3068.0,,350.0,263.0,34.6,44.0,49.1,
60011240,14813.3,14813.3,,798.0,1232.0,,,,
60011674,12804.0,12804.0,,815.0,934.0,44.2,51.5,56.6,
60011761,4018.0,4018.0,,301.0,397.0,43.0,49.3,54.0,
60012003,12838.0,12838.0,,976.0,1038.0,,,,
60012453,13393.7,13393.7,,1076.0,1370.0,,,,
60012845,78.0,78.0,,7.0,9.0,16.1,26.7,31.9,
60013086,7205.3,7205.3,,585.0,1145.0,56.2,64.4,69.9,
60013497,2251.0,2251.0,,206.0,198.0,36.2,44.6,49.9,
60013644,403.0,403.0,,29.0,39.0,24.1,34.5,41.2,
60013885,3538.0,3538.0,,432.0,228.0,35.7,44.4,49.7,
60014007,3829.0,3829.0,,320.0,328.0,34.2,42.9,47.5,
60014168,24031.0,24031.0,,1634.0,1545.0,,,,
60014432,14514.3,14514.3,,1043.0,1120.0,,,,
60014518,4893.0,4893.0,,285.0,371.0,,,,
60015505,14277.0,14277.0,,1275.0,1368.0,47.9,59.1,68.1,
60015569,4442.0,4442.0,,374.0,380.0,35.7,43.5,48.8,
60015836,1210.3,1210.3,,66.0,106.0,31.1,38.9,43.7,
60015951,7825.1,8030.2,7312.5,458.0,547.0,,,,0.101
60016395,14091.0,14091.0,,834.0,1606.0,,,,
60016408,15159.3,15159.3,,918.0,1651.0,,,,
60016722,8535.7,8535.7,,725.0,569.0,,,,
60016775,25970.3,25970.3,,1473.0,1586.0,60.7,71.6,78.3,
60016882,2784.0,2784.0,,344.0,133.0,,,,
60016980,7752.7,7752.7,,445.0,603.0,,,,
60016996,1838.0,1838.0,,171.0,147.0,46.7,62.2,69.0,
60017064,3716.3,3716.3,,182.0,379.0,,,,
60017386,453.0,453.0,,32.0,40.0,36.4,47.9,53.7,
60017440,4647.3,4647.3,,430.0,371.0,,,,
60017523,5554.3,5554.3,,369.0,532.0,,,,
60017836,12615.3,12615.3,,941.0,1105.0,,,,
60017860,12036.7,12036.7,,880.0,960.0,,,,
60017912,8155.5,8155.5,,803.0,1079.0,43.5,49.5,54.4,
60017968,18902.7,18902.7,,1712.0,1841.0,,,,
60019251,8011.3,8011.3,,909.0,608.0,,,,
60019306,3015.3,3015.3,,126.0,381.0,,,,
60019654,29249.7,29249.7,,1723.0,1769.0,,,,
60020311,3015.3,3015.3,,126.0,381.0,,,,
60021320,4860.0,4860.0,,193.0,337.0,,,,
60021558,9286.7,9286.7,,789.0,621.0,,,,
60021690,7726.0,7726.0,,536.0,555.0,,,,
60021854,5123.7,5123.7,,589.0,439.0,,,,
60022041,11844.0,11844.0,,958.0,900.0,,,,
60022116,12718.7,12718.7,,835.0,1010.0,,,,
60022148,3348.0,3348.0,,139.0,425.0,,,,
60022163,449.0,449.0,,71.0,21.0,,,,
60022202,5952.0,5952.0,,413.0,488.0,,,,
60022276,4183.7,4183.7,,307.0,395.0,,,,
60022291,14364.7,14364.7,,798.0,1109.0,,,,
60022523,12125.7,12876.8,10248.0,1166.0,827.0,51.1,58.7,63.5,
60023514,28593.3,28593.3,,2348.0,2231.0,,,,
60023807,12581.0,12581.0,,694.0,787.0,,,,
60024482,8378.3,8378.3,,1474.0,635.0,,,,
60024546,16486.0,16486.0,,2155.0,787.0,,,,
60024618,23341.0,23341.0,,1684.0,1818.0,,,,
60024835,18388.0,18388.0,,1197.0,1376.0,,,,
60025077,9853.3,9853.3,,900.0,946.0,,,,
60025312,29357.0,29357.0,,1940.0,1938.0,,,,
60025367,6844.0,6844.0,,723.0,421.0,,,,
60025632,14727.3,14727.3,,881.0,1814.0,,,,
60025665,16828.3,16828.3,,1118.0,1657.0,,,,
60026159,30351.0,30351.0,,1816.0,1787.0,,,,
60026456,936.0,936.0,,86.0,109.0,45.0,54.6,63.3,
60027092,27367.7,27367.7,,2300.0,2358.0,,,,
60027631,594.0,594.0,,48.0,56.0,40.3,49.8,54.5,
60027955,41704.0,41704.0,,3118.0,3034.0,,,,
60028373,8074.0,8959.4,5860.5,843.0,610.0,,,,
60028601,19200.7,19200.7,,1354.0,1716.0,,,,
60028667,18808.7,18808.7,,1718.0,1404.0,,,,
60028766,3266.0,3591.4,2452.5,303.0,293.0,,,,0.113
60029028,7134.0,7134.0,,390.0,521.0,,,,
60029093,5739.3,5739.3,,352.0,360.0,,,,
60029462,29295.3,29295.3,,1707.0,2271.0,,,,
60029515,1274.3,1274.3,,101.0,112.0,27.4,34.4,39.3,
60029806,22135.0,22135.0,,2055.0,1489.0,,,,
60029870,8719.0,8719.0,,718.0,574.0,,,,
60029885,25409.3,25409.3,,1397.0,1665.0,51.2,61.4,67.6,
60029920,8476.0,8476.0,,433.0,536.0,,,,
60029963,23567.0,23567.0,,1298.0,1787.0,,,,
60030123,19768.3,19768.3,,1147.0,1073.0,38.6,52.1,59.8,
60030202,15505.3,15505.3,,878.0,1444.0,,,,
60030508,4552.7,4552.7,,547.0,384.0,,,,
60030523,23587.7,23587.7,,1407.0,1422.0,,,,
60030538,185.0,185.0,,19.0,25.0,20.7,29.1,34.5,
60030555,24515.3,24515.3,,1324.0,1723.0,,,,
60030570,24573.7,24573.7,,1724.0,1979.0,,,,
60030936,3702.0,3702.0,,173.0,246.0,33.5,41.9,47.1,
60031165,24067.0,24067.0,,1772.0,2023.0,,,,
60031362,41218.3,41218.3,,3184.0,2789.0,,,,
60031445,22855.0,22855.0,,2538.0,2368.0,,,,
60031567,5124.3,5124.3,,544.0,449.0,,,,
60031704,14478.3,14478.3,,1653.0,883.0,,,,
60031852,20666.7,20666.7,,2151.0,1480.0,,,,
60031897,4325.3,4325.3,,317.0,364.0,,,,
60031914,12195.3,12195.3,,879.0,1234.0,51.8,59.7,66.1,
60031970,54.0,54.0,,6.0,5.0,28.3,34.2,37.8,
60031984,93.0,93.0,,9.0,16.0,24.1,34.3,39.4,
60032107,100.0,100.0,,12.0,14.0,16.3,24.8,28.8,
60032162,4694.0,4694.0,,277.0,475.0,,,,
60032177,15005.0,15005.0,,894.0,1586.0,,,,
60032460,6547.0,6547.0,,379.0,544.0,,,,
60032913,2445.7,2445.7,,185.0,213.0,,,,
60032937,18027.7,18027.7,,1105.0,1298.0,,,,
60032950,1259.5,1259.5,,90.0,102.0,35.0,44.4,49.4,
60033038,43.0,43.0,,2.0,7.0,19.5,29.8,39.7,
60033302,1880.0,1880.0,,247.0,138.0,29.0,34.9,39.5,
60033334,14646.7,14646.7,,969.0,1136.0,,,,
60033595,1084.0,1084.0,,121.0,119.0,32.1,39.9,46.4,
60033610,9932.4,10443.4,8655.0,665.0,730.0,,,,
60033668,1121.3,1121.3,,91.0,104.0,36.3,44.9,53.1,
60033700,929.0,929.0,,75.0,100.0,38.3,46.1,51.2,
60033962,1991.7,1991.7,,240.0,201.0,36.9,44.7,49.6,
60034060,4618.6,4816.4,4124.0,438.0,388.0,,,,0.037
60034814,13329.0,13329.0,,659.0,1239.0,,,,
60034974,632.0,632.0,,49.0,95.0,38.9,48.0,53.5,
60035697,8710.7,8710.7,,1844.0,589.0,,,,
60035896,826.5,826.5,,173.0,127.0,29.8,34.9,39.2,
60036111,2846.3,3237.2,1869.0,250.0,242.0,,,,0.134
60036501,11486.0,11486.0,,993.0,1006.0,,,,
60037003,935.0,935.0,,49.0,70.0,48.1,56.4,62.6,
60037209,8255.7,8255.7,,716.0,625.0,,,,
60037324,3517.0,3517.0,,267.0,356.0,32.3,38.7,43.1,
60037735,14945.3,14945.3,,1079.0,1170.0,,,,
60037961,7813.0,8319.8,6546.0,477.0,856.0,,,,
60037979,1112.0,1112.0,,90.0,124.0,45.9,57.4,63.2,
60038007,2139.0,2139.0,,122.0,223.0,47.7,58.7,64.6,
60038361,14445.3,14445.3,,1237.0,1125.0,,,,
60038751,3597.3,3597.3,,349.0,223.0,,,,
60038760,25562.0,25562.0,,1684.0,1970.0,,,,
60039108,17550.7,17550.7,,1201.0,1418.0,,,,
60039136,35376.3,35376.3,,2576.0,2853.0,47.0,56.1,60.0,
60039327,23515.0,23515.0,,1602.0,1800.0,54.3,63.9,69.0,
60039430,10687.7,10687.7,,888.0,850.0,,,,
60040081,1215.0,1215.0,,234.0,157.0,38.4,48.5,53.9,
60040144,11178.0,11178.0,,836.0,1094.0,,,,
60040206,17632.3,17632.3,,1599.0,1182.0,60.9,68.8,73.7,
60040243,8050.7,8050.7,,662.0,553.0,60.9,68.9,73.9,
60040258,15040.7,15040.7,,1058.0,1153.0,,,,
60040275,17983.3,17983.3,,1808.0,1293.0,,,,
60040491,274.0,274.0,,24.0,27.0,37.1,48.7,54.6,
60040504,10708.5,10708.5,,911.0,777.0,47.3,53.3,59.0,
60040570,1633.0,1633.0,,70.0,184.0,,,,
60040633,2004.0,2004.0,,242.0,166.0,28.5,34.3,37.8,
60040761,943.0,943.0,,103.0,89.0,35.8,46.2,51.9,
60040776,27001.5,27001.5,,1480.0,1857.0,51.8,62.4,69.3,
60041097,18533.0,18533.0,,1091.0,1336.0,43.8,52.4,57.6,
60041122,12972.0,12972.0,,867.0,993.0,57.6,66.8,72.4,
60041204,35092.0,35092.0,,2361.0,2555.0,53.8,63.8,69.8,
60041364,2917.7,2917.7,,345.0,215.0,,,,
60041613,3468.7,3468.7,,250.0,308.0,43.2,53.2,59.0,
60041651,1477.5,1477.5,,129.0,132.0,28.4,35.0,39.4,
60041741,1445.3,1445.3,,111.0,109.0,,,,
60041787,12985.3,12985.3,,1286.0,997.0,,,,
60041804,4911.0,4911.0,,278.0,512.0,,,,
60041873,3431.7,3431.7,,279.0,331.0,,,,0.121
60041921,5385.0,5385.0,,414.0,423.0,58.9,71.5,76.8,
60041983,5865.7,5865.7,,514.0,614.0,62.3,69.1,74.7,
60042092,18575.0,18575.0,,1044.0,2380.0,,,,
60042118,20514.3,20514.3,,2641.0,1127.0,,,,
60042142,1646.5,1646.5,,120.0,242.0,31.2,37.8,39.9,
60042155,27562.0,27562.0,,2258.0,2216.0,57.4,66.4,72.1,
60042342,11909.1,12495.6,10443.0,819.0,1171.0,,,,
60042473,12448.7,12448.7,,575.0,1236.0,,,,
60042516,7617.7,7617.7,,853.0,589.0,,,,
60042531,7248.7,7989.2,5397.5,695.0,970.0,,,,
60042721,10214.0,10214.0,,812.0,869.0,61.0,69.3,76.9,
60042736,1103.7,1103.7,,145.0,115.0,36.3,43.8,48.6,
60043402,17902.3,17902.3,,946.0,2204.0,,,,
60043469,654.0,654.0,,59.0,62.0,32.5,42.1,48.2,
60043483,1281.3,1281.3,,80.0,120.0,29.5,38.8,44.2,
60043530,10147.7,10147.7,,954.0,695.0,,,,
60043573,2153.0,2153.0,,137.0,222.0,44.4,52.9,58.1,
60043588,923.0,923.0,,193.0,131.0,29.1,37.5,39.9,
60043601,589.0,589.0,,77.0,69.0,35.8,44.2,49.7,
60043766,38551.7,38551.7,,2180.0,3063.0,45.2,53.6,58.8,
60043907,13276.7,13276.7,,943.0,1026.0,,,,
60043977,209.0,209.0,,21.0,18.0,36.4,47.9,52.0,
60044035,10989.0,10989.0,,611.0,1218.0,,,,
60044076,1591.3,1591.3,,115.0,133.0,40.5,48.6,53.7,
60044104,9049.3,9049.3,,992.0,912.0,64.8,72.7,78.5,
60044132,5288.3,5288.3,,544.0,409.0,,,,
60044206,19817.3,19817.3,,1216.0,1176.0,51.7,64.2,69.7,
60044251,11785.3,11785.3,,1096.0,1015.0,,,,
60044296,15698.7,15698.7,,942.0,1204.0,,,,
60044941,10893.0,10893.0,,827.0,904.0,62.6,71.5,77.3,
60044971,12332.0,12332.0,,819.0,1053.0,57.9,67.0,72.9,
60045019,6489.5,6489.5,,428.0,557.0,49.0,58.9,64.8,
60045128,20167.0,20167.0,,1388.0,1479.0,59.7,69.0,74.5,
60045600,12672.0,12672.0,,869.0,843.0,45.4,53.5,59.0,
60045799,4824.5,4824.5,,305.0,331.0,29.8,38.3,43.2,
60045952,27894.0,27894.0,,1921.0,1919.0,,,,
60045967,11384.0,11384.0,,791.0,1089.0,,,,
60045985,4423.0,4423.0,,346.0,397.0,,,,
60045998,17252.7,17252.7,,1557.0,1374.0,,,,
60046323,2703.0,2703.0,,193.0,263.0,37.3,44.3,48.9,
60046341,10658.7,10658.7,,897.0,701.0,,,,
60046415,17434.3,17434.3,,1052.0,1551.0,,,,
60046595,6491.0,6491.0,,767.0,656.0,,,,
60046784,4345.0,4345.0,,247.0,444.0,,,,
60046799,3754.0,3754.0,,355.0,379.0,,,,
60046814,20086.6,21210.8,17276.0,1778.0,1559.0,,,,
60046929,4558.0,4558.0,,409.0,398.0,41.7,51.3,57.2,
60047068,17525.0,17525.0,,1209.0,1242.0,,,,
60047083,1660.0,1660.0,,204.0,221.0,42.5,49.8,54.7,
60047101,22026.3,22026.3,,1396.0,1369.0,,,,
60047129,1666.5,1666.5,,266.0,172.0,36.5,44.8,49.9,
60047437,21397.0,21397.0,,1785.0,1281.0,,,,
60048054,12636.3,12636.3,,1009.0,1208.0,,,,
60048067,14776.3,14776.3,,1222.0,1074.0,,,,
60048164,6690.0,6690.0,,380.0,508.0,35.1,43.4,49.3,
60048180,10093.3,10093.3,,707.0,849.0,51.9,59.1,64.5,
60048206,14828.7,14828.7,,898.0,1230.0,,,,
60048262,16303.3,16303.3,,1207.0,1149.0,,,,
60048356,24170.0,24170.0,,1441.0,2266.0,,,,
60048369,3639.0,3639.0,,175.0,289.0,,,,
60048388,2096.0,2096.0,,186.0,317.0,35.1,43.4,48.2,
60048424,9253.0,9253.0,,762.0,815.0,46.8,54.3,59.4,
60048454,19650.0,19650.0,,973.0,1447.0,,,,
60048522,14881.0,14881.0,,1247.0,1446.0,,,,
60048658,2462.0,2462.0,,222.0,312.0,35.5,41.7,44.6,
60048673,5204.0,5204.0,,374.0,405.0,41.0,48.2,52.7,
60048688,7168.0,7168.0,,629.0,656.0,39.4,47.5,52.0,
60048705,7052.0,7052.0,,629.0,627.0,42.6,49.2,54.0,
60048786,1068.0,1068.0,,104.0,71.0,31.2,42.0,46.8,
60048803,2868.3,2868.3,,218.0,318.0,39.4,48.3,54.6,
60048820,1987.0,1987.0,,101.0,231.0,32.4,41.2,44.9,
60048998,3266.3,3266.3,,289.0,294.0,37.9,46.4,51.5,
60049023,3427.0,3427.0,,244.0,301.0,36.8,44.5,49.3,
60049065,1075.0,1075.0,,61.0,98.0,39.0,48.8,54.2,
60049108,406.0,406.0,,34.0,42.0,30.7,43.6,49.8,
60049123,4276.0,4276.0,,431.0,454.0,37.8,47.2,52.8,
60049138,28385.0,28385.0,,1848.0,1833.0,50.8,61.5,67.3,
60049151,874.7,874.7,,95.0,123.0,31.1,38.1,41.8,
60049166,1324.0,1324.0,,109.0,131.0,31.3,39.3,43.9,
60049294,1214.0,1214.0,,87.0,118.0,38.2,47.6,52.9,
60049311,1314.5,1314.5,,115.0,107.0,35.3,44.6,49.7,
60049394,13889.0,13889.0,,1093.0,1136.0,54.0,64.1,71.8,
60049449,1738.0,1738.0,,141.0,182.0,,,,
60049533,5587.3,5587.3,,617.0,561.0,34.3,40.0,44.4,
60049594,11623.0,11623.0,,843.0,902.0,,,,
60049609,22315.7,22315.7,,2132.0,1500.0,,,,
60049718,18576.0,18576.0,,1502.0,1880.0,,,,
60049735,14527.3,14527.3,,1180.0,1095.0,,,,
60049750,17624.0,17624.0,,1212.0,1885.0,,,,
60049780,9040.7,9040.7,,562.0,759.0,43.3,52.3,57.8,
60049821,13038.7,13038.7,,853.0,1030.0,,,,
60049856,16755.3,16755.3,,1112.0,1292.0,,,,
60049912,11660.3,12283.6,10102.0,988.0,1025.0,,,,
60049942,1551.7,1551.7,,151.0,142.0,,,,
60050346,1788.3,1788.3,,147.0,131.0,,,,
60050361,15515.7,15515.7,,845.0,1398.0,,,,
60050430,6649.6,6654.0,6638.5,625.0,405.0,,,,
60050447,9388.7,9388.7,,535.0,832.0,,,,
60050487,1781.0,1781.0,,194.0,145.0,30.7,40.0,44.5,
60050534,11669.3,11945.0,10980.0,1054.0,765.0,,,,
60050579,9278.7,9278.7,,980.0,984.0,,,,
60050707,39024.0,39024.0,,3191.0,2735.0,,,,
60050735,5798.7,5798.7,,351.0,481.0,,,,
60050780,27354.0,27354.0,,1559.0,1950.0,62.6,72.6,78.6,
60050825,2312.0,2312.0,,160.0,244.0,41.2,49.0,54.2,
60050853,16354.0,17496.0,13499.0,1220.0,1290.0,,,,
60051012,170.0,170.0,,24.0,22.0,22.1,29.8,36.8,
60051036,651.3,651.3,,47.0,53.0,36.2,43.9,49.1,
60051209,10081.7,10081.7,,794.0,679.0,,,,
60051344,40481.3,40481.3,,2937.0,3865.0,,,,
60051372,8735.3,8735.3,,770.0,726.0,44.0,52.3,56.9,
60051390,17373.7,17373.7,,991.0,1752.0,,,,
60051437,15014.3,15014.3,,1407.0,1043.0,,,,
60051468,9553.7,10908.4,6167.0,763.0,1056.0,,,,
60051538,15612.0,15612.0,,1847.0,1304.0,,,,
60051759,19024.3,19024.3,,1582.0,1606.0,,,,
60051793,18479.7,18479.7,,846.0,1874.0,,,,
60051817,2661.0,2661.0,,216.0,229.0,,,,
60052069,8214.0,8214.0,,673.0,845.0,38.6,47.9,53.8,
60052195,138.0,138.0,,13.0,17.0,31.6,42.3,49.4,
60052219,313.5,313.5,,11.0,45.0,37.7,47.4,52.7,
60052230,18464.0,18464.0,,1599.0,1571.0,51.4,58.8,63.8,
60052662,1359.0,1359.0,,100.0,99.0,,,,
60052678,21177.0,21177.0,,1679.0,1995.0,,,,
60052889,871.0,871.0,,67.0,76.0,23.1,27.3,29.9,
60053136,129.0,129.0,,12.0,23.0,27.3,37.2,41.9,
60053426,2496.0,2496.0,,183.0,251.0,38.8,46.9,51.8,
60053611,8825.3,8825.3,,928.0,637.0,,,,
60053654,5468.0,5468.0,,273.0,451.0,49.3,56.1,59.8,
60053746,12976.0,12976.0,,760.0,1120.0,55.2,63.4,68.8,
60053790,10727.0,10727.0,,703.0,861.0,54.9,64.1,69.7,
60053984,18876.3,18876.3,,1450.0,1651.0,,,,
60054105,6746.7,6746.7,,529.0,638.0,46.5,54.7,61.9,
60054118,2275.0,2275.0,,145.0,228.0,36.3,43.5,48.5,
60054147,327.0,327.0,,33.0,26.0,22.2,33.1,37.7,
60054339,8948.7,8948.7,,908.0,930.0,50.4,59.5,66.3,
60054730,964.0,964.0,,134.0,130.0,41.4,49.7,54.6,
60055047,4372.3,4372.3,,401.0,407.0,,,,
60055092,304.3,304.3,,23.0,26.0,31.4,40.0,44.6,
60055148,13795.0,13795.0,,931.0,964.0,49.1,56.6,61.6,
60055236,12895.7,12895.7,,808.0,1132.0,,,,
60055251,18585.7,18585.7,,1151.0,1443.0,,,,
60055288,5272.0,5272.0,,413.0,490.0,45.0,52.3,56.9,
60055325,1470.7,1470.7,,179.0,130.0,,,,
60055880,16877.7,16877.7,,737.0,1675.0,,,,
60055897,8345.8,8345.8,,466.0,518.0,32.3,44.2,51.5,
60056064,17502.0,17502.0,,1524.0,1143.0,,,,
60056094,3769.5,3769.5,,430.0,309.0,43.2,49.7,54.6,
60056212,1106.0,1106.0,,258.0,84.0,33.4,41.3,44.7,
